年度,管制編號,事業名稱,事業統編,直接排放量(公噸CO2e),能源間接排放量(公噸CO2e),合計排放量(公噸CO2e),縣市別,行業分類,地址,緯度,經度
113,B2311535,台灣康寧顯示玻璃股份有限公司,4388145,"38,951.0667","287,077.0164","326,028.083",臺中市,其他非金屬礦物製品製造業,407台灣臺中市西屯區科園路1號,24.2012912,120.6177527
113,B2313762,宏全國際股份有限公司台中二廠,58176511,630.7632,"31,376.1456","32,006.909",臺中市,塑膠製品製造業,435台灣臺中市梧棲區大業路6號,24.234655,120.513785
113,B2313780,友達光電股份有限公司台中廠,84149738,"18,663.4376","811,175.6329","829,839.071",臺中市,光電材料及元件製造業,421台灣臺中市后里區馬場路1號,24.2954401,120.7268487
113,B23A2532,亞東工業氣體股份有限公司-中科園區分公司,22522453,2.6947,"54,319.5477","54,322.242",臺中市,未分類其他化學製品製造業,428台灣臺中市大雅區科雅東路19號,24.2094541,120.6228732
113,B23B6125,台灣積體電路製造股份有限公司十五B廠,22099131,"179,189.8553","1,564,512.2181","1,743,702.073",臺中市,半導體製造業,407台灣台中市西屯区新科路1號,24.2118688,120.6086166
113,B24A7498,大立光電股份有限公司精密機械園區廠,22480876,367.2189,"40,124.0882","40,491.307",臺中市,光學儀器及設備製造業,408台灣臺中市南屯區精科路11號,24.1473235,120.6042492
113,B24B8988,大立光電股份有限公司七廠,22480876,.4005,"73,630.1959","73,630.596",臺中市,光學儀器及設備製造業,408台灣臺中市南屯區精科路13號,24.1478905,120.6054873
113,B24B8998,大立光電股份有限公司七之一廠,22480876,214.1421,"50,404.8481","50,618.99",臺中市,光學儀器及設備製造業,408台灣臺中市南屯區精科路13號,24.1478905,120.6054873
113,B9100709,華新麗華股份有限公司台中不銹鋼廠,35412204,"41,533.9532","39,311.664","80,845.617",臺中市,金屬加工處理業,435台灣臺中市梧棲區經三路57號,24.2469644,120.5116444
113,B9101742,立安東化工股份有限公司台中廠,20939460,"49,902.3108","7,292.7744","57,195.085",臺中市,化學原材料製造業,435台灣梧棲區南堤路,24.2666702,120.4998349
113,B9110385,昇陽國際半導體股份有限公司中港廠,84149884,"2,857.1083","6,158.9455","9,016.054",臺中市,半導體製造業,435台灣臺中市梧棲區建七路2號,24.2396843,120.5165151
113,B9200124,友達晶材股份有限公司后里廠,24410807,20.2604,"15,290.0322","15,310.293",臺中市,光電材料及元件製造業,421台灣臺中市后里區后科路二段335號,24.3204118,120.7289226
113,B9202664,台灣美光記憶體股份有限公司台中二廠,28518076,"11,978.0914","151,053.2654","163,031.357",臺中市,半導體製造業,421台灣台中市后里区后科南路88號A棟,24.3172929,120.7253056
113,B9205905,台灣美光記憶體股份有限公司台中三廠,28518076,"62,578.4359","335,944.0137","398,522.45",臺中市,半導體製造業,421台灣臺中市后里區三豐路四段369號,24.3185835,120.7247905
113,B9501153,聯亞科技股份有限公司中科聯豐工廠,22099456,9.6309,"55,145.5392","55,155.17",臺中市,化學原材料製造業,428台灣臺中市大雅區科雅二路6-1號,24.2168011,120.6217974
113,B9502212,矽品精密工業股份有限公司中科廠,55991080,"3,641.3044","196,673.6798","200,314.984",臺中市,半導體製造業,428台灣台中市大雅区科雅路19號 自科雅五路”創新門”入廠,24.2247991,120.6269357
113,B9503291,亞東工業氣體股份有限公司中科園區分公司二廠,22522453,3.3576,"71,348.7552","71,352.113",臺中市,化學原材料製造業,428台灣臺中市大雅區科雅東路19號,24.2094541,120.6228732
113,B9503479,台灣積體電路製造股份有限公司先進封測五廠,22099131,"1,975.3431","47,386.9562","49,362.299",臺中市,半導體製造業,428台灣臺中市大雅區科雅西路5號B2樓,24.2144667,120.6178843
113,B9503488,晶元光電股份有限公司H1廠,84149786,"1,448.6114","14,325.3948","15,774.006",臺中市,光電材料及元件製造業,428台灣臺中市大雅區科雅路22號,24.2237997,120.6285947
113,C1400170,台灣電力股份有限公司協和發電廠,3795904,"2,228,812.9712",481.4702,"2,229,294.441",基隆市,電力供應業,203台灣基隆市中山區文化路80號,25.1534456,121.7348548
113,C1500291,亞昕科技股份有限公司基隆廠,51158518,125.0864,"9,412.3128","9,537.399",基隆市,其他電子零組件製造業,"No. 28-1號, 武訓街安樂區基隆市台灣 204",25.1426553,121.7014763
113,D0300727,南茂科技股份有限公司台南二廠,16130042,338.3654,"39,895.44","40,233.805",臺南市,半導體製造業,744台灣臺南市新市區南科七路3號,23.1107178,120.2778695
113,D0301680,瀚宇彩晶南科觸控感應器廠,16450500,7.3629,"1,238.5658","1,245.929",臺南市,光電材料及元件製造業,741台灣臺南市新市區南科二路35號,23.09469,120.2800349
113,D0302141,聯華電子股份有限公司Fab12A廠第二廠區,47217677,"33,443.989","331,672.0319","365,116.021",臺南市,半導體製造業,744台灣臺南市新市區南科二路18號,23.0956627,120.2790714
113,D0306069,聯亞科技股份有限公司樹谷工廠,22099456,61.6867,"166,088.178","166,149.865",臺南市,化學原材料製造業,744台灣臺南市新市區風鈴路18號,23.0968578,120.2564047
113,D0402208,台灣積體電路製造股份有限公司十八廠一期,22099131,"48,251.5684","538,175.808","586,427.376",臺南市,半導體製造業,745台灣臺南市安定區北園二路20號,23.1179671,120.2627152
113,D0402431,台灣積體電路製造股份有限公司十八廠二期,22099131,"58,006.0267","478,201.536","536,207.563",臺南市,半導體製造業,745台灣臺南市安定區北園二路20號,23.1179671,120.2627152
113,D0402815,台灣積體電路製造股份有限公司十八廠六期,22099131,"43,851.4279","383,157.0185","427,008.446",臺南市,半導體製造業,745台灣臺南市安定區北園二路20號,23.1179671,120.2627152
113,D0402824,台灣積體電路製造股份有限公司十八廠五期,22099131,"48,275.8872","405,333.0683","453,608.956",臺南市,半導體製造業,745台灣臺南市安定區北園二路20號,23.1179671,120.2627152
113,D0402833,台灣積體電路製造股份有限公司十八廠四期,22099131,"45,198.9008","375,756.1501","420,955.051",臺南市,半導體製造業,745台灣臺南市安定區北園二路20號,23.1179671,120.2627152
113,D0402904,台灣積體電路製造股分有限公司18廠三期,22099131,"52,727.3308","455,692.224","508,419.555",臺南市,半導體製造業,745台灣臺南市安定區北園二路20號,23.1179671,120.2627152
113,D0403385,三福氣體股份有限公司南科分公司南科8廠,11072509,278.9243,"179,796.0054","180,074.93",臺南市,化學原材料製造業,745台灣臺南市安定區北園三路10號,23.1229044,120.2624825
113,D0403492,台灣積體電路製造股份有限公司十八廠七期,22099131,"49,622.0401","358,455.9398","408,077.98",臺南市,半導體製造業,745台灣臺南市安定區北園二路8號,23.117125,120.2632873
113,D32A0393,安瀚視特股份有限公司台南第二工廠,70781345,"3,600.6045","9,541.269","13,141.874",臺南市,玻璃及其製品製造業,70955台灣臺南市安南區工業三路8號,23.0324796,120.1557208
113,D32A6282,聯合再生能源股份有限公司台南廠,27763753,405.4517,"20,063.472","20,468.924",臺南市,光電材料及元件製造業,709台灣臺南市安南區本田路二段518 號,23.0396329,120.1580133
113,D32A8713,可成科技股份有限公司南科工廠,69905810,"1,058.695","8,896.032","9,954.727",臺南市,鋁製造業,710台灣臺南市永康區仁愛街398號,23.0522247,120.2436
113,D32A9989,亞東工業氣體股份有限公司台南廠,22522453,"7,492.0623","23,056.1184","30,548.181",臺南市,化學原材料製造業,710台灣台灣省永康區中正北路837號,23.0531888,120.2692326
113,D32B4906,友達光電股份有限公司台南廠,84149738,159.1882,"14,284.7726","14,443.961",臺南市,光電材料及元件製造業,709台灣臺南市安南區科技一路36號,23.0384416,120.1477481
113,D9000120,精金科技股份有限公司,70750217,"5,356.271","42,560.6268","47,916.898",臺南市,光電材料及元件製造業,741台灣臺南市善化區北園一路7號,23.1232374,120.2663966
113,D9000746,台灣積體電路製造股份有限公司十四B廠,22099131,"79,117.5987","670,424.0832","749,541.682",臺南市,半導體製造業,741台灣臺南市善化區南科九路17號,23.1116704,120.2671479
113,D9001396,台灣積體電路製造股份有限公司十四廠七期,22099131,"41,640.8457","325,098.7776","366,739.623",臺南市,半導體製造業,745台灣臺南市安定區北園二路8號,23.117125,120.2632873
113,D9006435,台灣積體電路製造股份有限公司先進封測二廠二期,22099131,"1,079.6514","37,704.3177","38,783.969",臺南市,半導體製造業,741台灣臺南市善化區南科北路1之1號,23.1098041,120.2712618
113,D9007601,台灣積體電路製造股份有限公司十四廠八期,22099131,"16,770.2464","155,746.8442","172,517.091",臺南市,半導體製造業,745台灣臺南市安定區北園二路8號,23.117125,120.2632873
113,D9008466,台灣積體電路製造股份有限公司十八廠八期,22099131,"50,604.0709","363,306.5696","413,910.641",臺南市,半導體製造業,745台灣臺南市安定區北園二路20號,23.1179671,120.2627152
113,D9008484,三福氣體股份有限公司南科分公司南科9廠,11072509,177.8339,"58,644.9191","58,822.753",臺南市,化學原材料製造業,741台灣臺南市善化區北園一路11號,23.1256763,120.2650569
113,D9703411,易昇鋼鐵股份有限公司官田廠,28098406,"21,823.5433","24,516.9622","46,340.506",臺南市,鋼鐵製造業,710台灣臺南市永康區正南一街200號,23.0281573,120.2250601
113,E1901105,台合科技股份有限公司,12691423,"61,774.3161","4,288.6396","66,062.956",高雄市,未分類其他化學製品製造業,832台灣高雄市林園區工業二路1-1號,22.5006235,120.4141427
113,E1902497,林園先進材料科技股份有限公司,42818882,"198,807.2976","22,130.1381","220,937.436",高雄市,石油及煤製品製造業,832台灣高雄市林園區石化四路1號,22.4863542,120.4087585
113,E2000554,錦州科技股份有限公司大發廠,53520959,"533,186.5692","2,520.2794","535,706.849",高雄市,化學原材料製造業,831台灣高雄市大寮區華西路8號,22.5751524,120.4229687
113,E2300675,亞東工業氣體股份有限公司大社廠,22522453,5.864,"52,137.3987","52,143.263",高雄市,化學原材料製造業,"539之5號, 三民路大社區高雄市台灣 815",22.7303411,120.3414474
113,E2301458,中國人造纖維股份有限公司汽電二廠,7066907,11.4253,"2,155.3161","2,166.741",高雄市,未分類其他製造業,815台灣高雄市大社區經建路8號,22.7247531,120.3360897
113,E2902160,群創光電股份有限公司T6廠,12800225,"3,313.2615","139,431.1031","142,744.365",高雄市,光電材料及元件製造業,821台灣高雄市路竹區路科十路11號,22.8392912,120.2518516
113,E2902964,友達光電股份有限公司高雄廠,84149738,190.02,"22,012.1888","22,202.209",高雄市,光電材料及元件製造業,821台灣高雄市路竹區路科三路9號,22.8383157,120.2588921
113,E2903416,華邦電子股份有限公司高雄廠,22099218,"14,297.3901","121,945.4517","136,242.842",高雄市,半導體製造業,821台灣高雄市路竹區路科五路35號,22.8362446,120.255735
113,E3000638,長輝事業股份有限公司,97140061,"17,134.0435","4,169.6642","21,303.708",高雄市,動植物油脂製造業,829台灣高雄市湖內區中山路一段110號,22.8795778,120.2518602
113,E4900397,台灣恩智浦半導體股份有限公司,89002500,883.0038,"23,397.3984","24,280.402",高雄市,半導體製造業,811台灣高雄市楠梓區經五路10號,22.7185572,120.3034181
113,E4900404,國巨股份有限公司楠梓分公司,70848556,"2,965.7155","41,301.2994","44,267.015",高雄市,被動電子元件製造業,811台灣高雄市楠梓區西三街16號,22.7190128,120.3011607
113,E4900753,楠梓電子股份有限公司,76026851,"2,197.5813","40,086.9585","42,284.54",高雄市,印刷電路板製造業,811台灣高雄市楠梓區開發路37號,22.7209306,120.3041153
113,E4900879,台灣福雷電子股份有限公司,22100242,"1,959.2416","50,696.997","52,656.239",高雄市,半導體製造業,811台灣高雄市楠梓區西五街10號,22.7218015,120.3013893
113,E4901947,華泰電子股份有限公司中三廠,89004161,295.6614,"35,818.3447","36,114.006",高雄市,其他電子零組件製造業,811台灣高雄市楠梓區中三街9號,22.7234709,120.3016867
113,E4905365,日月光半導體製造股份有限公司九廠,76027628,"1,016.8346","30,239.496","31,256.331",高雄市,半導體製造業,811台灣高雄市楠梓區經三路26號,22.7207233,120.3065475
113,E4906246,日月光半導體製造股份有限公司凸晶二廠,76027628,825.3854,"12,289.8366","13,115.222",高雄市,半導體製造業,811台灣高雄市楠梓區經三路26號,22.7207233,120.3065475
113,E4906835,日月光半導體製造股份有限公司十一廠,76027628,"3,492.0959","56,178.4238","59,670.52",高雄市,半導體製造業,811台灣高雄市楠梓區經三路26號,22.7207233,120.3065475
113,E49A1492,華泰電子股份有限公司經三廠,89004161,49.5895,"28,098.6418","28,148.231",高雄市,半導體製造業,811台灣高雄市楠梓區經三路80號,22.7233693,120.3051839
113,E49A5078,日月光半導體製造股份有限公司十二廠,76027628,168.7854,"35,814.8043","35,983.59",高雄市,半導體製造業,811台灣高雄市楠梓區經三路26號,22.7207233,120.3065475
113,E49A5692,日月光半導體製造股份有限公司二十一廠,76027628,"1,783.3016","37,878.6457","39,661.947",高雄市,半導體製造業,811台灣高雄市楠梓區經三路26號,22.7207233,120.3065475
113,E49A6412,台灣福雷電子股份有限公司三廠,22100242,49.3034,"43,568.6874","43,617.991",高雄市,半導體製造業,815台灣高雄市大社區三中路385號,22.7302142,120.3426836
113,E49A6630,日月光半導體製造股份有限公司二十二廠,76027628,"2,091.9007","46,517.7684","48,609.669",高雄市,半導體製造業,811台灣高雄市楠梓區經三路26號,22.7207233,120.3065475
113,E49A7579,日月光半導體製造股份有限公司五廠,76027628,74.0932,"22,764.1044","22,838.198",高雄市,半導體製造業,811台灣高雄市楠梓區經三路26號,22.7207233,120.3065475
113,E49A9852,日月光半導體製造股份有限公司二十四廠,76027628,138.1756,"39,619.0234","39,757.199",高雄市,半導體製造業,811台灣高雄市楠梓區經三路26號,22.7207233,120.3065475
113,E5400878,台灣電力股份有限公司南部發電廠,3795904,"3,370,116.996",397.5912,"3,370,514.587",高雄市,電力供應業,806台灣高雄市前鎮區成功二路5號,22.601544,120.3019432
113,E5402523,華東科技股份有限公司B10廠,22101116,"2,628.2625","56,919.3025","59,547.565",高雄市,半導體製造業,806台灣高雄市前鎮區北一路18號,22.6059971,120.287926
113,E5408338,華新科技股份有限公司高雄南一廠,19004316,"1,415.6824","23,325.3504","24,741.033",高雄市,被動電子元件製造業,806台灣高雄市前鎮區南一路6號,22.5985608,120.2920028
113,E54A1352,頎邦科技股份有限公司南六廠,16130009,506.3507,"22,610.3688","23,116.72",高雄市,半導體製造業,806台灣高雄市前鎮區南六路5號,22.591249,120.295106
113,E54A4603,頎邦科技股份有限公司南一廠,16130009,226.6111,"22,607.3352","22,833.946",高雄市,印刷電路板製造業,806台灣臺灣省前鎮區南一路11號,22.5979218,120.2912255
113,E54B0143,華新科技股份有限公司高雄東十五廠,19004316,"1,575.9339","32,702.7768","34,278.711",高雄市,被動電子元件製造業,806台灣高雄市前鎮區東十街1號,22.6055356,120.2903861
113,E5600056,台灣中油股份有限公司煉製事業部大林煉油廠,3707901,"2,521,031.8728","568,070.7783","3,089,102.651",高雄市,石油及煤製品製造業,812台灣高雄市小港區沿海四路50號,22.5290654,120.3472505
113,E5600092,中鋼鋁業股份有限公司,96971313,"56,879.7982","92,637.6777","149,517.476",高雄市,鋁製造業,812台灣高雄市小港區東林路17號,22.5421711,120.3737001
113,E5600136,台灣志氯化學股份有限公司?氯廠,22318516,92.3891,"127,803.9904","127,896.38",高雄市,化學原材料製造業,812台灣高雄市小港區中智街25號,22.5326798,120.3628366
113,E5600305,李長榮化學工業股份有限公司高雄廠,39054405,"20,445.932","55,023.5897","75,469.522",高雄市,化學原材料製造業,812台灣高雄市小港區中林路3號,22.5383366,120.3685808
113,E5600332,協勝發鋼鐵廠股份有限公司,79254702,"77,806.8823","174,113.2066","251,920.089",高雄市,鋼鐵製造業,812台灣高雄市小港區光陽街7號,22.5593181,120.3655639
113,E5600369,東和鋼鐵企業股份有限公司高雄廠,75280209,"18,621.7706","10,544.0579","29,165.829",高雄市,鋼鐵製造業,812台灣高雄市小港區嘉興街8號,22.5619942,120.3634959
113,E5600501,海光企業股份有限公司,75470524,"28,237.8123","89,629.334","117,867.146",高雄市,鋼鐵製造業,812台灣高雄市小港區沿海二路12號,22.550625,120.365646
113,E5600565,盛餘股份有限公司,79837539,"33,145.0799","49,308.638","82,453.718",高雄市,金屬加工處理業,812台灣高雄市小港區中林路11號,22.5370549,120.367025
113,E5600798,龍慶鋼鐵企業股份有限公司,85793919,"16,093.938","22,809.6384","38,903.576",高雄市,鋼鐵製造業,812台灣高雄市小港區利昌街4號,22.5540037,120.3649057
113,E5600841,中國鋼鐵股份有限公司,30414175,"17,535,246.9615","1,074,273.6057","18,609,520.567",高雄市,鋼鐵製造業,824台灣高雄市燕巢區中興路500號,22.7817815,120.3595665
113,E5600850,中國石油化學工業開發股份有限公司小港廠,3084741,"515,873.6917","114,996.6971","630,870.389",高雄市,化學原材料製造業,812台灣高雄市小港區中林路34號,22.5360641,120.3642442
113,E5600869,台灣糖業股份有限公司小港廠,3794905,"60,884.6552","2,520.9523","63,405.608",高雄市,其他食品製造業,812台灣高雄市小港區小港路133號,22.5621832,120.3390414
113,E5600896,台灣電力股份有限公司大林發電廠,3795904,"10,702,748.7067","2,435.2224","10,705,183.929",高雄市,電力供應業,812台灣高雄市小港區大林路3號,22.5308911,120.3366197
113,E5600930,台灣國際造船股份有限公司,4695235,"5,265.0711","16,415.568","21,680.639",高雄市,船舶及其零件製造業,812台灣高雄市小港區中鋼路3號,22.552346,120.3456189
113,E5601080,漢泰鋼鐵廠股份有限公司,75688109,"32,204.1078","13,861.5612","46,065.669",高雄市,其他基本金屬製造業,812台灣高雄市小港區世全路4號,22.5474714,120.3705687
113,E5601197,唐榮鐵工廠股份有限公司,75460005,"36,080.5163","59,364.1677","95,444.684",高雄市,鋼鐵製造業,812台灣高雄市小港區沿海二路4號,22.5451216,120.3703228
113,E5601437,中鋼碳素化學股份有限公司,23221384,"23,297.5095","56,755.8016","80,053.311",高雄市,化學原材料製造業,806台灣高雄市前鎮區成功二路88號,22.6050386,120.3019161
113,E5601697,中聯資源股份有限公司,86119908,"7,464.5286","18,973.7664","26,438.295",高雄市,其他非金屬礦物製品製造業,"802台灣高雄市前鎮區成功二路88號, 22",22.6048754,120.3017271
113,E5602934,中聯資源股份有限公司臨海廠,86119908,"15,934.7782","18,685.6488","34,620.427",高雄市,其他非金屬礦物製品製造業,812台灣高雄市小港區沿海三路友成巷,22.5336326,120.3756369
113,E5602952,海光企業股份有限公司嘉興鋼鐵廠,75470524,"28,664.4915","29,171.6185","57,836.11",高雄市,鋼鐵製造業,812台灣高雄市小港區嘉興街5號,22.5606958,120.3614081
113,E5603655,李長榮科技股份有限公司銅箔廠,97173920,156.4965,"51,851.7588","52,008.255",高雄市,金屬加工處理業,812台灣高雄市小港區中林路3之1號,22.5387067,120.3692556
113,E56A2617,尚承鋼鐵股份有限公司,27208480,"54,323.5292","51,940.7732","106,264.302",高雄市,鋼鐵製造業,812台灣高雄市小港區大業南路7號,22.5211979,120.3606376
113,E56A4792,中國鋼鐵股份有限公司第三冷軋廠,30414175,"50,852.7829","102,556.6012","153,409.384",高雄市,鋼鐵製造業,812台灣高雄市小港區茂大街5號,22.5549226,120.3626755
113,E56A7340,東和鋼鐵企業股份有限公司大業廠,75280209,"19,359.5771","12,021.0192","31,380.596",高雄市,鋼鐵製造業,812台灣高雄市小港區大業南路54號,22.5346298,120.3696159
113,E56B1498,環球橡膠股份有限公司小港廠,29058640,"6,502.321","89,328.5192","95,830.84",高雄市,塑膠及合成橡膠原料製造業,812台灣高雄市小港區中林路16號,22.5386186,120.368405
113,E56B6240,台灣三元能源科技股份有限公司高雄廠,90838471,"3,124.7714","28,438.1381","31,562.91",高雄市,電池製造業,812台灣高雄市小港區長春街16號,22.5632338,120.3444233
113,F0401403,德州儀器工業股份有限公司,33405832,156.2767,"40,694.2272","40,850.504",新北市,半導體製造業,235台灣新北市中和區興南路一段142號,24.9879947,121.5091465
113,F0500803,台灣通用器材股份有限公司,38119936,"2,882.4803","43,956.864","46,839.344",新北市,半導體製造業,23145台灣新北市新店區寶橋路233號,24.9789555,121.5513284
113,F0701702,南亞塑膠工業股份有限公司樹林廠,75370905,"54,298.533","38,769.6346","93,068.168",新北市,塑膠及合成橡膠原料製造業,238台灣新北市樹林區味王街55號,24.9734285,121.4044056
113,F07B5260,南亞電路板股份有限公司樹林一廠,16096804,"1,355.4334","72,638.8329","73,994.266",新北市,印刷電路板製造業,238台灣新北市樹林區味王街55號,24.9734285,121.4044056
113,F0801707,三洋窯業股份有限公司,34263157,"26,630.4944","8,757.0552","35,387.55",新北市,其他非金屬礦物製品製造業,23943台灣新北市鶯歌區八德路16號,24.9555063,121.3310637
113,F1304789,燿華電子股份有限公司土城二廠,5637971,"1,212.1169","41,744.4216","42,956.539",新北市,印刷電路板製造業,23680台灣新北市土城區中山路4巷3號,24.9596835,121.4134175
113,F1600491,南亞塑膠工業股份有限公司林口二廠,75370905,"21,107.8597","55,036.3097","76,144.169",新北市,塑膠製品製造業,243台灣新北市泰山區南林路102號,25.0447206,121.4069325
113,F1606662,南亞科技股份有限公司三廠,89390656,"37,972.9216","370,074.8453","408,047.767",新北市,半導體製造業,243台灣新北市泰山區南林路98號,25.0482461,121.4149629
113,F1700736,台灣電力股份有限公司林口發電廠,3795904,"15,671,965.7232","1,887.6576","15,673,853.381",新北市,電力供應業,244台灣新北市林口區106縣道139-1號,25.1194311,121.2986118
113,F2800075,台灣電力股份有限公司第二核能發電廠,3795904,"8,567.621","6,025.9724","14,593.593",新北市,電力供應業,207台灣新北市萬里區八斗60號,25.2063645,121.659595
113,G3200527,東南實業股份有限公司蘇澳總廠,11384405,"50,287.1562","6,631.6202","56,918.776",宜蘭縣,化學原材料製造業,270台灣宜蘭縣蘇澳鎮新城一路120號,24.6166221,121.819758
113,G3200778,台灣水泥股份有限公司蘇澳廠,11913502,"808,553.9746","51,334.1785","859,888.153",宜蘭縣,水泥及其製品製造業,270台灣宜蘭縣蘇澳鎮永昌路46號,24.5882824,121.8527153
113,G3200849,信大水泥股份有限公司南聖湖廠,3279507,"433,199.4523","32,821.9366","466,021.389",宜蘭縣,水泥及其製品製造業,270台灣宜蘭縣蘇澳鎮中山路二段235號,24.6097827,121.8261511
113,G32A0540,羅東鋼鐵廠股份有限公司煉鋼廠,42010509,"71,473.1271","97,634.4837","169,107.611",宜蘭縣,鋼鐵製造業,270台灣宜蘭縣蘇澳鎮德興一路57號,24.623783,121.8202667
113,G32A0609,燿華電子股份有限公司宜蘭廠,5637971,"3,046.2938","48,212.7962","51,259.09",宜蘭縣,印刷電路板製造業,27049台灣宜蘭縣蘇澳鎮頂平路36號,24.6398688,121.8362716
113,G3700791,臺灣化學纖維股份有限公司龍德廠,58650902,"1,044,325.6371","20,767.836","1,065,093.473",宜蘭縣,化學原材料製造業,269台灣宜蘭縣冬山鄉龍祥十路2號,24.624946,121.814179
113,G3700880,台灣塑膠工業股份有限公司冬山廠,75708007,"115,563.1468","11,551.7592","127,114.906",宜蘭縣,其他非金屬礦物製品製造業,269台灣宜蘭縣冬山鄉東福路201號,24.6217177,121.8086409
113,G3700979,臺灣湯淺電池股份有限公司,35878589,"1,649.0667","21,050.5339","22,699.601",宜蘭縣,電池製造業,269台灣宜蘭縣冬山鄉龍祥八路2號,24.6341968,121.8173526
113,G37A0585,潤泰精密材料股份有限公司宜蘭冬山廠,86871981,"589,798.7967","47,245.6656","637,044.462",宜蘭縣,水泥及其製品製造業,269台灣宜蘭縣冬山鄉大安路357號,24.628994,121.7838112
113,G38A0540,台灣半導體股份有限公司利澤廠,34286449,"7,036.2075","10,011.4488","17,047.656",宜蘭縣,半導體製造業,268台灣宜蘭縣五結鄉利工一路二段31號,24.6485026,121.8363207
113,G4100017,幸福水泥股份有限公司東澳廠,40601248,"548,647.9765","35,697.888","584,345.865",宜蘭縣,水泥及其製品製造業,272台灣宜蘭縣南澳鄉蘇花路三段101號,24.516755,121.829478
113,H4202215,新隆纖維染整股份有限公司桃園廠,7472834,"31,682.3194","6,229.8768","37,912.196",桃園市,染整業,330台灣桃園市桃園區春日路1733巷7號,25.027768,121.303838
113,H4202813,東隆興業股份有限公司桃園廠,18770509,"6,894.1934","9,326.3292","16,220.523",桃園市,染整業,330台灣桃園市桃園區富國路859號,25.0243421,121.2781791
113,H4204264,翔新企業股份有限公司,84570243,"15,908.9456","3,393.9348","19,302.88",桃園市,染整業,330台灣台灣省桃園區興邦路43巷1號,24.9798519,121.3275455
113,H42A3066,臺群工業股份有限公司,25049986,"21,308.8826","4,671.9336","25,980.816",桃園市,染整業,330台灣桃園市桃園區富國路950號,25.0259205,121.2782294
113,H4301008,名佳利金屬工業股份有限公司,45018531,"3,536.9551","17,306.5696","20,843.525",桃園市,銅製造業,320台灣桃園市中壢區北園路11號,24.9754141,121.2419056
113,H4301348,東培工業股份有限公司中壢廠,7220508,"1,484.6026","22,981.6919","24,466.295",桃園市,其他金屬製品製造業,320台灣桃園市中壢區松江北路7號,24.9880122,121.248519
113,H4301839,大鐘印染股份有限公司中壢廠,57002416,"16,629.0596","6,222.672","22,851.732",桃園市,染整業,320台灣桃園市中壢區新生路三段741號,25.00012,121.21535
113,H4302318,六和機械股份有限公司,44528635,"7,605.1044","28,237.5765","35,842.681",桃園市,汽車零件製造業,320台灣桃園市中壢區新生路二段334號,24.9829805,121.2228651
113,H4302523,金車股份有限公司中壢廠,5007903,"16,809.1755","14,696.1489","31,505.324",桃園市,其他食品製造業,320台灣桃園市中壢區榮民南路412號,24.9481691,121.2544665
113,H4303235,國瑞汽車股份有限公司中壢工廠,12488060,"10,251.9316","27,158.249","37,410.181",桃園市,,320台灣桃園市中壢區定寧路73號,24.9938099,121.247126
113,H4304929,金像電子股份有限公司中壢廠,30955404,"28,464.0429","59,720.8498","88,184.893",桃園市,印刷電路板製造業,320台灣桃園市中壢區西園路113號,24.9848553,121.2365018
113,H4306058,台灣華可貴股份有限公司中壢第二工廠,44883108,"5,344.5094","17,652.5634","22,997.073",桃園市,未分類其他製造業,320台灣桃園市中壢區吉林北路12號,24.9918952,121.2506906
113,H4312305,名佳利金屬工業股份有限公司中壢二廠,45018531,"4,884.6921","19,563.0464","24,447.739",桃園市,銅製造業,320台灣桃園市中壢區北園路11號,24.9754141,121.2419056
113,H4313348,精材科技股份有限公司中壢廠,16741846,"9,114.1728","9,246.1417","18,360.315",桃園市,其他電子零組件製造業,320台灣桃園市中壢區吉林路23號9樓,24.9795194,121.2450777
113,H43A0700,日月光半導體製造股份有限公司中壢分公司封測五廠,76027628,247.7154,"67,123.1183","67,370.834",桃園市,半導體製造業,320台灣桃園市中壢區中華路一段550號,24.9708138,121.2522347
113,H43A2093,日月光半導體製造股份有限公司中壢分公司封測四廠,76027628,"2,480.9613","15,765.3452","18,246.307",桃園市,半導體製造業,320台灣桃園市中壢區中華路一段550號,24.9708138,121.2522347
113,H43A2855,精材科技股份有限公司中壢二廠,16741846,"3,875.0709","13,577.5925","17,452.663",桃園市,其他電子零組件製造業,320台灣桃園市中壢區中園路188號,24.9824025,121.2375025
113,H43B3840,日月光半導體製造股份有限公司中壢分公司封測六廠,76027628,163.7535,"35,788.9816","35,952.735",桃園市,半導體製造業,320台灣桃園市中壢區中華路一段550號,24.9708138,121.2522347
113,H43C0794,精材科技股份有限公司中壢三廠,16741846,867.6521,"67,378.152","68,245.804",桃園市,其他電子零組件製造業,320台灣桃園市中壢區中園路188號,24.9824025,121.2375025
113,H43C1277,日月光半導體製造股份有限公司中壢分公司封測七廠,76027628,151.0651,"60,545.8175","60,696.883",桃園市,半導體製造業,320台灣桃園市中壢區中華路一段550號,24.9708138,121.2522347
113,H43C1811,日月光半導體製造股份有限公司中壢分公司封測八廠,76027628,119.9303,"58,084.8581","58,204.788",桃園市,半導體製造業,320台灣桃園市中壢區中華路一段550號,24.9708138,121.2522347
113,H4406937,新科光電材料股份有限公司桃園廠,27366467,"10,552.9342","44,295.8688","54,848.803",桃園市,塑膠製品製造業,335台灣桃園市大溪區新光東路76巷80號,24.9213613,121.2870671
113,H4500458,力鵬企業股份有限公司楊梅廠,33955322,"67,103.4858","21,042.1227","88,145.609",桃園市,染整業,326台灣桃園市楊梅區新榮路339號,24.9554337,121.1570856
113,H4500743,中興紡織廠股份有限公司楊梅化纖廠,35082604,"24,186.6587","50,586.7968","74,773.456",桃園市,人造纖維製造業,326台灣桃園市楊梅區中山南路567號,24.9022389,121.131159
113,H4500850,白馬窯業股份有限公司楊梅廠,34258318,"28,131.1982","10,186.0704","38,317.269",桃園市,耐火、黏土建材及其他陶瓷製品製造業,326台灣桃園市楊梅區電研路5號,24.9494344,121.1650053
113,H4501008,萬洲化學股份有限公司楊梅一廠,3244705,"39,130.7794","12,795.494","51,926.273",桃園市,塑膠及合成橡膠原料製造業,32663台灣桃园市杨梅區民富路二段199巷15號,24.924412,121.1105844
113,H4501339,統一企業股份有限公司楊梅廠,73251209,"12,534.3874","14,355.3744","26,889.762",桃園市,乳品製造業,326台灣桃園市楊梅區民富路一段301號,24.9200866,121.1285162
113,H4502201,建榮工業材料股份有限公司楊梅廠,86691377,"8,861.8061","17,563.4064","26,425.213",桃園市,織布業,326台灣桃園市楊梅區民豐路277號,24.9315351,121.1174316
113,H4503575,合晶科技股份有限公司楊梅廠,16138282,"1,477.4933","18,724.4334","20,201.927",桃園市,其他電子零組件製造業,326台灣桃園市楊梅區蘋果路1號,24.9021905,121.1831785
113,H4504705,紘楷股份有限公司,70738116,"18,169.305","3,602.0208","21,771.326",桃園市,染整業,326台灣桃园市杨梅區楊新路三段4巷19號,24.930083,121.128685
113,H45A1887,永豐餘消費品實業股份有限公司楊梅廠,22327037,"28,206.6565","18,062.8128","46,269.469",桃園市,其他紙製品製造業,326台灣桃園市楊梅區梅高路二段668巷70號,24.9482628,121.1507052
113,H45C0110,欣興電子股份有限公司楊梅廠,23535435,"4,696.8896","73,108.2432","77,805.133",桃園市,印刷電路板製造業,326台灣桃園市楊梅區梅獅路一段426巷68號,24.9158656,121.1716773
113,H45C2819,景碩科技股份有限公司幼獅廠,70785139,"1,989.4726","37,948.6296","39,938.102",桃園市,印刷電路板製造業,326台灣桃園市楊梅區高獅路580號,24.9251134,121.1605358
113,H4600551,大統新創股份有限公司染整廠,22267777,"9,257.1596","3,961.1232","13,218.283",桃園市,染整業,338台灣桃園市蘆竹區榮安路9號,25.0610915,121.2832991
113,H4600579,大同染整股份有限公司桃園廠,7014916,"17,075.411","4,009.2816","21,084.693",桃園市,染整業,338台灣桃園市蘆竹區新南路一段338-1號,25.0412055,121.2960452
113,H4600659,州霖股份有限公司,23271588,"9,438.2876","3,966.7164","13,405.004",桃園市,染整業,338台灣桃園市蘆竹區橋頭街196號,25.082376,121.2813561
113,H4601129,華通電腦股份有限公司一廠,4401392,"2,341.3122","43,527.0123","45,868.325",桃園市,印刷電路板製造業,338台灣桃園市蘆竹區大新路814巷91號,25.0253581,121.2422448
113,H4601227,義芳化學工業股份有限公司桃園廠,15395706,"375,612.6785","34,525.3846","410,138.063",桃園市,化學原材料製造業,338台灣桃園市蘆竹區海湖里海湖東路375號,25.1065564,121.2713767
113,H4601272,華通電腦股份有限公司三廠,4401392,558.4196,"51,641.2655","52,199.685",桃園市,印刷電路板製造業,338台灣桃園市蘆竹區大新路814巷91號,25.0253581,121.2422448
113,H4601290,台硝股份有限公司桃園廠,38033305,"43,849.6726","17,278.6651","61,128.338",桃園市,未分類其他化學製品製造業,338台灣桃園市蘆竹區大坑街25號,25.1078696,121.2754835
113,H4601398,南亞塑膠工業股份有限公司錦興廠,75370905,"765,812.8787","12,938.304","778,751.183",桃園市,光電材料及元件製造業,33859台灣桃园市芦竹区南崁路一段336號A棟宿舍一樓,25.0565392,121.283691
113,H4602199,義美食品股份有限公司南崁廠,11768704,"22,694.2751","29,540.3976","52,234.673",桃園市,其他食品製造業,338台灣桃園市蘆竹區南工路一段11號,25.0603117,121.2789335
113,H4602313,環泰企業股份有限公司南崁廠,12529007,"27,598.5016","4,201.9571","31,800.459",桃園市,其他食品製造業,338台灣桃園市蘆竹區南青路1156巷75號,25.0557351,121.2718702
113,H4603972,三義化學工業（股）公司桃園海湖廠,23827741,"6,382.5205","70,333.4928","76,716.013",桃園市,化學原材料製造業,338台灣桃園市蘆竹區海山中街85號,25.1095077,121.2647043
113,H4604488,環球水泥股份有限公司海湖石膏板廠,7568009,"29,394.5174","4,956.8413","34,351.359",桃園市,其他非金屬礦物製品製造業,338台灣桃園市蘆竹區海山中街18號,25.1069651,121.2611543
113,H4604568,長生電力股份有限公司,96933037,"1,990,041.0593","1,107.264","1,991,148.323",桃園市,電力供應業,338台灣桃園市蘆竹區濱海路一段199號,25.116249,121.257084
113,H4605074,南亞電路板股份有限公司錦興廠,16096804,"4,142.7904","349,777.2408","353,920.031",桃園市,印刷電路板製造業,33859台灣桃园市芦竹区南崁路一段336號A棟宿舍一樓,25.0565392,121.283691
113,H4605609,東明纖維工業股份有限公司蘆竹廠,7205416,"19,731.5843","4,053.2688","23,784.853",桃園市,染整業,338台灣桃園市蘆竹區長興路三段219巷13號,25.0703474,121.2789133
113,H4605636,敬鵬工業股份有限公司第二廠,43816068,978.8634,"21,167.418","22,146.281",桃園市,印刷電路板製造業,338台灣桃園市蘆竹區南山路二段5巷17號,25.060893,121.2864371
113,H4606848,台耀化學股份有限公司蘆竹廠,96922622,"9,484.0002","26,257.756","35,741.756",桃園市,未分類其他化學製品製造業,338002台灣桃園市蘆竹區和平街36號,25.0924844,121.2771791
113,H46A1149,欣興電子股份有限公司蘆竹二廠,23535435,866.0505,"30,371.6448","31,237.695",桃園市,印刷電路板製造業,338台灣桃園市蘆竹區南山路二段470巷21號,25.0735862,121.2874817
113,H46B0495,世界先進積體電路股份有限公司晶圓三廠,84149358,"79,203.3013","225,142.6256","304,345.927",桃園市,半導體製造業,338台灣桃園市蘆竹區南崁路一段338號,25.0553661,121.2826331
113,H46B0524,敬鵬工業股份有限公司第二之二廠,43816068,"3,383.3193","31,243.0464","34,626.366",桃園市,印刷電路板製造業,338台灣桃園市蘆竹區南山路二段5巷17號,25.060893,121.2864371
113,H4700645,正隆股份有限公司大園廠,33085508,"192,211.6712","130,902.7731","323,114.444",桃園市,紙漿、紙及紙板製造業,337台灣桃園市大園區大工路116號,25.0700511,121.1789244
113,H4701017,國聯矽業化學股份有限公司,36550632,"21,854.9692","14,053.3995","35,908.369",桃園市,化學原材料製造業,337台灣桃園市大園區民權路12號,25.0758896,121.1836368
113,H4701071,科德寶遠東股份有限公司,22663158,"3,773.5532","30,907.0752","34,680.628",桃園市,不織布業,33751台灣桃園市大園區38號,25.0465113,121.1907958
113,H4702336,大園汽電共生股份有限公司,84526079,"543,718.9847","5,445.0063","549,163.991",桃園市,電力供應業,337台灣桃園市大園區潮音北路276號,25.0793269,121.1759049
113,H4703600,華通電腦股份有限公司大園廠,4401392,415.5722,"42,325.6404","42,741.213",桃園市,印刷電路板製造業,337台灣桃園市大園區中山北路275號,25.0762116,121.1857056
113,H47A0889,連大興有限公司,80445899,"17,170.2368","14,077.0017","31,247.239",桃園市,染整業,337台灣桃園市大園區中山北路246號,25.0707123,121.1923748
113,H47A6144,集盛實業股份有限公司大園廠,43295237,"2,043.1019","23,025.0362","25,068.138",桃園市,紡紗業,337台灣桃園市大園區大工路17號,25.0685527,121.1787306
113,H47A8358,欣興電子股份有限公司大園廠,23535435,"1,130.8566","30,838.6296","31,969.486",桃園市,印刷電路板製造業,320台灣桃園市大園區民權路5號,25.0778893,121.1846779
113,H4801478,南亞塑膠工業股份有限公司工三廠,75370905,"111,934.5873","236,563.6367","348,498.224",桃園市,人造纖維製造業,333台灣桃園市龜山區文明路6號,25.0620289,121.3734827
113,H4801709,宏洲纖維工業股份有限公司桃園工廠,7220710,"12,356.3687","22,036.3648","34,392.734",桃園市,人造纖維製造業,333台灣桃園市龜山區宏洲街29號,25.010259,121.344375
113,H4803507,台灣中油股份有限公司煉製事業部桃園煉油廠,3707901,"1,264,778.7979","163,671.1382","1,428,449.936",桃園市,石油及煤製品製造業,333台灣桃園市龜山區民生北路一段50號,25.033276,121.3059734
113,H4806222,欣興電子股份有限公司山鶯一廠,23535435,"1,405.9018","42,682.3652","44,088.267",桃園市,印刷電路板製造業,333台灣桃園市龜山區山鶯路179號,24.9816539,121.3305982
113,H4806348,穩懋半導體股份有限公司華亞廠,70752257,"13,545.1856","10,289.0232","23,834.209",桃園市,半導體製造業,333台灣桃園市龜山區科技七路69號,25.0433928,121.3754587
113,H4809607,中環股份有限公司林口三廠,12205020,24.8037,"33,229.6529","33,254.457",桃園市,資料儲存媒體製造業,333台灣桃園市龜山區文化二路215號,25.048472,121.3763636
113,H4810799,國光電力股份有限公司,70833553,"1,034,291.2835","1,791.72","1,036,083.004",桃園市,電力供應業,333台灣桃園市龜山區南上里北油1區11號,25.0404917,121.3440136
113,H4810851,華亞汽電股份有限公司華亞汽電廠,70783006,"1,649,346.4031",,"1,649,346.403",桃園市,電力供應業,333台灣桃園市龜山區華亞一路98號,25.0344928,121.373079
113,H4886999,穩懋半導體股份有限公司華亞二廠,70752257,"14,673.7673","24,925.3848","39,599.152",桃園市,半導體製造業,333台灣桃園市龜山區科技七路69號,25.0433928,121.3754587
113,H4887978,欣興電子股份有限公司精密載板事業部三廠,23535435,"3,332.1195","67,090.0453","70,422.165",桃園市,印刷電路板製造業,333台灣桃園市龜山區山鶯路179號,24.9816539,121.3305982
113,H4888493,友達光電股份有限公司桃園分公司華亞廠,84149738,"6,763.6559","219,744.1669","226,507.823",桃園市,光電材料及元件製造業,333台灣桃園市龜山區華亞二路189號,25.0469273,121.3731365
113,H4888582,台灣美光晶圓科技股份有限公司二廠,80353271,"45,659.4744","400,180.7303","445,840.205",桃園市,半導體製造業,"No. 2號, 里華亞五路, 龜山區桃園市台灣 333",25.0358706,121.3748919
113,H4889310,欣興電子股份有限公司精密載板事業部一廠,23535435,"2,625.3468","42,391.4622","45,016.809",桃園市,印刷電路板製造業,330台灣桃園市桃園區興邦路38號,24.9822988,121.3243918
113,H4889454,台灣美光晶圓科技股份有限公司一廠,80353271,"55,041.8572","372,321.2607","427,363.118",桃園市,半導體製造業,333台灣桃園市龜山區復興三路667號,25.0384005,121.3738286
113,H4895112,廣達電腦股份有限公司總廠,22822281,809.3464,"28,072.9344","28,882.281",桃園市,電腦及其週邊設備製造業,333台灣桃園市龜山區文化二路211號,25.0497257,121.3748722
113,H48A3353,晶碩光學股份有限公司,25021158,182.223,"36,558.9602","36,741.183",桃園市,眼鏡製造業,333台灣桃園市龜山區興業街5號,24.988119,121.3277899
113,H48A7682,欣興電子股份有限公司精密載板事業部二廠,23535435,"2,476.8382","67,123.8849","69,600.723",桃園市,印刷電路板製造業,330台灣桃園市桃園區興邦路38號,24.9822988,121.3243918
113,H48B0554,穩懋半導體股份有限公司龜山廠,70752257,"5,462.3622","41,638.4352","47,100.797",桃園市,半導體製造業,333台灣桃園市龜山區山鶯路200-5號,24.9867749,121.3261721
113,H48B1750,亞東工業氣體股份有限公司華亞氣體廠,22522453,7.2675,"27,662.9028","27,670.17",桃園市,化學原材料製造業,328台灣桃園市觀音區玉林路二段22號,25.0557176,121.1011197
113,H48B6522,欣興電子股份有限公司山鶯二廠,23535435,754.2753,"32,024.9568","32,779.232",桃園市,印刷電路板製造業,333台灣桃園市龜山區山鶯路179號,24.9816539,121.3305982
113,H4903093,中華科盛德光罩股份有限公司,16083358,549.651,"15,923.4716","16,473.123",桃園市,半導體製造業,334台灣桃園市八德區和平路1127-3號,24.9643888,121.322514
113,H49A2429,凌巨科技股份有限公司八德廠,16432742,"38,237.7546","80,277.3605","118,515.115",桃園市,光電材料及元件製造業,334台灣桃園市八德區和平路1127號,24.9668906,121.3208406
113,H5001589,艾克爾國際科技股份有限公司龍潭廠,16631664,"6,825.2433","37,759.5816","44,584.825",桃園市,半導體製造業,325台灣桃園市龍潭區中豐路高平段1號,24.8417332,121.2108995
113,H5002362,友達光電股份有限公司桃園分公司,84149738,"6,282.0611","137,964.1569","144,246.218",桃園市,光電材料及元件製造業,333台灣桃園市龜山區華亞二路189號,25.0469273,121.3731365
113,H5008211,友達光電股份有限公司龍科廠,84149738,"7,962.2348","221,800.1122","229,762.347",桃園市,光電材料及元件製造業,325台灣桃園市龍潭區龍科街228號,24.8775881,121.1859654
113,H50A1985,合晶科技股份有限公司龍潭廠,16138282,"2,040.6348","41,905.2024","43,945.837",桃園市,半導體製造業,325台灣桃園市龍潭區龍園一路100號,24.8849954,121.1873237
113,H50A6430,台灣積體電路製造股份有限公司先進封測三廠,22099131,"14,036.5883","193,192.4887","207,229.077",桃園市,半導體製造業,325台灣桃園市龍潭區龍園六路101號,24.8836369,121.1855573
113,H50A6777,美商蘋果電子股份有限公司台灣分公司,54393468,"1,146.6011","16,372.7184","17,519.32",桃園市,光電材料及元件製造業,325台灣桃園市龍潭區龍園十路55號,24.8874319,121.1857539
113,H50B3948,美商蘋果電子股份有限公司台灣分公司龍三廠,54393468,116.2519,"7,577.2692","7,693.521",桃園市,光電材料及元件製造業,325台灣桃園市龍潭區龍園十路55號,24.8874319,121.1857539
113,H50B4708,采鈺科技股份有限公司龍潭廠,80601119,"1,033.9896","10,209.5485","11,243.538",桃園市,半導體製造業,325台灣桃園市龍潭區龍園一路89號,24.8869628,121.1881067
113,H5100952,新光合成纖維股份有限公司中壢廠,7435515,"95,137.3145","147,286.6376","242,423.952",桃園市,紡紗業,324台灣桃園市平鎮區延平路三段223號,24.9378588,121.2023161
113,H51A5615,鉅輝鋼鐵股份有限公司,13079654,"14,928.9878","7,322.3463","22,251.334",桃園市,金屬結構及建築組件製造業,324台灣桃園市平鎮區洪圳路326號,24.9070754,121.2511941
113,H5200215,永豐餘工業用紙股份有限公司新屋廠,27719048,"515,705.7465","24,780.3242","540,486.071",桃園市,其他紙製品製造業,327台灣桃園市新屋區永福路281號,24.9810267,121.0400091
113,H5200617,聯成鋼鐵股份有限公司桃園廠,22822748,"10,762.0839","72,226.224","82,988.308",桃園市,鋼鐵製造業,327台灣桃園市新屋區中華路996號,24.9887508,121.1034125
113,H5204133,景碩科技股份有限公司,70785139,"1,017.7567","32,526.354","33,544.111",桃園市,其他電子零組件製造業,327台灣桃園市新屋區中華路810號,24.9844391,121.106776
113,H5205514,景碩科技股份有限公司清華一廠,70785139,"5,936.2411","80,848.3788","86,784.62",桃園市,印刷電路板製造業,327台灣桃園市新屋區中華路810號,24.9844391,121.106776
113,H5300078,亞東石化股份有限公司,22318678,21.492,"1,578.9888","1,600.481",桃園市,化學原材料製造業,328台灣桃園市觀音區工業七路2號,25.0477421,121.1107732
113,H5300210,遠東新世紀股份有限公司觀音化學纖維廠,3522600,"79,260.4634","78,205.5574","157,466.021",桃園市,人造纖維製造業,328台灣桃園市觀音區經建六路3號,25.062973,121.116956
113,H5300363,銓盟企業股份有限公司,23313356,"20,810.4721","3,930.2184","24,740.691",桃園市,染整業,328台灣桃園市觀音區新富路1560號,24.9850764,121.1349377
113,H5300425,錦美紙業股份有限公司觀音廠,34175598,"12,605.3597","5,644.574","18,249.934",桃園市,紙漿、紙及紙板製造業,328台灣觀音區榮工北路10號,25.0588495,121.1289161
113,H5300916,台灣玻璃工業股份有限公司桃園廠,11914002,"34,317.5994","51,724.3968","86,041.996",桃園市,玻璃及其製品製造業,328台灣桃園市觀音區經建五路1號,25.0604724,121.1143722
113,H5301217,先豐通訊股份有限公司觀音廠,22554807,"13,540.8321","38,023.1424","51,563.975",桃園市,印刷電路板製造業,328台灣桃園市觀音區經建一路27號,25.0562897,121.121006
113,H5301262,和友紡織股份有限公司觀音廠,35192807,"6,063.5548","5,359.4232","11,422.978",桃園市,染整業,328台灣桃園市觀音區新富路161號,24.9670574,121.1480462
113,H5302063,日皓造紙工業股份有限公司觀音廠,24001900,"21,698.0477","18,480.8079","40,178.856",桃園市,紙漿、紙及紙板製造業,328台灣桃園市觀音區國建三路5號,25.0591006,121.1076492
113,H5302107,東欣實業股份有限公司,89356756,"19,360.187","4,836.1935","24,196.381",桃園市,染整業,328台灣桃園市觀音區源遠街8號,25.0511687,121.1289331
113,H5302143,遠東先進纖維股份有限公司,89392269,"4,381.0714","18,972.6958","23,353.767",桃園市,人造纖維製造業,328台灣桃園市觀音區工業五路17號,25.0618091,121.1132249
113,H5303524,新光合成纖維股份有限公司觀音廠,7435515,"14,174.4303","30,092.1246","44,266.555",桃園市,紡紗業,328台灣桃園市觀音區國建三路9號,25.0623784,121.1118016
113,H5304165,集盛實業股份有限公司第三廠,43295237,"15,753.2052","42,658.8624","58,412.068",桃園市,紡紗業,328台灣桃園市觀音區成功路一段506號,25.0568522,121.1300164
113,H5307693,集盛實業股份有限公司觀音廠,43295237,"13,267.1746","27,083.4993","40,350.674",桃園市,紡紗業,328台灣桃園市觀音區成功路一段506號,25.0568522,121.1300164
113,H5307960,台灣電力股份有限公司大潭發電廠,3795904,"13,594,634.1204","1,969.8681","13,596,603.989",桃園縣,電力供應業,328台灣桃園市觀音區電廠路1號,25.0309103,121.051866
113,H5387833,三福氣體股份有限公司觀音二廠,11072509,334.4613,"87,682.5635","88,017.025",桃園市,化學原材料製造業,328台灣桃園市觀音區工業一路16-1號,25.0672051,121.1269105
113,H53A0675,東和鋼鐵企業股份有限公司桃園廠,75280209,"82,007.2259","328,409.5728","410,416.799",桃園市,鋼鐵製造業,328台灣桃園市觀音區保障里8鄰草漯116號,25.0694825,121.1394918
113,H53A2562,華亞汽電股份有限公司觀音公用廠,70783006,"30,717.7957",984.024,"31,701.82",桃園市,電力供應業,328台灣桃園市觀音區工業七路3號,25.04899,121.108374
113,H53A3580,亞東石化股份有限公司觀音二廠,22318678,"216,364.3333","67,109.2992","283,473.633",桃園市,化學原材料製造業,328台灣桃園市觀音區工業七路2號,25.0477421,121.1107732
113,H53A6138,東齊染整股份有限公司,54796568,"27,330.0161","5,774.4576","33,104.474",桃園市,染整業,328台灣桃園市觀音區新華路二段225號,25.0058704,121.1303886
113,H53A7443,晉瑜企業股份有限公司觀音廠,89939090,"4,875.6943","22,735.3152","27,611.01",桃園市,水泥及其製品製造業,32842台灣桃园市观音区白玉北路1609號,25.0527329,121.0901295
113,H53B2103,嘉聯益科技股份有限公司桃科廠,86980046,209.6072,"15,767.1002","15,976.707",桃園市,印刷電路板製造業,328台灣桃園市觀音區桃科十路8號,25.051143,121.0916457
113,H53B7163,三福氣體股份有限公司觀音三廠,11072509,325.2131,"102,003.6624","102,328.876",桃園市,化學原材料製造業,328台灣桃園市觀音區工業二路2號,25.0625649,121.1295042
113,J5500366,正隆股份有限公司竹北廠,33085508,"77,913.0266","25,643.7792","103,556.806",新竹縣,其他紙製品製造業,302台灣新竹縣竹北市長青路二段300號,24.8599588,120.9632033
113,J5500491,台燿科技股份有限公司,4226091,"18,149.4279","25,207.5703","43,356.998",新竹縣,印刷電路板製造業,302台灣新竹縣竹北市博愛街803號,24.8450539,121.0185873
113,J5501121,南茂科技股份有限公司竹北廠,16130042,"1,014.2233","39,392.1528","40,406.376",新竹縣,半導體製造業,302台灣新竹縣竹北市新泰路37號,24.8403331,121.0089229
113,J5601064,新桃電力股份有限公司,16596337,"757,014.5779","5,430.144","762,444.722",新竹縣,電力供應業,306台灣新竹縣關西鎮台電新村66號,24.8153621,121.197594
113,J5700222,遠東新世紀股份有限公司化學纖維總廠,3522600,"329,895.0752","69,682.5504","399,577.626",新竹縣,人造纖維製造業,305台灣新竹縣新埔鎮文山路亞東段369號,24.8252143,121.0577843
113,J5700231,大享容器工業股份有限公司,46007218,"37,409.7826","9,971.4432","47,381.226",新竹縣,玻璃及其製品製造業,305台灣新竹縣新埔鎮文山路犂頭山段1118號,24.8344204,121.0271184
113,J5901238,遠東新世紀股份有限公司湖口紡織廠,3522600,62.2023,"10,061.6539","10,123.856",新竹縣,紡紗業,305台灣新竹縣新埔鎮文山路亞東段369號,24.8252143,121.0577843
113,J5901658,長春人造樹脂廠股份有限公司新竹廠,11384708,"145,351.2338","67,805.3208","213,156.555",新竹縣,塑膠及合成橡膠原料製造業,303台灣新竹縣湖口鄉中華路8號,24.8672478,121.0068787
113,J5901747,三陽工業股份有限公司新竹廠,24004006,"11,765.9726","25,648.3506","37,414.323",新竹縣,機車及其零件製造業,303台灣新竹縣湖口鄉中華路3號,24.864318,121.0041043
113,J5901854,台灣普利司通股份有限公司新竹工廠,43031502,"11,120.5643","18,035.3966","29,155.961",新竹縣,橡膠製品製造業,303台灣新竹縣湖口鄉文化路1-1號,24.8620915,121.0090752
113,J5902468,台豐印刷電路工業股份有限公司新竹第一工廠,11833698,867.4769,"28,550.0628","29,417.54",新竹縣,印刷電路板製造業,303台灣新竹縣湖口鄉光復路81號,24.8596137,121.0174787
113,J5905343,旭德科技股份有限公司,16638110,"1,571.9366","26,754.0768","28,326.013",新竹縣,印刷電路板製造業,303台灣新竹縣湖口鄉光復北路65號,24.872936,121.025286
113,J5905432,艾克爾先進科技股份有限公司,16847968,667.9444,"9,323.2956","9,991.24",新竹縣,半導體製造業,303台灣新竹縣湖口鄉光復北路39號,24.8742817,121.0307593
113,J5909010,欣銓科技股份有限公司新工一廠,70751779,609.2275,"23,545.1717","24,154.399",新竹縣,半導體製造業,303台灣新竹縣湖口鄉工業三路3號,24.8668312,121.0167514
113,J5909547,力成科技股份有限公司湖口廠,16082267,449.4599,"44,720.2348","45,169.695",新竹縣,半導體製造業,303台灣新竹縣湖口鄉大同路10號,24.8693044,120.9983556
113,J5909814,艾克爾國際科技股份有限公司新竹廠,16631664,"1,642.7545","30,209.1868","31,851.941",新竹縣,半導體製造業,303台灣新竹縣湖口鄉光復路11號,24.8724075,121.0382395
113,J59A0579,力成科技股份有限公司大同廠,16082267,"1,082.8165","70,274.9295","71,357.746",新竹縣,半導體製造業,303台灣新竹縣湖口鄉大同路10號,24.8693044,120.9983556
113,J59A1389,矽格股份有限公司湖口廠,23218022,195.2552,"38,855.1072","39,050.362",新竹縣,半導體製造業,303台灣新竹縣湖口鄉四維路1號,24.8643532,121.0237723
113,J59A1577,辛耘企業股份有限公司,30901647,681.9462,"9,854.2704","10,536.217",新竹縣,半導體製造業,303台灣新竹縣湖口鄉中華路16號,24.869372,121.008232
113,J59A4937,元晶太陽能科技股份有限公司新竹廠,28997300,"4,894.6819","31,096.5159","35,991.198",新竹縣,光電材料及元件製造業,303台灣新竹縣湖口鄉光復北路85號,24.8686209,121.0200547
113,J59A5024,晶兆成科技股份有限公司一廠,28438025,923.0358,"39,442.2036","40,365.239",新竹縣,半導體製造業,303台灣新竹縣湖口鄉文化路26號,24.8683301,121.0140518
113,J59A7436,力成科技股份有限公司3C廠,16082267,828.2674,"71,420.2154","72,248.483",新竹縣,半導體製造業,303台灣新竹縣湖口鄉大同路10號,24.8693044,120.9983556
113,J59B0259,南茂科技股份有限公司湖口一廠,16130042,308.4332,"32,636.0112","32,944.444",新竹縣,半導體製造業,302台灣新竹縣竹北市新泰路37號,24.8403331,121.0089229
113,J59B0675,頎邦科技股份有限公司光復廠,16130009,"8,476.139","38,648.064","47,124.203",新竹縣,半導體製造業,303台灣新竹縣湖口鄉光復路12號,24.8714333,121.0291387
113,J59B1009,力成科技股份有限公司文化一廠,16082267,712.0982,"39,500.7236","40,212.822",新竹縣,半導體製造業,303台灣新竹縣湖口鄉文化路4號,24.8623811,121.0096045
113,J59B1316,力成科技股份有限公司新興廠,16082267,813.7578,"34,971.3408","35,785.099",新竹縣,半導體製造業,303台灣新竹縣湖口鄉新興路458-28號,24.875332,121.0055403
113,J59B2542,晶兆成科技股份有限公司二廠,28438025,418.0913,"28,022.5008","28,440.592",新竹縣,半導體製造業,303台灣新竹縣湖口鄉文化路20號,24.8658256,121.0120333
113,J59B2582,欣興電子股份有限公司仁義一廠,23535435,"1,191.0445","29,739.708","30,930.753",新竹縣,印刷電路板製造業,303台灣新竹縣湖口鄉仁義路10-1號,24.8689263,121.0098697
113,J6100762,南港輪胎股份有限公司新豐廠,11520909,"13,723.6043","25,194.8064","38,918.411",新竹縣,橡膠製品製造業,304台灣新竹縣新豐鄉新興路399號,24.8779679,121.0050126
113,J61A1452,欣興電子股份有限公司新豐一廠,23535435,"9,515.1528","118,099.5648","127,614.718",新竹縣,印刷電路板製造業,304台灣新竹縣新豐鄉中崙村290號,24.8852589,121.0103596
113,J61A3270,景碩科技股份有限公司新豐一廠,70785139,"11,022.0789","57,220.2021","68,242.281",新竹縣,印刷電路板製造業,304台灣新竹縣新豐鄉建興路二段526號,24.8928386,120.9877991
113,J61A3280,景碩科技股份有限公司新豐二廠,70785139,285.0406,"31,752.2523","32,037.293",新竹縣,印刷電路板製造業,304台灣新竹縣新豐鄉建興路二段526號,24.8928386,120.9877991
113,J6203071,台星科股份有限公司,70552666,"3,717.466","18,876.9552","22,594.421",新竹縣,其他電子零組件製造業,307台灣新竹縣芎林鄉鹿寮坑176之5號,24.7439205,121.1362063
113,J6300146,漢磊科技股份有限公司創新廠,54389725,"1,822.5087","6,185.5104","8,008.019",新竹縣,半導體製造業,30076台灣新竹市東區科學園區新竹縣寶山鄉創新一路18號1樓,24.777619,120.996058
113,J6300155,台灣高技股份有限公司,22099343,212.7771,"4,282.4952","4,495.272",新竹縣,其他電子零組件製造業,330台灣桃園市桃園區興邦路43巷3號,24.9801394,121.3279995
113,J6300299,漢磊科技股份有限公司研發廠,54389725,"18,365.2556","21,716.784","40,082.04",新竹縣,半導體製造業,30076台灣新竹市東區科學園區新竹縣寶山鄉創新一路18號1樓,24.777619,120.996058
113,J6300324,台灣積體電路製造股份有限公司三廠3E廠,22099131,"6,829.3326","58,951.6715","65,781.004",新竹縣,半導體製造業,308台灣新竹縣寶山鄉研新一路9號,24.7752198,120.9902335
113,J6300539,聯亞科技股份有限公司一廠,22099456,6.5305,"42,965.6352","42,972.166",新竹縣,化學原材料製造業,300台灣新竹縣寶山鄉研新一路12號,24.7744205,120.9927425
113,J6300557,台灣積體電路製造股份有限公司二廠,22099131,"34,142.0389","72,477.0807","106,619.12",新竹縣,半導體製造業,308台灣新竹縣寶山鄉園區三路121號,24.7729556,120.9988381
113,J6300860,南茂科技股份有限公司竹科一廠,16130042,538.4421,"50,299.2776","50,837.72",新竹縣,半導體製造業,302台灣新竹縣竹北市新泰路37號,24.8403331,121.0089229
113,J6300959,世界先進積體電路股份有限公司晶圓一廠,84149358,"83,043.038","104,641.7568","187,684.795",新竹縣,半導體製造業,308台灣新竹縣寶山鄉園區三路123號,24.7755954,120.9962272
113,J6301090,環球晶圓股份有限公司中德廠,28113286,"1,479.5399","124,334.7504","125,814.29",新竹縣,半導體製造業,308台灣新竹縣寶山鄉研新一路2號,24.7773932,120.9872306
113,J6301107,台灣積體電路製造股份有限公司三廠,22099131,"63,097.858","154,395.072","217,492.93",新竹縣,半導體製造業,308台灣新竹縣寶山鄉研新一路9號,24.7752198,120.9902335
113,J6301447,台灣積體電路製造股份有限公司五廠,22099131,"50,682.5264","89,075.0122","139,757.539",新竹縣,半導體製造業,308台灣新竹縣寶山鄉園區三路121號,24.7742653,120.9981518
113,J6304706,亞太優勢微系統股份有限公司,70815339,"10,391.3173","11,641.1201","22,032.437",新竹縣,半導體製造業,308台灣新竹縣寶山鄉研發六路2號,24.779703,120.993768
113,J63A0048,聯華電子股份有限公司Fab8S廠,47217677,"13,962.0582","62,644.5927","76,606.651",新竹縣,半導體製造業,300台灣新竹縣寶山鄉研新一路16號,24.7749701,120.9938198
113,J63A0107,台灣積體電路製造股份有限公司十二廠研新廠,22099131,"11,108.0446","129,018.5264","140,126.571",新竹縣,半導體製造業,308台灣新竹縣寶山鄉園區二路188號,24.7682233,121.0145867
113,J63A1056,台灣積體電路製造股份有限公司十二廠四期五期,22099131,"35,943.4351","302,422.848","338,366.283",新竹縣,半導體製造業,308台灣新竹縣寶山鄉園區二路168號,24.7702397,121.0123147
113,J63A1422,矽品精密工業股份有限公司新竹分公司三廠,55991080,113.688,"43,760.1023","43,873.79",新竹縣,半導體製造業,300台灣新竹縣寶山鄉研發二路1-1號,24.7766884,121.0011401
113,J63A1591,台灣積體電路製造股份有限公司十二廠六期,22099131,"20,632.4947","240,970.9824","261,603.477",新竹縣,半導體製造業,308台灣新竹縣寶山鄉園區二路166號,24.7713146,121.0111965
113,J63A1670,台灣積體電路製造股份有限公司十二廠七期,22099131,"23,954.4143","291,553.2288","315,507.643",新竹縣,半導體製造業,308台灣新竹縣寶山鄉園區二路188號,24.7682233,121.0145867
113,J63A1719,聯穎光電股份有限公司竹科廠,53170263,"14,629.2965","33,964.1856","48,593.482",新竹縣,半導體製造業,308台灣新竹縣寶山鄉創新一路10號,24.7764668,120.9976736
113,J63A3567,台灣積體電路製造股份有限公司十二廠八期,22099131,"11,818.4719","188,173.2979","199,991.77",新竹縣,半導體製造業,300台灣新竹市東區力行三路185號,24.7683935,121.009961
113,J63A4298,台灣積體電路製造股份有限公司二十廠一期,22099131,"12,006.1346","188,811.264","200,817.399",新竹縣,半導體製造業,308台灣新竹縣寶山鄉園區二路188號,24.7682233,121.0145867
113,K6801089,長春石油化學股份有限公司苗栗廠,11384806,"805,353.015","69,500.2619","874,853.277",苗栗縣,未分類其他化學製品製造業,360台灣苗栗縣苗栗市宜春路245號,24.5932743,120.8104072
113,K6801123,長春石油化學股份有限公司苗栗二廠,11384806,"76,669.4525","632,232.4534","708,901.906",苗栗縣,化學原材料製造業,360台灣苗栗縣苗栗市宜春路245號,24.5932743,120.8104072
113,K7000504,臺鹽實業股份有限公司通霄精鹽廠,89397503,"21,775.8784","1,482.8616","23,258.74",苗栗縣,其他食品製造業,357台灣苗栗縣通霄鎮122號,24.55595,120.7035792
113,K7000513,建順煉鋼股份有限公司,55695790,"40,755.5138","83,478.8939","124,234.408",苗栗縣,鋼鐵製造業,357台灣苗栗縣通霄鎮五北里68之4號,24.4722161,120.6696128
113,K7000764,台灣電力股份有限公司通霄發電廠,3795904,"9,575,497.1466","1,095.4425","9,576,592.589",苗栗縣,電力供應業,357台灣苗栗縣通霄鎮海濱路1-31號,24.489653,120.673746
113,K7103046,超豐電子股份有限公司公義廠,5126366,573.0825,"74,401.3455","74,974.428",苗栗縣,半導體製造業,350台灣苗栗縣竹南鎮公義路136號,24.6967282,120.8818126
113,K7104025,群創光電股份有限公司T1廠,12800225,"4,294.2639","112,298.767","116,593.031",苗栗縣,光電材料及元件製造業,350台灣苗栗縣竹南鎮科中路12號,24.7095333,120.9162947
113,K7195124,京元電子股份有限公司竹南分公司中華廠,22507241,"4,416.8899","221,392.1302","225,809.02",苗栗縣,半導體製造業,350台灣苗栗縣竹南鎮中華路118號,24.709054,120.925535
113,K71A1370,群創光電股份有限公司T2廠,12800225,"4,843.9896","212,632.4899","217,476.48",苗栗縣,光電材料及元件製造業,350台灣苗栗縣竹南鎮科學路160號,24.7144072,120.9146606
113,K71A1805,達輝光電股份有限公司,28230046,"15,687.7256","22,727.6776","38,415.403",苗栗縣,光電材料及元件製造業,35053台灣苗栗縣竹南鎮科北二路3號,24.7086357,120.9162116
113,K71A2695,群創光電股份有限公司T3廠,12800225,"3,062.7336","68,924.6074","71,987.341",苗栗縣,光電材料及元件製造業,350台灣苗栗縣竹南鎮科中路12號,24.7095333,120.9162947
113,K71A7992,環球晶圓股份有限公司竹南廠,28113286,168.8062,"19,393.5242","19,562.33",苗栗縣,其他電子零組件製造業,350台灣苗栗縣竹南鎮科中路21號,24.7094655,120.9137428
113,K71A8693,亞東工業氣體股份有限公司竹南廠,22522453,.0322,"28,778.8444","28,778.877",苗栗縣,化學原材料製造業,350台灣苗栗縣竹南鎮科中路12號,24.709978,120.9164357
113,K71A8772,力晶積成電子製造股份有限公司8B,28112667,"2,877.2237","36,626.7308","39,503.955",苗栗縣,半導體製造業,350台灣苗栗縣竹南鎮科北二路6號,24.7093134,120.9202222
113,K71A9522,聯合再生能源股份有限公司竹南廠,27763753,253.5905,"17,059.9179","17,313.508",苗栗縣,光電材料及元件製造業,350台灣苗栗縣竹南鎮科研路66號,24.7075012,120.9127544
113,K71B0795,台灣積體電路製造股份有限公司先進封測六廠,22099131,"13,303.6654","173,958.7584","187,262.424",苗栗縣,半導體製造業,350台灣苗栗縣竹南鎮科專一路1號,24.706099,120.9065393
113,K71B2355,台灣積體電路製造股份有限公司先進封測六B廠,22099131,"4,074.6894","75,207.4944","79,282.184",苗栗縣,半導體製造業,350台灣苗栗縣竹南鎮科專一路1號,24.706099,120.9065393
113,K7200933,華夏海灣塑膠股份有限公司頭份總廠,11686106,"22,373.7216","68,172.6994","90,546.421",苗栗縣,化學原材料製造業,351台灣苗栗縣頭份市民族路571號,24.6851829,120.8895549
113,K7201001,中國石油化學工業開發股份有限公司頭份廠,3084741,"11,962.0675","12,666.0384","24,628.106",苗栗縣,化學原材料製造業,351台灣苗栗縣頭份市自強路二段217號,24.6822518,120.8923886
113,K72A2838,紡安股份有限公司頭份工廠,25131486,"2,145.0942","13,253.7036","15,398.798",苗栗縣,紡紗業,351台灣苗栗縣頭份市自強路二段215號,24.6825176,120.8953813
113,K72A4864,超豐電子股份有限公司頭份廠,5126366,670.3894,"28,795.1208","29,465.51",苗栗縣,半導體製造業,351台灣苗栗縣頭份市中民路9號,24.6782414,120.8964934
113,K7300447,年興紡織股份有限公司,22266307,"5,312.7803","4,714.2144","10,026.995",苗栗縣,紡織品製造業,356台灣苗栗縣後龍鎮下浮尾119之3號,24.6262171,120.7990371
113,K77A0481,達邁科技股份有限公司銅鑼廠,70776899,"14,703.5859","21,443.0016","36,146.588",苗栗縣,其他電子零組件製造業,366台灣苗栗縣銅鑼鄉銅科二路6號,24.4670853,120.7632684
113,K77A0619,京元電子股份有限公司銅鑼分公司廠,22507241,"1,744.8099","76,698.3192","78,443.129",苗栗縣,半導體製造業,366台灣苗栗縣銅鑼鄉銅科北 路8號,24.4672191,120.7670081
113,K77A1855,力晶積成電子製造股份有限公司P5,28112667,"8,401.325","86,365.0752","94,766.4",苗栗縣,半導體製造業,366台灣苗栗縣銅鑼鄉銅科七路8號,24.4629924,120.7541787
113,k8000366,立安東化工股份有限公司三義廠,20939460,"68,365.807","12,912.1392","81,277.946",苗栗縣,化學原材料製造業,367台灣苗栗縣三義鄉99號,24.3507679,120.7410567
113,K8100129,東和鋼鐵企業股份有限公司苗栗廠,75280209,"91,670.9053","194,498.8616","286,169.767",苗栗縣,鋼鐵製造業,36842台灣苗栗縣西湖鄉22號,24.5692351,120.7394317
113,K8201149,冠軍建材股份有限公司第二廠,49701774,"56,986.5211","23,443.6608","80,430.182",苗栗縣,耐火、黏土建材及其他陶瓷製品製造業,361台灣苗栗縣造橋鄉乳姑山2號,24.6250076,120.8527989
113,L0200473,台灣電力股份有限公司台中發電廠,3795904,"26,138,053.3667","3,579.2138","26,141,632.581",臺中市,電力供應業,434台灣臺中市龍井區龍昌路1號,24.2145358,120.4921722
113,L0200633,中龍鋼鐵股份有限公司,84613756,"8,791,141.302","191,821.1436","8,982,962.446",臺中市,鋼鐵製造業,434台灣臺中市龍井區龍昌路100號,24.2293309,120.501457
113,L02A0301,中聯資源股份有限公司台中廠,86119908,"33,511.7482","24,146.5023","57,658.251",臺中市,其他非金屬礦物製品製造業,434台灣臺中市龍井區南堤路2號,24.2269716,120.4794207
113,L02A1943,餘慶堂興業股份有限公司研磨廠,28730458,"16,625.1594","24,559.5445","41,184.704",臺中市,水泥及其製品製造業,434台灣臺中市龍井區南堤路8號,24.2325352,120.4817897
113,L8801052,廣源造紙股份有限公司台中廠,50301500,"85,578.1102","32,822.1371","118,400.247",臺中市,紙漿、紙及紙板製造業,437台灣臺中市大甲區工一路1號,24.4116758,120.6442857
113,L8801141,巨大機械工業股份有限公司日南廠,56054251,"5,880.9117","12,702.0624","18,582.974",臺中市,自行車及其零件製造業,437台灣臺中市大甲區順帆路19號,24.4085942,120.6379253
113,L8900676,永豐餘消費品實業股份有限公司清水廠,22327037,"33,495.6573","29,141.3304","62,636.988",臺中市,其他紙製品製造業,436台灣臺中市清水區舊庄路258號,24.2974958,120.6327659
113,L8901039,中聯油脂股份有限公司台中港廠,89480404,"29,803.3314","15,941.1376","45,744.469",臺中市,動植物油脂製造業,436台灣臺中市清水區北堤路1-8號,24.2919085,120.5243227
113,L9000666,味丹企業股份有限公司沙鹿第一工廠,56121907,"38,744.6233","11,676.024","50,420.647",臺中市,其他食品製造業,433台灣臺中市沙鹿區興安路65號,24.228647,120.549604
113,L9100198,台灣玻璃工業股份有限公司台中廠,11914002,"75,364.3186","18,191.9304","93,556.249",臺中市,玻璃及其製品製造業,435台灣臺中市梧棲區自強路377號,24.2372238,120.5217875
113,L9100563,台灣玻璃工業股份有限公司台中廠平板三場,11914002,160.6914,"2,143.8072","2,304.499",臺中市,玻璃及其製品製造業,435台灣臺中市梧棲區自強路377號,24.2372238,120.5217875
113,L9101748,中美和石油化學股份有限公司台中廠,14040691,"159,109.8575","26,398.0123","185,507.87",臺中市,化學原材料製造業,435台灣臺中市梧棲區草湳里南堤路2段89號,24.2613362,120.4966377
113,L91A0867,台灣中油股份有限公司天然氣事業部台中液化天然氣廠,3707901,"4,089.4554","68,637.4752","72,726.931",臺中市,石油及煤製品製造業,435台灣臺中市梧棲區南堤路二段88號,24.2543366,120.4910302
113,L91A1845,亞東工業氣體股份有限公司台中分公司,22522453,87.1016,"67,788.2231","67,875.325",臺中市,化學原材料製造業,435台灣臺中市梧棲區經一路2號,24.2323085,120.5091462
113,L91A2566,藍海氣體工業股份有限公司台中廠,28438186,60.6542,"41,872.7808","41,933.435",臺中市,化學原材料製造業,435台灣臺中市梧棲區南堤路2段88-1號,24.2567652,120.4989377
113,L91A3247,台灣肥料股份有限公司台中廠,3795101,"384,323.8656","39,439.0752","423,762.941",臺中市,肥料及氮化合物製造業,435台灣臺中市梧棲區南堤路二段100號,24.2664956,120.5003558
113,L9200693,正隆股份有限公司后里分公司,33085508,"786,718.0847","30,358.752","817,076.837",臺中市,紙漿、紙及紙板製造業,421台灣臺中市后里區三豐路三段2號,24.2845555,120.723059
113,L9200728,豐興鋼鐵股份有限公司,55389357,"181,292.1063","479,450.536","660,742.642",臺中市,鋼鐵製造業,421台灣臺中市后里區甲后路一段998號,24.3108348,120.710959
113,L9202099,台灣美光記憶體股份有限公司台中一廠,28518076,"120,110.2532","519,553.4571","639,663.71",臺中市,半導體製造業,421台灣臺中市后里區三豐路四段369號,24.3185835,120.7247905
113,L9202231,三福氣體股份有限公司中科分公司中科二廠,11072509,110.944,"35,050.7552","35,161.699",臺中市,化學原材料製造業,407台灣臺中市西屯區工業區三路9號,24.1630678,120.6090816
113,L92A0931,友達光電股份有限公司后里廠,84149738,"6,127.942","337,256.8307","343,384.773",臺中市,光電材料及元件製造業,421台灣臺中市后里區馬場路1號,24.2954401,120.7268487
113,L92A0991,三福氣體股份有限公司中科分公司中科三廠,11072509,.0853,"31,956.1657","31,956.251",臺中市,化學原材料製造業,407台灣臺中市西屯區工業區三路9號,24.1630678,120.6090816
113,L9401467,菱生精密工業股份有限公司一廠,55625676,269.36,"13,317.0945","13,586.455",臺中市,半導體製造業,427台灣臺中市潭子區南二路5-1號,24.2175279,120.7014411
113,L9401476,矽品精密工業股份有限公司大豐廠,55991080,"5,432.956","74,829.086","80,262.042",臺中市,半導體製造業,427台灣臺中市潭子區大豐路三段123號,24.223522,120.6921587
113,L9402188,矽品精密工業股份有限公司中山廠,55991080,"1,002.3009","93,474.9715","94,477.272",臺中市,半導體製造業,427台灣臺中市潭子區中山路三段153號,24.2238816,120.7068606
113,L9506056,華邦電子股份有限公司中科廠,22099218,"34,757.9865","212,760.4785","247,518.465",臺中市,半導體製造業,428台灣臺中市大雅區科雅一路8號,24.211258,120.6187403
113,L9506663,聯亞科技股份有限公司中科工廠,22099456,2.6918,"50,552.6688","50,555.361",臺中市,未分類其他製造業,407台灣臺中市西屯區科園南路6號,24.1986494,120.6130251
113,L95A2041,台灣積體電路製造股份有限公司15廠,22099131,"128,816.6215","801,826.8936","930,643.515",臺中市,半導體製造業,428台灣臺中市大雅區科雅六路1號,24.2117205,120.6166094
113,M3302600,台灣銅箔股份有限公司,61932639,"12,551.4627","88,350.3768","100,901.84",南投縣,銅製造業,540台灣南投縣南投市成功三路150號,23.9278236,120.6638377
113,M3302762,台灣卜蜂企業股份有限公司南投肉品加工廠,36514783,"11,422.6838","20,361.9024","31,784.586",南投縣,肉類加工及保藏業,540台灣南投縣南投市工業東路17號,23.9304521,120.660858
113,N0702450,臺灣化學纖維股份有限公司,58650902,369.3526,"17,130.9004","17,500.253",彰化縣,紡紗業,500台灣彰化縣彰化市中山路三段359號,24.0878215,120.5616994
113,N0803765,台灣玻璃工業股份有限公司鹿港廠,11914002,"23,841.5773","72,576.2758","96,417.853",彰化縣,玻璃及其製品製造業,505台灣彰化縣鹿港鎮鹿工路52號,24.0772777,120.388258
113,N08A1098,台灣玻璃工業股份有限公司鹿港平板廠,11914002,"102,515.9586","16,831.5002","119,347.459",彰化縣,玻璃及其製品製造業,505台灣彰化縣鹿港鎮鹿工路52號,24.0772777,120.388258
113,N0911075,矽品精密工業股份有限公司彰化廠,55991080,"1,495.5731","101,053.6325","102,549.206",彰化縣,半導體製造業,500台灣彰化縣和美鎮彰新路二段8號,24.0935623,120.5376504
113,N1400562,榮成紙業股份有限公司,34202841,"224,704.7935","236,648.6331","461,353.427",彰化縣,紙漿、紙及紙板製造業,526台灣彰化縣二林鎮廣興巷1-1號,23.8653186,120.3620492
113,N14A1507,榮成紙業股份有限公司蒸汽廠,34202841,"240,470.5202",,"240,470.52",彰化縣,紙漿、紙及紙板製造業,526台灣彰化縣二林鎮廣興巷1-1號,23.8653186,120.3620492
113,N14A3583,矽品精密工業股份有限公司中科分公司二林廠,55991080,467.7488,"26,790.7612","27,258.51",彰化縣,半導體製造業,526台灣彰化縣二林鎮中科二林大道二段177號,23.9297305,120.4322153
113,N1504207,星能電力股份有限公司,70783765,"1,037,839.3998","3,901.968","1,041,741.368",彰化縣,電力供應業,507台灣彰化縣線西鄉線工南二路2號,24.126898,120.4307108
113,N1505633,星元電力股份有限公司,27945086,"1,161,083.4807","1,789.824","1,162,873.305",彰化縣,電力供應業,507台灣彰化縣線西鄉慶安南二路2號,24.1281484,120.4209471
113,N15A2520,長春石油化學股份有限公司彰濱廠,11384806,"43,666.8752","12,269.3952","55,936.27",彰化縣,化學原材料製造業,507台灣彰化縣線西鄉彰濱西三路5號,24.1449049,120.4303425
113,N1601229,慶欣欣鋼鐵股份有限公司,80354671,"47,995.928","194,753.328","242,749.256",彰化縣,鋼鐵製造業,509台灣彰化縣伸港鄉工西二路2號,24.1686451,120.5061652
113,N1601854,獻麒紡織工業股份有限公司,22474430,"15,615.1475","3,258.5604","18,873.708",彰化縣,染整業,509台灣彰化縣伸港鄉工八路9號,24.1714588,120.5069935
113,N1607141,台灣鋼聯股份有限公司,89528054,"79,958.1996","8,166.8304","88,125.03",彰化縣,化學原材料製造業,50953台灣彰化縣伸港鄉線工北一路36號,24.1545395,120.4511077
113,N16A0638,晉瑜企業股份有限公司彰濱廠,89939090,"5,750.6486","28,990.5984","34,741.247",彰化縣,水泥及其製品製造業,50953台灣彰化縣伸港鄉線工北一路18號,24.1522675,120.4493529
113,N16A1755,長春人造樹脂廠股份有限公司彰濱廠,11384708,"36,941.3904","24,742.0416","61,683.432",彰化縣,化學原材料製造業,509台灣彰化縣伸港鄉線工北三路31號,24.1450675,120.4304438
113,N2100552,正新橡膠工業股份有限公司,59504506,"21,088.1532","24,917.9904","46,006.144",彰化縣,橡膠製品製造業,515台灣彰化縣大村鄉美港路215號,23.9828825,120.5749074
113,N2901755,力麗企業股份有限公司彰化一廠,7663290,209.4494,"23,507.5152","23,716.965",彰化縣,紡紗業,528台灣彰化縣芳苑鄉工區七路16號,23.9175517,120.3518733
113,N2902234,力麗企業股份有限公司彰化化纖總廠,7663290,"36,965.1331","57,852.6391","94,817.772",彰化縣,人造纖維製造業,528台灣彰化縣芳苑鄉工業路38號,23.923622,120.3551431
113,N2904318,力鵬企業股份有限公司彰化尼龍總廠,33955322,"75,546.5666","67,645.7481","143,192.315",彰化縣,人造纖維製造業,528台灣彰化縣芳苑鄉工業路33號,23.9210974,120.3538421
113,N2907551,東隆興業股份有限公司彰化芳苑廠,18770509,618.9971,"34,804.4962","35,423.493",彰化縣,紡紗業,528台灣彰化縣芳苑鄉工區三路11號,23.9121388,120.3487728
113,N3000533,碁富食品股份有限公司彰化廠,22360437,"6,186.0094","17,053.6668","23,239.676",彰化縣,肉類加工及保藏業,527台灣彰化縣大城鄉南平路1-1號,23.8495619,120.3278696
113,N3200337,正新橡膠工業股份有限公司溪州廠,59504506,"6,913.9676","20,287.9584","27,201.926",彰化縣,橡膠製品製造業,524台灣彰化縣溪州鄉中山路二段602號,23.8498371,120.485693
113,O1700798,元隆電子股份有限公司,22099174,"42,976.1593","20,028.1952","63,004.355",新竹市,半導體製造業,300台灣新竹市東區研發二路14號,24.778291,121.0023453
113,O1701115,漢磊科技股份有限公司研新廠,54389725,"10,557.8462","7,132.4206","17,690.267",新竹市,半導體製造業,30076台灣新竹市東區科學園區新竹縣寶山鄉創新一路18號1樓,24.777619,120.996058
113,O1702523,正隆股份有限公司新竹廠,33085508,"13,171.4354","9,956.2752","23,127.711",新竹市,紙漿、紙及紙板製造業,300台灣新竹市香山區牛埔路308號,24.7999775,120.94606
113,O1703315,華夏玻璃股份有限公司,47109348,"93,556.3445","28,006.0056","121,562.35",新竹市,玻璃及其製品製造業,300台灣新竹市香山區埔前路49號,24.7957197,120.9383569
113,O1703351,台灣玻璃工業股份有限公司新竹廠,11914002,"101,767.7789","41,334.696","143,102.475",新竹市,玻璃及其製品製造業,300台灣新竹市香山區中華路四段470號,24.7911338,120.9373214
113,O1704812,台灣茂矽電子股份有限公司,22099110,"70,126.644","44,915.1877","115,041.832",新竹市,半導體製造業,300台灣新竹市東區研新一路1號,24.7765338,120.9883338
113,O1706049,元太科技工業股份有限公司,22099890,632.9179,"19,031.7361","19,664.654",新竹市,光電材料及元件製造業,300台灣新竹市東區力行一路3號元太科技新竹廠A棟,24.770449,121.0186284
113,O1706209,聯華電子股份有限公司Fab8A廠,47217677,"29,773.2231","97,373.2612","127,146.484",新竹市,半導體製造業,300台灣新竹縣寶山鄉研新一路16號,24.7749701,120.9938198
113,O1706307,旺宏電子股份有限公司晶圓二廠,22099548,"59,325.3004","81,226.9588","140,552.259",新竹市,半導體製造業,300台灣新竹市東區力行路19號,24.7654899,121.0240148
113,O1706692,聯華電子股份有限公司Fab8E廠,47217677,"26,858.2397","67,802.4645","94,660.704",新竹市,半導體製造業,300台灣新竹縣寶山鄉研新一路16號,24.7749701,120.9938198
113,O1706923,昇陽國際半導體(股)公司,84149884,"1,329.5173","16,901.2246","18,230.742",新竹市,半導體製造業,300台灣新竹市東區力行路6號,24.7745936,121.0248789
113,O1707162,矽格聯測股份有限公司,84149456,351.9763,"26,852.8896","27,204.866",新竹市,半導體製造業,300台灣新竹市東區力行三路2號,24.7751313,121.022032
113,O1707395,友達光電股份有限公司L5廠,84149738,979.1892,"23,098.8111","24,078",新竹市,光電材料及元件製造業,300台灣新竹市東區力行路23號,24.7606283,121.0208895
113,O1708632,聯華電子股份有限公司Fab8F廠,47217677,"28,438.2375","50,374.1879","78,812.425",新竹市,半導體製造業,300台灣新竹市東區力行二路3號,24.7708157,121.0192901
113,O1709148,聯華電子股份有限公司Fab8D廠,47217677,"48,038.2487","135,750.2422","183,788.491",新竹市,半導體製造業,300台灣新竹市東區力行二路3號,24.7708157,121.0192901
113,O1709193,友達光電股份有限公司L3B廠,84149738,689.7167,"9,367.1822","10,056.899",新竹市,光電材料及元件製造業,300台灣新竹市東區力行路23號,24.7606283,121.0208895
113,O1709308,台灣積體電路製造股份有限公司十二廠,22099131,"48,391.2859","256,777.248","305,168.534",新竹市,半導體製造業,308台灣新竹縣寶山鄉園區二路168號,24.7702397,121.0123147
113,O1713197,台亞半導體股份有限公司力行廠,47255947,"3,330.3368","31,742.7751","35,073.112",新竹市,半導體製造業,300台灣新竹市東區力行五路1號,24.7630317,121.0212586
113,O1713311,台灣積體電路製造股份有限公司八廠,22099131,"112,239.7079","167,679.1116","279,918.82",新竹市,半導體製造業,300台灣新竹市東區力行路25號,24.7624399,121.01981
113,O1743793,聯亞科技股份有限公司二廠,22099456,4.5592,"19,785.1392","19,789.698",新竹市,化學原材料製造業,300台灣新竹市東區力行一路10號,24.7728068,121.0167014
113,O1746614,聯亞科技股份有限公司三廠,22099456,30.4057,"198,828.2112","198,858.617",新竹市,化學原材料製造業,300台灣新竹市東區力行四路3號,24.7622416,121.0228056
113,O1747924,頎邦科技股份有限公司展業廠,16130009,248.6219,"43,718.916","43,967.538",新竹市,半導體製造業,300台灣新竹市東區展業一路10號,24.7846211,121.00293
113,O1749526,采鈺科技股份有限公司,80601119,"4,008.8636","19,298.4536","23,307.317",新竹市,其他電子零組件製造業,"No. 12號, No. 12篤行一路東區新竹市台灣 300",24.7735196,121.0232457
113,O1751197,世界先進積體電路股份有限公司晶圓二廠,84149358,"44,947.7677","126,503.1999","171,450.968",新竹市,半導體製造業,300台灣新竹市東區力行路9號,24.7714636,121.0281827
113,O1753306,力晶積成電子製造股份有限公司8A,28112667,"10,406.3681","78,906.3553","89,312.723",新竹市,半導體製造業,300台灣新竹市東區力行一路18號4樓,24.7681886,121.0170081
113,O17A0968,新唐科技股份有限公司,28112646,"20,522.8906","33,297.9279","53,820.819",新竹市,半導體製造業,300台灣新竹市東區研新三路4號三樓,24.7792616,120.9906641
113,O17A6887,旺宏電子股份有限公司晶圓五廠,22099548,"56,122.8661","151,529.5838","207,652.45",新竹市,半導體製造業,300台灣新竹市東區力行路19號,24.7654899,121.0240148
113,O17K9082,力成科技股份有限公司竹科分公司,16082267,726.9803,"17,664.193","18,391.173",新竹市,半導體製造業,303台灣新竹縣湖口鄉大同路10號,24.8693044,120.9983556
113,O17M3787,晶成半導體股份有限公司竹科廠,28114454,814.3087,"4,842.0709","5,656.38",新竹市,半導體製造業,300台灣新竹市東區力行五路5號1 F,24.7648589,121.0197737
113,O17M3896,力晶積成電子製造股份有限公司P3,28112667,"20,462.1713","138,903.3869","159,365.558",新竹市,半導體製造業,300台灣新竹市東區力行路16-1號,24.7669451,121.0243215
113,O17M3925,力晶積成電子製造股份有限公司P1／2,28112667,"26,638.2993","273,970.6235","300,608.923",新竹市,半導體製造業,300台灣新竹市東區力行一路12號,24.7698161,121.01764
113,O17N2261,亞東工業氣體股份有限公司竹科二廠,22522453,64.1699,"44,871.4944","44,935.664",新竹市,化學原材料製造業,308台灣新竹縣寶山鄉大雅一街103號,24.761684,121.0023662
113,O17N2439,力成科技股份有限公司竹科三廠,16082267,960.7851,"20,002.2028","20,962.988",新竹市,半導體製造業,300台灣新竹市東區力行四路29號,24.7606193,121.0229419
113,O17N5463,世界先進積體電路股份有限公司晶圓五廠,84149358,"18,520.8761","45,049.3992","63,570.275",新竹市,半導體製造業,300台灣新竹市東區力行二路1-1號,24.7740488,121.0195629
113,O17N6560,鴻揚半導體股份有限公司,90505585,"14,213.3424","25,920.6691","40,134.012",新竹市,半導體製造業,300台灣新竹市東區研新三路3號,24.7802994,120.9901669
113,O17N8209,盧森堡商達爾國際股份有限公司新竹分公司,28115046,"25,027.3572","22,259.04","47,286.397",新竹市,半導體製造業,300台灣新竹市東區工業東七路7號,24.7756835,121.0107294
113,P4600987,福懋興業股份有限公司,14001199,"52,302.7416","61,794.7633","114,097.505",雲林縣,染整業,640台灣雲林縣斗六市石榴路317號,23.7272352,120.5880423
113,P4601984,福懋興業股份有限公司第二廠,14001199,"6,880.6033","19,180.8646","26,061.468",雲林縣,織布業,640台灣雲林縣斗六市石榴路317號,23.7272352,120.5880423
113,P4602196,福懋科技股份有限公司,23826736,"2,993.8593","111,111.9659","114,105.825",雲林縣,半導體製造業,640台灣雲林縣斗六市河南街329號,23.7130592,120.5760824
113,P4602276,台日古河銅箔股份有限公司,97168665,"3,728.2625","51,873.8054","55,602.068",雲林縣,其他基本金屬製造業,640台灣雲林縣斗六市斗工二路8號,23.7189011,120.590528
113,P4602552,金居開發股份有限公司斗六一廠,16447610,"1,119.6036","45,562.3968","46,682",雲林縣,銅製造業,640台灣雲林縣斗六市科工八路56號,23.7197312,120.5079746
113,P4602758,富喬工業股份有限公司,16834268,"25,139.8134","50,129.4445","75,269.258",雲林縣,其他非金屬礦物製品製造業,640台灣雲林縣斗六市斗工十六路8號,23.7098924,120.5965904
113,P4606327,艾杰旭顯示玻璃股份有限公司斗六一廠,70584724,"24,447.7962","84,598.346","109,046.142",雲林縣,玻璃及其製品製造業,640台灣雲林縣斗六市科工七路8號,23.7180315,120.5035408
113,P4606818,金居開發股份有限公司斗六二廠,16447610,"1,506.7334","45,530.089","47,036.822",雲林縣,銅製造業,640台灣雲林縣斗六市科工八路56號,23.7197312,120.5079746
113,P4607940,上銀科技股份有限公司-雲科廠,23503047,817.5803,"34,154.7421","34,972.322",雲林縣,金屬加工用機械設備製造業,640台灣雲林縣斗六市科班二路7號,23.7279516,120.5615541
113,P46A0069,巧新科技工業股份有限公司二廠,84980915,"8,843.4679","26,538.8498","35,382.318",雲林縣,金屬加工處理業,640台灣雲林縣斗六市雲科路三段80號,23.7260599,120.5180486
113,P46A0693,艾杰旭顯示玻璃股份有限公司斗六二廠,70584724,"90,027.1909","162,458.3808","252,485.572",雲林縣,玻璃及其製品製造業,640台灣雲林縣斗六市科工八路8號,23.7232951,120.515006
113,P46A5881,古河銅箔股份有限公司,53372182,981.842,"20,701.3584","21,683.2",雲林縣,其他基本金屬製造業,640台灣雲林縣斗六市科加路25號,23.7343892,120.5420966
113,P46B5125,中國石油化學工業開發股份有限公司斗六廠,3084741,"21,503.5902","11,145.2691","32,648.859",雲林縣,塑膠及合成橡膠原料製造業,640台灣雲林縣斗六市斗工十路156號,23.7145466,120.5974868
113,P4801322,台榮產業股份有限公司雲林廠,3543210,"27,527.6995","14,024.5679","41,552.267",雲林縣,碾穀、磨粉及澱粉製品製造業,"632台灣雲林縣虎尾鎮惠來路112號, 632",23.7284504,120.4855186
113,P48A0851,富喬工業股份有限公司雲林分公司,16834268,"38,141.2566","37,430.7908","75,572.047",雲林縣,玻璃及其製品製造業,640台灣雲林縣斗六市斗工十六路8號,23.7098924,120.5965904
113,P5400070,建大工業股份有限公司雲林廠,59619900,"11,434.5713","15,282.7165","26,717.288",雲林縣,橡膠製品製造業,647台灣雲林縣莿桐鄉延平路50號,23.7487202,120.4977599
113,P5500191,合眾紙業股份有限公司林內廠,4380087,"35,333.97","23,419.7712","58,753.741",雲林縣,紙漿、紙及紙板製造業,643台灣雲林縣林內鄉瑞農65號,23.7670948,120.6046704
113,P5801513,南亞塑膠工業股份有限公司麥寮總廠,75370905,"230,672.1837","529,653.4447","760,325.628",雲林縣,化學原材料製造業,638台灣雲林縣麥寮鄉中山高速公路,23.79864,120.21748
113,P5801602,台灣塑膠工業股份有限公司麥寮廠,75708007,"481,861.5779","3,324,136.6669","3,805,998.245",雲林縣,未分類其他化學製品製造業,638台灣雲林縣麥寮鄉台塑工業園區1號,23.8002145,120.2157963
113,P5801719,麥寮汽電股份有限公司,96975970,"9,060,515.5856","2,483.8503","9,062,999.436",雲林縣,電力供應業,638台灣雲林縣麥寮鄉7號,23.8041865,120.1914995
113,P5801728,台塑石化股份有限公司麥寮二廠,86522210,"3,304,276.3074","192,725.5608","3,497,001.868",雲林縣,未分類其他化學製品製造業,638台灣雲林縣麥寮鄉工業路17號,23.7771766,120.1874829
113,P5801773,台灣化學纖維股份有限公司麥寮廠,58650902,"370,380.0275","948,323.3203","1,318,703.348",雲林縣,化學原材料製造業,"638台灣雲林縣麥寮鄉5號, 台 塑 工業 園區",23.8136467,120.2098154
113,P5801871,台塑勝高科技股份有限公司麥寮矽晶圓廠,89406518,"6,077.2966","216,204.0314","222,281.328",雲林縣,半導體製造業,638台灣雲林縣麥寮鄉63810號,23.78877,120.20377
113,P5802001,台灣塑膠工業股份有限公司麥寮碳纖廠,75708007,"4,841.7234","157,762.0858","162,603.809",雲林縣,化學原材料製造業,638台灣雲林縣麥寮鄉工業路1號,23.7901373,120.2620449
113,P5802092,台灣化學纖維股份有限公司海豐廠,58650902,"1,239,969.3576","1,815,065.9598","3,055,035.317",雲林縣,化學原材料製造業,638台灣雲林縣麥寮鄉638,23.761906,120.1759649
113,P5802323,南中石化工業股份有限公司乙二醇廠,97161348,129.4134,412.1856,541.599,雲林縣,化學原材料製造業,638台灣雲林縣麥寮鄉麥寮鄉台塑工業園區1號重工機房,23.798645,120.21748
113,P5802378,台塑旭彈性纖維股份有限公司麥寮廠,16446128,"3,377.4623","43,900.9079","47,278.37",雲林縣,化學原材料製造業,"638台灣雲林縣麥寮鄉12號, 台塑工業園區",23.7816419,120.2023879
113,P5802387,大連化學工業股份有限公司麥寮廠,12233428,"81,850.8803","724,481.3365","806,332.217",雲林縣,化學原材料製造業,638台灣雲林縣麥寮鄉25號,23.759851,120.1726932
113,P5802421,台塑石化股份有限公司麥寮一廠,86522210,"14,418,639.2782",,"14,418,639.278",雲林縣,石油及煤製品製造業,638台灣雲林縣麥寮鄉中山高速公路,23.79864,120.21748
113,P5802430,台塑石化股份有限公司麥寮三廠,86522210,"5,484,809.9511","44,238.3404","5,529,048.292",雲林縣,未分類其他化學製品製造業,638台灣雲林縣麥寮鄉麥寮鄉台塑工業園區39號,23.762269,120.187877
113,P5805244,南亞塑膠工業股份有限公司海豐總廠,75370905,"117,315.0542","579,990.9646","697,306.019",雲林縣,化學原材料製造業,"638台灣雲林縣麥寮鄉42號, 台塑工業園區",23.7737178,120.1913452
113,P5805271,長春人造樹脂廠股份有限公司麥寮廠,11384708,"1,957.5795","39,555.7521","41,513.332",雲林縣,化學原材料製造業,638台灣雲林縣麥寮鄉Unnamed Road27號,23.7589129,120.1724948
113,P5805753,長春石油化學股份有限公司麥寮廠,11384806,"19,671.8254","404,423.6939","424,095.519",雲林縣,化學原材料製造業,638台灣雲林縣麥寮鄉25號,23.759615,120.1728267
113,P5805780,台灣醋酸化學股份有限公司醋酸廠,80087041,"14,925.1489","116,129.473","131,054.622",雲林縣,未分類其他化學製品製造業,638台灣雲林縣麥寮鄉東環路129號,23.7986392,120.2174861
113,P5806349,台灣塑膠工業股份有限公司海豐廠,75708007,"89,812.5639","161,309.1906","251,121.755",雲林縣,化學原材料製造業,638台灣雲林縣麥寮鄉638,23.761906,120.1759649
113,P58A1635,台塑科騰化學有限公司,53667030,"6,238.7066","51,591.1719","57,829.879",雲林縣,塑膠及合成橡膠原料製造業,638台灣雲林縣麥寮鄉Q5MH+5P,23.7829827,120.1793247
113,P58A5558,台塑勝高科技股份有限公司麥寮矽晶圓二廠,89406518,"2,657.7687","64,810.1395","67,467.908",雲林縣,半導體製造業,638台灣雲林縣麥寮鄉63810號,23.78877,120.20377
113,Q68A1602,和大工業股份有限公司嘉義廠,52264848,"1,154.092","22,560.504","23,714.596",嘉義縣,汽車零件製造業,622台灣嘉義縣大林鎮大埔美園區五路18號,23.5934167,120.5174563
113,Q6900821,上評資源循環股份有限公司嘉義廠,91004618,"8,801.3282","12,930.9096","21,732.238",嘉義縣,紙漿、紙及紙板製造業,621台灣嘉義縣民雄鄉工業一路10號,23.5190922,120.426951
113,Q6901613,福隆玻璃纖維股份有限公司,22663571,"19,796.0642","24,313.3494","44,109.414",嘉義縣,玻璃及其製品製造業,621台灣嘉義縣民雄鄉中華路89號,23.526617,120.456131
113,Q6907286,嘉惠電力股份有限公司,96976990,"2,029,312.2617","35,951.0358","2,065,263.298",嘉義縣,電力供應業,62148台灣嘉義縣民雄鄉松山村松子腳688號,23.5317971,120.4726806
113,Q7100245,台灣必成股份有限公司新港廠,22662355,"43,846.7688","109,776.3911","153,623.16",嘉義縣,玻璃及其製品製造業,616台灣嘉義縣新港鄉2-1號,23.5111242,120.3695728
113,Q7100254,台灣化學纖維股份有限公司新港廠,58650902,"2,258,040.4692","5,120.7168","2,263,161.186",嘉義縣,人造纖維製造業,616002台灣嘉義縣新港鄉1號,23.5221981,120.3825302
113,Q7100272,南亞塑膠工業股份有限公司新港廠,75370905,"42,467.6851","718,500.5975","760,968.283",嘉義縣,塑膠製品製造業,616台灣嘉義縣新港鄉三間厝38號,23.5216367,120.3824802
113,Q7100754,台灣塑膠工業股份有限公司新港廠,75708007,"15,661.0376","253,097.334","268,758.372",嘉義縣,塑膠及合成橡膠原料製造業,616台灣嘉義縣新港鄉工業區2號,23.522898,120.3818536
113,Q7600375,南亞塑膠工業股份有限公司嘉義廠,75370905,"12,919.581","63,073.0943","75,992.675",嘉義縣,塑膠製品製造業,612台灣嘉義縣太保市北港路二段201號,23.4970118,120.3783989
113,Q76A0767,曜智實業股份有限公司嘉義廠,12617727,"29,470.5283","6,146.1608","35,616.689",嘉義縣,染整業,612台灣嘉義縣太保市中興路11號,23.5085886,120.3592999
113,R0300384,統一企業股份有限公司新市廠,73251209,"20,591.9842","30,222.578","50,814.562",臺南市,乳品製造業,744008台灣臺南市新市區大營里大營 7號,23.0993323,120.317346
113,R0300606,得力實業股份有限公司,73686632,"32,688.8385","23,320.7697","56,009.608",臺南市,染整業,744台灣臺南市新市區復興路820號,23.1047554,120.2949128
113,R0301514,南茂科技股份有限公司台南廠,16130042,814.3385,"73,574.0224","74,388.361",臺南市,半導體製造業,744台灣臺南市新市區南科七路5號,23.1097393,120.2760831
113,R0301603,宏捷科技股份有限公司南科大利廠,16130423,"25,759.5221","20,395.4322","46,154.954",臺南市,半導體製造業,744台灣臺南市新市區大利一路6號,23.1079748,120.2797648
113,R0304131,聯華電子股份有限公司Fab12A廠,47217677,"67,071.1076","365,632.2842","432,703.392",臺南市,半導體製造業,744台灣臺南市新市區南科二路18號,23.0956627,120.2790714
113,R0304944,艾杰旭顯示玻璃股份有限公司台南廠,70584724,230.4466,"27,297.8496","27,528.296",臺南市,玻璃及其製品製造業,744台灣臺南市新市區風鈴路1號,23.0966977,120.2597554
113,R0305156,瀚宇彩晶南科TFT-LCD三廠,16450500,"14,156.0775","194,391.2034","208,547.281",臺南市,光電材料及元件製造業,741台灣臺南市新市區南科二路35號,23.09469,120.2800349
113,R03A0450,群創光電股份有限公司樹谷分公司,12800225,"8,505.391","397,636.5109","406,141.902",臺南市,光電材料及元件製造業,74148台灣臺南市新市區紫楝路21號,23.1007961,120.2624638
113,R03A0658,晶元光電股份有限公司南科一廠,84149786,"9,985.1125","24,928.7654","34,913.878",臺南市,光電材料及元件製造業,744台灣臺南市新市區大順九路16號,23.1070619,120.2878454
113,R03A1894,群創光電股份有限公司B廠,12800225,"21,956.0935","392,588.5879","414,544.681",臺南市,光電材料及元件製造業,741台灣臺南市善化區南科八路12號B棟,23.1154249,120.2762664
113,R03A1903,群創光電股份有限公司A廠,12800225,962.8261,"25,056.6797","26,019.506",臺南市,光電材料及元件製造業,744台灣臺南市新市區奇業路1號,23.0875622,120.2815577
113,R03A1913,群創光電股份有限公司D廠,12800225,"9,499.9128","420,230.7482","429,730.661",臺南市,光電材料及元件製造業,744台灣臺南市新市區環西路一段3號,23.090312,120.277275
113,R0500240,宏遠興業股份有限公司,22817999,"57,581.2283","37,833.6542","95,414.883",臺南市,染整業,743台灣臺南市山上區256號,23.1133126,120.3422775
113,R0503072,森霸電力股份有限公司,70783499,"2,241,729.5848","1,213.44","2,242,943.025",臺南市,電力供應業,743台灣臺南市山上區66號,23.0842713,120.3559143
113,R1001719,臺南紡織股份有限公司仁德廠,68919301,"11,436.8772","10,879.2935","22,316.171",臺南市,紡紗業,717台灣臺南市仁德區中正路二段1034巷6號,22.9642474,120.2559933
113,R1001791,台南紡織股份有限公司太子廠,68919301,"22,639.6521","51,479.8128","74,119.465",臺南市,人造纖維製造業,717台灣台灣省仁德區中正路三段419號,22.9842624,120.2574353
113,R1002065,奇美實業股份有限公司,68387705,"356,842.1976","7,459.3015","364,301.499",臺南市,塑膠及合成橡膠原料製造業,717台灣臺南市仁德區中正路一段398號,22.9272249,120.2431587
113,R1002547,豐年豐和企業股份有限公司上崙一廠,16635562,"18,929.5522","5,376.4872","24,306.039",臺南市,動植物油脂製造業,717台灣臺南市仁德區崑崙路201號,22.9328505,120.2508391
113,R10A3047,奇美實業股份有限公司旭美廠,68387705,"26,227.1383","85,799.474","112,026.612",臺南市,塑膠及合成橡膠原料製造業,717台灣臺南市仁德區中正路一段398號,22.9272249,120.2431587
113,R1412418,統一實業股份有限公司二廠,73252657,"34,181.5244","59,948.046","94,129.57",臺南市,金屬加工處理業,710台灣臺南市永康區中正北路837號,23.0505581,120.2667841
113,R14A1883,易昇鋼鐵股份有限公司,28098406,"22,348.2377","92,484.6048","114,832.843",臺南市,鋼鐵製造業,710台灣臺南市永康區正南一街200號,23.0281573,120.2250601
113,R8400372,台灣史谷脫紙業股份有限公司新營廠,11820053,"11,235.9703","16,359.2568","27,595.227",臺南市,其他紙製品製造業,730台灣臺南市新營區南紙街94號,23.2983704,120.2929109
113,R8400416,臺灣紙業股份有限公司新營紙廠,11912102,"7,373.772","20,022.8976","27,396.67",臺南市,化學原材料製造業,730台灣臺南市新營區南紙街94號,23.2983704,120.2929109
113,R8400827,榮剛材料科技股份有限公司新營廠,84252697,"59,404.6619","74,838.1555","134,242.817",臺南市,鋼鐵製造業,730台灣臺南市新營區新中路35號,23.3016583,120.2809331
113,R8500582,華新麗華股份有限公司鹽水廠,35412204,"92,698.0136","135,640.634","228,338.648",臺南市,鋼鐵製造業,737台灣臺南市鹽水區3之10號,23.3340512,120.2905244
113,R9001597,能元科技股份有限公司南科廠,16441469,"4,679.7055","22,226.4288","26,906.134",臺南市,電池製造業,741台灣臺南市善化區大利二路10號,23.1145172,120.278318
113,R9001631,三福氣體股份有限公司南科廠,11072509,"2,434.7166","59,051.9007","61,486.617",臺南市,化學原材料製造業,745台灣臺南市安定區北園三路10號,23.1229044,120.2624825
113,R9001677,台灣積體電路製造股份有限公司十四廠,22099131,"141,025.9728","750,365.5104","891,391.483",臺南市,半導體製造業,741台灣臺南市善化區南科北路1號,23.1145277,120.2743889
113,R9001702,台灣康寧顯示玻璃股份有限公司南科分公司台南廠,4388145,"2,979.4732","66,038.6081","69,018.081",臺南市,玻璃及其製品製造業,741台灣臺南市善化區環東路二段33號,23.1181074,120.2784595
113,R9004230,台灣積體電路製造股份有限公司六廠,22099131,"104,107.769","184,852.4492","288,960.218",臺南市,半導體製造業,744台灣臺南市新市區南科北路1號,23.1100289,120.2735232
113,R90A0302,晶元光電股份有限公司南科三廠,84149786,630.44,"15,879.6769","16,510.117",臺南市,光電材料及元件製造業,741台灣臺南市善化區南科八路11號,23.1141327,120.2761632
113,R90A0401,誠美材料科技股份有限公司,27790294,"14,463.4892","29,334.912","43,798.401",臺南市,光電材料及元件製造業,741台灣臺南市善化區木柵港西路13號,23.106012,120.2581766
113,R90A0689,住華科技股份有限公司南科一廠,70848177,"10,868.207","26,118.2878","36,986.495",臺南市,其他電子零組件製造業,741台灣臺南市善化區環東路二段32號,23.1217605,120.2754575
113,R90A1360,台灣積體電路製造股份有限公司先進封測二廠,22099131,"22,235.6811","87,016.0459","109,251.727",臺南市,半導體製造業,741台灣臺南市善化區南科北路1之1號,23.1098041,120.2712618
113,R9100522,東盟開發實業股份有限公司學甲廠,88121697,"22,953.2821","29,842.6608","52,795.943",臺南市,鋼鐵製造業,726台灣臺南市學甲區754C+V4,23.2571395,120.1702826
113,R92A0659,榮剛材料科技股份有限公司柳營廠,84252697,"35,732.0995","23,182.5573","58,914.657",臺南市,鋼鐵製造業,736台灣臺南市柳營區腳腿仔大道13號,23.2791244,120.3579883
113,R9700353,怡華實業股份有限公司,33144175,"8,286.2218","17,100.7749","25,386.997",臺南市,紡紗業,720台灣臺南市官田區工業路11號,23.2075548,120.3239361
113,R9701056,大統益股份有限公司,20927014,"4,714.519","104,179.9867","108,894.506",臺南市,動植物油脂製造業,720台灣臺南市官田區工業西路32號,23.2127212,120.320313
113,R9701341,威致鋼鐵工業股份有限公司官田廠,69771636,"66,913.9654","167,127.0912","234,041.057",臺南市,鋼鐵製造業,720台灣臺南市官田區南廍123號,23.2262982,120.3104239
113,R9702160,台灣汽電共生股份有限公司官田廠,86685142,"369,248.0932",253.7986,"369,501.892",臺南市,電力供應業,720台灣臺南市官田區工業西路28號,23.2107951,120.3201115
113,S1601178,晉禾企業股份有限公司,88680066,"4,814.5156","16,932.0384","21,746.554",高雄市,金屬加工處理業,820台灣高雄市岡山區新樂街107號,22.8073315,120.2933827
113,S1601203,春雨工廠股份有限公司,88187108,"10,180.9245","5,315.2758","15,496.2",高雄市,其他基本金屬製造業,820台灣高雄市岡山區新樂街169號,22.8092494,120.2923963
113,S1601570,燁興企業股份有限公司軋鋼廠,75992214,"11,215.4467","14,939.9705","26,155.417",高雄市,其他金屬製品製造業,820台灣高雄市岡山區寶米路369號,22.7707875,120.2740228
113,S1601990,燁聯鋼鐵股份有限公司,23218395,"223,796.2777","305,517.8351","529,314.113",高雄市,鋼鐵製造業,820台灣高雄市岡山區興隆街600號,22.8309261,120.3005934
113,S1602102,中鴻鋼鐵股份有限公司熱軋廠,7838854,"112,038.9851","80,916.0077","192,954.993",高雄市,鋼鐵製造業,820台灣高雄市岡山區興隆街576號,22.82647,120.29961
113,S1695018,漢翔航空工業股份有限公司岡山廠,97160544,"2,770.9627","23,561.4782","26,332.441",高雄市,未分類其他運輸工具及其零件製造業,820台灣高雄市岡山區崗德路1號,22.8119028,120.3207283
113,S1900283,和益化學工業股份有限公司,4312878,"57,623.9712","16,628.9685","74,252.94",高雄市,化學原材料製造業,832台灣高雄市林園區石化三路9號,22.4876543,120.4058487
113,S1900372,台灣氯乙烯工業股份有限公司林園廠,19084015,"112,210.457","47,919.1477","160,129.605",高雄市,化學原材料製造業,832台灣高雄市林園區工業一路1號,22.499011,120.4069092
113,S1900578,東聯化學股份有限公司高雄林園廠,14057995,"20,976.3391","291,738.6425","312,714.982",高雄市,化學原材料製造業,832台灣高雄市林園區工業三路3號,22.493906,120.4147949
113,S1900596,亞洲聚合股份有限公司 林園廠,20747385,"10,154.7744","90,756.8773","100,911.652",高雄市,塑膠及合成橡膠原料製造業,832台灣高雄市林園區工業一路3號,22.501852,120.4068083
113,S1900612,聯成化學科技股份有限公司林園廠,4748660,"29,114.7159","12,513.7662","41,628.482",高雄市,化學原材料製造業,832台灣高雄市林園區工業二路3號,22.5030674,120.4136687
113,S1900630,台達化學工業股份有限公司林園廠,11893409,"6,827.4869","32,754.1095","39,581.596",高雄市,塑膠及合成橡膠原料製造業,832台灣高雄市林園區工業一路5號,22.5060123,120.4057873
113,S1900649,南帝化學工業股份有限公司,12209807,"1,360.2444","25,336.773","26,697.017",高雄市,塑膠及合成橡膠原料製造業,832台灣高雄市林園區工業一路9號,22.5103631,120.4048619
113,S1900658,台灣苯乙烯工業股份有限公司高雄廠,20844865,"246,626.0104","28,866.1004","275,492.111",高雄市,化學原材料製造業,832台灣高雄市林園區工業一路7號,22.5073491,120.405701
113,S1900676,李長榮化學工業股份有限公司林園廠,39054405,"19,403.2574","39,683.22","59,086.477",高雄市,化學原材料製造業,832台灣高雄市林園區石化三路11號,22.487728,120.4047558
113,S1900685,台灣塑膠工業股份有限公司林園廠,75708007,"479,582.4477","140,100.1554","619,682.603",高雄市,化學原材料製造業,832台灣高雄市林園區石化一路1號,22.5075475,120.4118101
113,S1900694,台灣石化合成股份有限公司林園廠,30974253,"47,681.4337","38,572.6163","86,254.05",高雄市,未分類其他化學製品製造業,832台灣高雄市林園區工業二路1號,22.4988619,120.4144485
113,S1900701,台灣塑膠工業股份有限公司林園聚丙烯廠,75708007,253.5373,"106,593.716","106,847.253",高雄市,化學原材料製造業,832台灣高雄市林園區石化一路1號,22.5075475,120.4118101
113,S1900710,台灣中油股份有限公司石化事業部,3707901,"1,969,268.4289","82,968.5808","2,052,237.01",高雄市,化學原材料製造業,832台灣高雄市林園區石化二路3號,22.4986779,120.406679
113,S1900729,聯華氣體工業股份有限公司林園工廠,5258865,864.1008,"49,227.3648","50,091.466",高雄市,化學原材料製造業,832台灣高雄市林園區工業二路3-1號,22.5032373,120.4111654
113,S1901002,合興石化工業股份有限公司林園廠,23531178,"22,391.4915","19,739.052","42,130.544",高雄市,未分類其他化學製品製造業,832台灣高雄市林園區工業二路1號,22.4988619,120.4144485
113,S1901066,信昌化學工業股份有限公司林園廠,86120031,"153,958.77","67,806.281","221,765.051",高雄市,化學原材料製造業,832台灣高雄市林園區工業三路9號,22.4970261,120.4150045
113,S2000424,台灣寶理塑膠股份有限公司大發廠,22853994,"6,692.5439","80,553.9678","87,246.512",高雄市,塑膠及合成橡膠原料製造業,831台灣高雄市大寮區建業路13號,22.5709206,120.4272615
113,S2001314,長春石油化學股份有限公司 大發廠,11384806,"542,002.1842","3,808.6848","545,810.869",高雄市,化學原材料製造業,831台灣高雄市大寮區建業路11號,22.5710517,120.4276788
113,S2005081,長春人造樹脂廠股份有限公司大發廠,11384708,"34,759.644","379,279.8269","414,039.471",高雄市,化學原材料製造業,831台灣高雄市大寮區華西路8號,22.5751524,120.4229687
113,S2005652,大連化學工業股份有限公司大發廠,12233428,"58,462.3925","483,814.1568","542,276.549",高雄市,化學原材料製造業,831台灣高雄市大寮區華西路8之1號,22.5748121,120.4256747
113,S2015916,長春人造樹脂廠股份有限公司大發二廠,11384708,"61,209.7898","289,134.6949","350,344.485",高雄市,化學原材料製造業,831台灣高雄市大寮區華西路8號,22.5751524,120.4229687
113,S20A2878,國巨股份有限公司大發二廠,22636630,"1,378.9933","25,785.6901","27,164.683",高雄市,被動電子元件製造業,815台灣高雄市大社區中正路291號,22.7394995,120.3484368
113,S2100223,中華紙漿股份有限公司久堂廠,94025264,"387,433.0054","20,285.6832","407,718.689",高雄市,紙漿、紙及紙板製造業,840台灣高雄市大樹區久堂路112號,22.6597566,120.4204955
113,S2201056,台灣聚合化學品股份有限公司高雄廠,11917107,"17,225.0486","107,717.0688","124,942.117",高雄市,化學原材料製造業,814台灣高雄市仁武區鳳仁路330號,22.7139428,120.3376327
113,S2201092,長春人造樹脂廠股份有限公司高雄廠,11384708,"25,132.8206","59,234.8431","84,367.664",高雄市,塑膠及合成橡膠原料製造業,814台灣高雄市仁武區工業一路14號,22.7003373,120.34104
113,S2201109,台灣塑膠工業股份有限公司仁武廠,75708007,"2,267,008.8646","44,945.8176","2,311,954.682",高雄市,化學原材料製造業,814台灣高雄市仁武區水管路100號,22.7057305,120.334949
113,S2201118,南亞塑膠工業股份有限公司仁武廠,75370905,"1,140.3475","31,652.056","32,792.404",高雄市,塑膠製品製造業,814台灣高雄市仁武區水管路101號,22.7053081,120.3329138
113,S2201154,三芳化學工業股份有限公司,83387850,"8,261.9253","15,576.0192","23,837.945",高雄市,化學原材料製造業,814台灣高雄市仁武區鳳仁路402號,22.721594,120.3352089
113,S2300401,中國人造纖維股份有限公司高雄總廠,7066907,"338,842.4924","10,220.3477","349,062.84",高雄市,化學原材料製造業,815台灣高雄市大社區經建路8號,22.7247531,120.3360897
113,S2300410,中國石油化學工業開發股份有限公司大社廠,3084741,"134,483.313","33,243.2327","167,726.546",高雄市,化學原材料製造業,815台灣高雄市大社區經建路1號,22.7258043,120.3403145
113,S2300429,國喬石油化學股份有限公司高雄廠,4212250,"503,346.5229","3,253.536","506,600.059",高雄市,石油及煤製品製造業,815台灣高雄市大社區興工路4號,22.7210212,120.341794
113,S2300438,台橡股份有限公司高雄廠,3553737,"107,069.33","31,921.7627","138,991.093",高雄市,塑膠及合成橡膠原料製造業,815台灣高雄市大社區興工路2號,22.7241632,120.3403621
113,S2300447,高雄塑酯化學工業股份有限公司,85803825,"72,644.4119","20,276.4766","92,920.889",高雄市,化學原材料製造業,815台灣高雄市大社區興工路1號,22.7240417,120.3410755
113,S2300465,大連化學工業股份有限公司高雄廠,12233428,"18,252.6808","27,156.6447","45,409.326",高雄市,化學原材料製造業,815台灣高雄市大社區興工路1之3號,22.7202288,120.3424248
113,S23A0124,李長榮化學工業股份有限公司大社廠,39054405,"17,883.9377","44,704.1715","62,588.109",高雄市,塑膠及合成橡膠原料製造業,815台灣高雄市大社區經建路2號,22.7276962,120.3425868
113,S2500527,中鴻鋼鐵股份有限公司冷軋廠,7838854,"12,503.5074","17,402.2881","29,905.796",高雄市,鋼鐵製造業,825台灣高雄市橋頭區Q78G+99,22.7658889,120.2759492
113,S2500536,燁輝企業股份有限公司高雄一廠,75947936,"53,779.5149","68,886.2304","122,665.745",高雄市,金屬加工處理業,825台灣高雄市橋頭區里芋寮路369號,22.7654048,120.2770969
113,S25A0144,欣建工業股份有限公司,28042430,"14,500.1904","10,603.0008","25,103.191",高雄市,鋼鐵製造業,825台灣高雄市橋頭區芋林路301號,22.7648371,120.2834713
113,S2602473,裕鐵企業股份有限公司岡山二廠,85978401,"33,281.156","45,871.4698","79,152.626",高雄市,金屬加工處理業,824台灣高雄市燕巢區安招路,22.7863349,120.3289808
113,S2603498,泓達化工股份有限公司燕巢廠,23418128,"16,137.5352","9,403.2803","25,540.816",高雄市,塑膠及合成橡膠原料製造業,824台灣高雄市燕巢區中興路922號,22.7761399,120.3604401
113,S26A0793,裕鐵企業股份有限公司岡山三廠,85978401,"29,472.4148","10,321.6679","39,794.083",高雄市,金屬加工處理業,824台灣高雄市燕巢區安招路,22.7863349,120.3289808
113,S2900821,長興材料工業股份有限公司路竹廠,75339004,"17,458.2679","17,443.5764","34,901.844",高雄市,未分類其他化學製品製造業,821台灣高雄市路竹區長興路22號,22.8463472,120.2432493
113,S29A1607,群創光電股份有限公司F廠,12800225,"17,258.5541","354,367.8539","371,626.408",高雄市,光電材料及元件製造業,821台灣高雄市路竹區路科十路11號,22.8392912,120.2518516
113,S3200428,勝一化工股份有限公司,75970680,"25,033.736","3,644.9652","28,678.701",高雄市,化學原材料製造業,828台灣高雄市永安區永工一路5號,22.8119775,120.2542252
113,S3200688,台灣電力股份有限公司興達發電廠,3795904,"9,690,106.5441",663.9067,"9,690,770.451",高雄市,電力供應業,828台灣高雄市永安區興達路6號,22.8564943,120.2004541
113,S3200946,台灣中油股份有限公司天然氣事業部永安液化天然氣廠,3707901,"11,485.4034","95,558.4","107,043.803",高雄市,氣體燃料供應業,828台灣高雄市永安區新興路1-20號,22.8086278,120.2117127
113,S3200955,遠東氣體工業股份有限公司永安工廠,22956507,14.9824,"34,377.1344","34,392.117",高雄市,化學原材料製造業,828台灣高雄市永安區新興路1-21號,22.8131401,120.2113137
113,S3204695,勝一化工股份有限公司永安二廠,75970680,"30,732.119","4,878.0364","35,610.155",高雄市,化學原材料製造業,828台灣高雄市永安區永工一路18號,22.8169102,120.2545588
113,T4203686,燁輝企業股份有限公司屏東廠,75947936,"15,475.5691","11,642.7672","27,118.336",屏東縣,金屬加工處理業,900081台灣屏東縣屏東市工業六路6號,22.655541,120.4978056
113,U0100187,台灣水泥股份有限公司和平分公司和平廠,11913502,"2,492,627.0896","139,899.5859","2,632,526.676",花蓮縣,水泥及其製品製造業,972台灣花蓮縣秀林鄉和平村263號,24.3031223,121.7514351
113,U0100258,和平電力股份有限公司和平火力發電廠,16096852,"6,936,330.315","2,674.4147","6,939,004.73",花蓮縣,電力供應業,972台灣花蓮縣秀林鄉和工二路7號,24.3088771,121.7633072
113,U9400115,亞洲水泥股份有限公司花蓮製造廠,3244509,"2,481,182.9949","132,153.5772","2,613,336.572",花蓮縣,水泥及其製品製造業,971台灣花蓮縣新城鄉新興路125號,24.1334551,121.6393111
113,U9500478,中華紙漿股份有限公司花蓮廠,94025264,"61,999.1814","94,434.4512","156,433.633",花蓮縣,紙漿、紙及紙板製造業,973台灣花蓮縣吉安鄉光華街100號,23.9312034,121.5839363
113,V7500777,中華紙漿股份有限公司台東廠,94025264,"106,527.029","42,401.7648","148,928.794",臺東縣,紙漿、紙及紙板製造業,950台灣臺東縣臺東市中興路四段371號,22.7742055,121.0953973
113,W0504775,台灣電力股份有限公司塔山發電廠,3795904,"201,650.0288",147.7363,"201,797.765",金門縣,電力供應業,893西海路一段2號,24.4143164,118.2821738
113,X0501232,台灣電力股份有限公司尖山發電廠,3795904,"195,712.6706",222.6662,"195,935.337",澎湖縣,電力供應業,880台灣澎湖縣馬公市新生路333號,23.5670483,119.5805389
113,Z6303328,台灣電力股份有限公司協和發電廠馬祖珠山分廠,3795904,"37,801.6272",,"37,801.627",連江縣,電力供應業,2094299之9號,26.1552886,119.9348373
112,B2311535,台灣康寧顯示玻璃股份有限公司,4388145,"37,778.3411","309,048.5445","346,826.886",臺中市,其他非金屬礦物製品製造業,407台灣臺中市西屯區科園路1號,24.2012912,120.6177527
112,B2313762,宏全國際股份有限公司台中二廠,58176511,711.5168,"35,246.1968","35,957.714",臺中市,其他金屬製品製造業,435台灣臺中市梧棲區大業路6號,24.234655,120.513785
112,B2313780,友達光電股份有限公司台中廠,84149738,"19,097.411","847,846.8204","866,944.231",臺中市,光電材料及元件製造業,421台灣臺中市后里區馬場路1號,24.2954401,120.7268487
112,B23A2532,亞東工業氣體股份有限公司-中科園區分公司,22522453,54.1453,"56,451.8011","56,505.946",臺中市,未分類其他化學製品製造業,428台灣臺中市大雅區科雅東路19號,24.2094541,120.6228732
112,B23B6125,台灣積體電路製造股份有限公司十五B廠,22099131,"140,542.413","1,567,673.0368","1,708,215.45",臺中市,半導體製造業,407台灣台中市西屯区新科路1號,24.2118688,120.6086166
112,B24A7498,大立光電股份有限公司精密機械園區廠,22480876,497.2466,"39,978.764","40,476.011",臺中市,光學儀器及設備製造業,408台灣臺中市南屯區精科路11號,24.1473235,120.6042492
112,B24B8988,大立光電股份有限公司七廠,22480876,489.4588,"70,346.6636","70,836.122",臺中市,光學儀器及設備製造業,408台灣臺中市南屯區精科路13號,24.1478905,120.6054873
112,B24B8998,大立光電股份有限公司七之一廠,22480876,685.6557,"52,277.5332","52,963.189",臺中市,光學儀器及設備製造業,408台灣臺中市南屯區精科路13號,24.1478905,120.6054873
112,B9100709,華新麗華股份有限公司台中不銹鋼廠,35412204,"41,455.1343","39,201.624","80,656.758",臺中市,金屬加工處理業,435台灣臺中市梧棲區經三路57號,24.2469644,120.5116444
112,B9200124,友達晶材股份有限公司后里廠,24410807,116.5727,"37,030.4663","37,147.039",臺中市,光電材料及元件製造業,421台灣臺中市后里區后科路二段335號,24.3204118,120.7289226
112,B9202664,台灣美光記憶體股份有限公司台中二廠,28518076,"10,214.335","175,963.5904","186,177.925",臺中市,半導體製造業,421台灣台中市后里区后科南路88號A棟,24.3172929,120.7253056
112,B9205905,台灣美光記憶體股份有限公司台中三廠,28518076,"41,482.2197","281,727.1389","323,209.359",臺中市,半導體製造業,421台灣臺中市后里區三豐路四段369號,24.3185835,120.7247905
112,B9501153,聯亞科技股份有限公司中科聯豐工廠,22099456,9.3035,"56,662.1952","56,671.499",臺中市,化學原材料製造業,428台灣臺中市大雅區科雅二路6-1號,24.2168011,120.6217974
112,B9502212,矽品精密工業股份有限公司中科廠,55991080,"5,422.5268","205,090.8334","210,513.36",臺中市,半導體製造業,428台灣台中市大雅区科雅路19號 自科雅五路”創新門”入廠,24.2247991,120.6269357
112,B9503291,亞東工業氣體股份有限公司中科園區分公司二廠,22522453,5.139,"75,993.7984","75,998.937",臺中市,化學原材料製造業,428台灣臺中市大雅區科雅東路19號,24.2094541,120.6228732
112,B9503479,台灣積體電路製造股份有限公司先進封測五廠,22099131,758.91,"88,143.9386","88,902.849",臺中市,半導體製造業,428台灣臺中市大雅區科雅西路5號B2樓,24.2144667,120.6178843
112,B9503488,晶元光電股份有限公司H1廠,84149786,"2,982.6852","21,190.2278","24,172.913",臺中市,光電材料及元件製造業,428台灣臺中市大雅區科雅路22號,24.2237997,120.6285947
112,C1400170,台灣電力股份有限公司協和發電廠,3795904,"1,949,095.8581",490.2431,"1,949,586.101",基隆市,電力供應業,203台灣基隆市中山區文化路80號,25.1534456,121.7348548
112,C1500291,盧森堡商達爾國際股份有限公司基隆分公司,51158518,662.5471,"9,696.232","10,358.779",基隆市,其他電子零組件製造業,204台灣基隆市安樂區武訓街28號,25.1426918,121.7014863
112,D0300727,南茂科技股份有限公司台南二廠,16130042,349.7111,"37,917.8592","38,267.57",臺南市,半導體製造業,744台灣臺南市新市區南科七路3號,23.1107178,120.2778695
112,D0301680,瀚宇彩晶南科觸控感應器廠,16450500,"1,242.1091","36,195.2693","37,437.378",臺南市,光電材料及元件製造業,741台灣臺南市新市區南科二路35號,23.09469,120.2800349
112,D0302141,聯華電子股份有限公司Fab12A廠第二廠區,47217677,"15,311.6492","329,667.7463","344,979.396",臺南市,半導體製造業,744台灣臺南市新市區南科二路18號,23.0956627,120.2790714
112,D0306069,聯亞科技股份有限公司樹谷工廠,22099456,63.4415,"167,277.0944","167,340.536",臺南市,化學原材料製造業,744台灣臺南市新市區風鈴路18號,23.0968578,120.2564047
112,D0402208,台灣積體電路製造股份有限公司十八廠一期,22099131,"30,057.356","512,594.3561","542,651.712",臺南市,半導體製造業,745台灣臺南市安定區北園二路20號,23.1179671,120.2627152
112,D0402431,台灣積體電路製造股份有限公司十八廠二期,22099131,"35,823.3987","482,349.504","518,172.903",臺南市,半導體製造業,745台灣臺南市安定區北園二路20號,23.1179671,120.2627152
112,D0402815,台灣積體電路製造股份有限公司十八廠六期,22099131,"27,119.4514","370,749.8479","397,869.299",臺南市,半導體製造業,745台灣臺南市安定區北園二路20號,23.1179671,120.2627152
112,D0402824,台灣積體電路製造股份有限公司十八廠五期,22099131,"32,984.3769","377,420.4445","410,404.821",臺南市,半導體製造業,745台灣臺南市安定區北園二路20號,23.1179671,120.2627152
112,D0402833,台灣積體電路製造股份有限公司十八廠四期,22099131,"31,163.0861","353,237.0801","384,400.166",臺南市,半導體製造業,745台灣臺南市安定區北園二路20號,23.1179671,120.2627152
112,D0402904,台灣積體電路製造股分有限公司18廠三期,22099131,"32,785.3744","464,360","497,145.374",臺南市,半導體製造業,745台灣臺南市安定區北園二路20號,23.1179671,120.2627152
112,D0403385,三福氣體股份有限公司南科分公司南科8廠,11072509,402.3846,"217,718.8416","218,121.226",臺南市,化學原材料製造業,745台灣臺南市安定區北園三路10號,23.1229044,120.2624825
112,D0403492,台灣積體電路製造股份有限公司十八廠七期,22099131,"16,193.6515","264,739.7376","280,933.389",臺南市,半導體製造業,745台灣臺南市安定區北園二路8號,23.117125,120.2632873
112,D32A0393,安瀚視特股份有限公司台南第二工廠,70781345,"2,386.0785","33,839.3952","36,225.474",臺南市,玻璃及其製品製造業,70955台灣臺南市安南區工業三路8號,23.0324796,120.1557208
112,D32A6282,聯合再生能源股份有限公司台南廠,27763753,713.3932,"24,414.6656","25,128.059",臺南市,光電材料及元件製造業,709台灣臺南市安南區本田路二段518 號,23.0396329,120.1580133
112,D32A8713,可成科技股份有限公司南科工廠,69905810,"1,324.2049","9,915.568","11,239.773",臺南市,鋁製造業,710台灣臺南市永康區仁愛街398號,23.0522247,120.2436
112,D32A9989,亞東工業氣體股份有限公司台南廠,22522453,"7,560.8489","23,336.9552","30,897.804",臺南市,化學原材料製造業,710台灣台灣省永康區中正北路837號,23.0531888,120.2692326
112,D32B4906,友達光電股份有限公司台南廠,84149738,217.7132,"24,360.9273","24,578.641",臺南市,光電材料及元件製造業,709台灣臺南市安南區科技一路36號,23.0384416,120.1477481
112,D9000120,精金科技股份有限公司,70750217,"5,308.6795","40,331.6469","45,640.326",臺南市,光電材料及元件製造業,741台灣臺南市善化區北園一路7號,23.1232374,120.2663966
112,D9000746,台灣積體電路製造股份有限公司十四B廠,22099131,"82,437.618","660,548.7852","742,986.403",臺南市,半導體製造業,741台灣臺南市善化區南科九路17號,23.1116704,120.2671479
112,D9001396,台灣積體電路製造股份有限公司十四廠七期,22099131,"39,309.8199","344,099.0593","383,408.879",臺南市,半導體製造業,745台灣臺南市安定區北園二路8號,23.117125,120.2632873
112,D9006435,台灣積體電路製造股份有限公司先進封測二廠二期,22099131,919.0718,"28,347.3902","29,266.462",臺南市,半導體製造業,741台灣臺南市善化區南科北路1之1號,23.1098041,120.2712618
112,D9007601,台灣積體電路製造股份有限公司十四廠八期,22099131,"7,377.912","127,447.392","134,825.304",臺南市,半導體製造業,745台灣臺南市安定區北園二路8號,23.117125,120.2632873
112,D9008466,台灣積體電路製造股份有限公司十八廠八期,22099131,"16,420.5359","246,579.8233","263,000.359",臺南市,半導體製造業,745台灣臺南市安定區北園二路20號,23.1179671,120.2627152
112,D9703411,易昇鋼鐵股份有限公司官田廠,28098406,"12,926.83","12,873.2838","25,800.114",臺南市,鋼鐵製造業,710台灣臺南市永康區正南一街200號,23.0281573,120.2250601
112,E1901105,台合科技股份有限公司,12691423,"28,380.8287","3,619.9432","32,000.772",高雄市,未分類其他化學製品製造業,832台灣高雄市林園區工業二路1-1號,22.5006235,120.4141427
112,E1902497,林園先進材料科技股份有限公司,42818882,"204,778.6512","26,068.9496","230,847.601",高雄市,石油及煤製品製造業,832台灣高雄市林園區石化四路1號,22.4863542,120.4087585
112,E2000554,錦州科技股份有限公司大發廠,53520959,"598,052.3761","2,776.0824","600,828.459",高雄市,蒸汽供應業,831台灣高雄市大寮區華西路8號,22.5751524,120.4229687
112,E2300675,亞東工業氣體股份有限公司大社廠,22522453,7.0823,"56,369.5496","56,376.632",高雄市,化學原材料製造業,"539之5號, 三民路大社區高雄市台灣 815",22.7303411,120.3414474
112,E2902160,群創光電股份有限公司T6廠,12800225,"3,388.4569","128,513.2817","131,901.739",高雄市,光電材料及元件製造業,821台灣高雄市路竹區路科十路11號,22.8392912,120.2518516
112,E2902964,友達光電股份有限公司高雄廠,84149738,143.4542,"26,053.0947","26,196.549",高雄市,光電材料及元件製造業,821台灣高雄市路竹區路科三路9號,22.8383157,120.2588921
112,E2903416,華邦電子股份有限公司高雄廠,22099218,"11,900.3128","101,718.936","113,619.249",高雄市,半導體製造業,821台灣高雄市路竹區路科五路35號,22.8362446,120.255735
112,E4900397,台灣恩智浦半導體股份有限公司,89002500,"1,210.7692","61,873.1379","63,083.907",高雄市,半導體製造業,811台灣高雄市楠梓區經五路10號,22.7185572,120.3034181
112,E4900404,國巨股份有限公司楠梓分公司,70848556,"3,181.5097","43,625.3104","46,806.82",高雄市,被動電子元件製造業,811台灣高雄市楠梓區西三街16號,22.7190128,120.3011607
112,E4900753,楠梓電子股份有限公司二廠,76026851,738.4541,"29,449.5136","30,187.968",高雄市,印刷電路板製造業,811台灣高雄市楠梓區開發路37號,22.7209306,120.3041153
112,E4900879,台灣福雷電子股份有限公司,22100242,772.9821,"56,193.9773","56,966.959",高雄市,機械器具批發業,811台灣高雄市楠梓區西五街10號,22.7218015,120.3013893
112,E4901947,華泰電子股份有限公司企業總部大樓工廠,89004161,258.5564,"38,278.2816","38,536.838",高雄市,其他電子零組件製造業,811台灣高雄市楠梓區中三街9號,22.7234709,120.3016867
112,E4905365,日月光半導體製造股份有限公司九廠,76027628,"1,429.4526","29,661.1903","31,090.643",高雄市,半導體製造業,811台灣高雄市楠梓區經三路26號,22.7207233,120.3065475
112,E4906246,日月光半導體製造股份有限公司凸晶二廠,76027628,"3,364.3812","13,388.9814","16,753.363",高雄市,半導體製造業,811台灣高雄市楠梓區經三路26號,22.7207233,120.3065475
112,E4906835,日月光半導體製造股份有限公司十一廠,76027628,"6,547.8055","57,248.8158","63,796.621",高雄市,半導體製造業,811台灣高雄市楠梓區經三路26號,22.7207233,120.3065475
112,E49A1492,華泰電子股份有限公司封裝測試大樓工廠,89004161,136.4015,"32,364.2183","32,500.62",高雄市,半導體製造業,811台灣高雄市楠梓區中三街9號,22.7234709,120.3016867
112,E49A5078,日月光半導體製造股份有限公司十二廠,76027628,275.8721,"36,898.6872","37,174.559",高雄市,半導體製造業,811台灣高雄市楠梓區經三路26號,22.7207233,120.3065475
112,E49A5692,日月光半導體製造股份有限公司二十一廠,76027628,"1,610.1577","32,676.6376","34,286.795",高雄市,半導體製造業,811台灣高雄市楠梓區經三路26號,22.7207233,120.3065475
112,E49A6412,台灣福雷電子股份有限公司三廠,22100242,375.603,"61,551.6055","61,927.209",高雄市,半導體製造業,815台灣高雄市大社區三中路385號,22.7302142,120.3426836
112,E49A6630,日月光半導體製造股份有限公司二十二廠,76027628,"6,246.2121","43,817.2506","50,063.463",高雄市,半導體製造業,811台灣高雄市楠梓區經三路26號,22.7207233,120.3065475
112,E49A7579,日月光半導體製造股份有限公司五廠,76027628,442.6377,"22,619.7096","23,062.347",高雄市,半導體製造業,811台灣高雄市楠梓區經三路26號,22.7207233,120.3065475
112,E49A9852,日月光半導體製造股份有限公司二十四廠,76027628,744.8114,"45,794.7514","46,539.563",高雄市,半導體製造業,811台灣高雄市楠梓區經三路26號,22.7207233,120.3065475
112,E5400878,台灣電力股份有限公司南部發電廠,3795904,"3,090,730.5784",436.5379,"3,091,167.116",高雄市,電力供應業,806台灣高雄市前鎮區成功二路5號,22.601544,120.3019432
112,E5402523,華東科技股份有限公司B10廠,22101116,462.7848,"56,130.274","56,593.059",高雄市,半導體製造業,806台灣高雄市前鎮區北一路18號,22.6059971,120.287926
112,E5408338,華新科技股份有限公司高雄南一廠,19004316,"1,431.2562","23,722.868","25,154.124",高雄市,被動電子元件製造業,806台灣高雄市前鎮區南一路6號,22.5985608,120.2920028
112,E54A1352,頎邦科技股份有限公司南六廠,16130009,495.3011,"23,937.4616","24,432.763",高雄市,半導體製造業,806台灣高雄市前鎮區南六路5號,22.591249,120.295106
112,E54A4603,頎邦科技股份有限公司南一廠,16130009,217.2342,"22,244.4248","22,461.659",高雄市,印刷電路板製造業,806台灣臺灣省前鎮區南一路11號,22.5979218,120.2912255
112,E54B0143,華新科技股份有限公司高雄東十五廠,19004316,"1,017.2545","29,770.2184","30,787.473",高雄市,被動電子元件製造業,806台灣高雄市前鎮區東十街1號,22.6055356,120.2903861
112,E5600056,台灣中油股份有限公司煉製事業部大林煉油廠,3707901,"2,411,792.5551","559,977.5277","2,971,770.083",高雄市,石油及煤製品製造業,812台灣高雄市小港區沿海四路50號,22.5290654,120.3472505
112,E5600092,中鋼鋁業股份有限公司,96971313,"54,489.5612","93,090.6802","147,580.241",高雄市,鋁製造業,812台灣高雄市小港區東林路17號,22.5421711,120.3737001
112,E5600136,台灣志氯化學股份有限公司?氯廠,22318516,111.5318,"136,331.1058","136,442.638",高雄市,化學原材料製造業,812台灣高雄市小港區中智街25號,22.5326798,120.3628366
112,E5600305,李長榮化學工業股份有限公司高雄廠,39054405,"24,368.1755","57,211.8108","81,579.986",高雄市,化學原材料製造業,812台灣高雄市小港區中林路3號,22.5383366,120.3685808
112,E5600332,協勝發鋼鐵廠股份有限公司,79254702,"83,797.4015","190,747.7339","274,545.135",高雄市,鋼鐵製造業,812台灣高雄市小港區光陽街7號,22.5593181,120.3655639
112,E5600369,東和鋼鐵企業股份有限公司高雄廠,75280209,"17,751.7662","10,938.8581","28,690.624",高雄市,鋼鐵製造業,812台灣高雄市小港區嘉興街8號,22.5619942,120.3634959
112,E5600501,海光企業股份有限公司,75470524,"29,306.8904","97,258.4191","126,565.31",高雄市,鋼鐵製造業,812台灣高雄市小港區沿海二路12號,22.550625,120.365646
112,E5600565,盛餘股份有限公司,79837539,"27,121.5649","47,350.663","74,472.228",高雄市,金屬加工處理業,812台灣高雄市小港區中林路11號,22.5370549,120.367025
112,E5600798,龍慶鋼鐵企業股份有限公司,85793919,"21,852.1117","38,331.2384","60,183.35",高雄市,鋼鐵製造業,812台灣高雄市小港區利昌街4號,22.5540037,120.3649057
112,E5600841,中國鋼鐵股份有限公司,30414175,"16,758,851.8167","1,155,954.3753","17,914,806.192",高雄市,鋼鐵製造業,824台灣高雄市燕巢區中興路500號,22.7817815,120.3595665
112,E5600850,中國石油化學工業開發股份有限公司小港廠,3084741,"508,360.5005","115,621.8052","623,982.306",高雄市,化學原材料製造業,812台灣高雄市小港區中林路34號,22.5360641,120.3642442
112,E5600869,台灣糖業股份有限公司小港廠,3794905,"59,740.8888","2,787.6182","62,528.507",高雄市,其他食品製造業,812台灣高雄市小港區小港路133號,22.5621832,120.3390414
112,E5600896,台灣電力股份有限公司大林發電廠,3795904,"10,767,425.3314","2,381.08","10,769,806.411",高雄市,電力供應業,812台灣高雄市小港區大林路3號,22.5308911,120.3366197
112,E5600930,台灣國際造船股份有限公司,4695235,"12,144.1429","22,116.1824","34,260.325",高雄市,船舶及其零件製造業,812台灣高雄市小港區中鋼路3號,22.552346,120.3456189
112,E5601080,漢泰鋼鐵廠股份有限公司,75688109,"32,352.4786","14,637.5519","46,990.031",高雄市,其他基本金屬製造業,812台灣高雄市小港區世全路4號,22.5474714,120.3705687
112,E5601197,唐榮鐵工廠股份有限公司,75460005,"29,842.3861","56,537.8815","86,380.268",高雄市,鋼鐵製造業,812台灣高雄市小港區沿海二路4號,22.5451216,120.3703228
112,E5601437,中鋼碳素化學股份有限公司,23221384,"26,047.1355","57,646.628","83,693.764",高雄市,化學原材料製造業,806台灣高雄市前鎮區成功二路88號,22.6050386,120.3019161
112,E5601697,中聯資源股份有限公司,86119908,"12,070.5704","19,165.6116","31,236.182",高雄市,其他非金屬礦物製品製造業,"802台灣高雄市前鎮區成功二路88號, 22",22.6048754,120.3017271
112,E5602934,中聯資源股份有限公司臨海廠,86119908,"20,695.6188","19,743.8734","40,439.492",高雄市,其他非金屬礦物製品製造業,812台灣高雄市小港區沿海三路友成巷,22.5336326,120.3756369
112,E5602952,海光企業股份有限公司嘉興鋼鐵廠,75470524,"29,078.521","29,487.0576","58,565.579",高雄市,鋼鐵製造業,812台灣高雄市小港區嘉興街5號,22.5606958,120.3614081
112,E5603655,李長榮科技股份有限公司銅箔廠,97173920,155.9997,"58,566.9025","58,722.902",高雄市,金屬加工處理業,812台灣高雄市小港區中林路3之1號,22.5387067,120.3692556
112,E56A2617,尚承鋼鐵股份有限公司,27208480,"92,727.2405","77,861.446","170,588.687",高雄市,鋼鐵製造業,812台灣高雄市小港區大業南路7號,22.5211979,120.3606376
112,E56A4792,中國鋼鐵股份有限公司第三冷軋廠,30414175,"49,702.0885","101,898.0561","151,600.145",高雄市,鋼鐵製造業,812台灣高雄市小港區茂大街5號,22.5549226,120.3626755
112,E56A7340,東和鋼鐵企業股份有限公司大業廠,75280209,"35,059.4962","14,073.2973","49,132.794",高雄市,鋼鐵製造業,812台灣高雄市小港區大業南路54號,22.5346298,120.3696159
112,E56B1498,環球橡膠股份有限公司小港廠,29058640,"5,666.6493","72,197.1492","77,863.799",高雄市,塑膠及合成橡膠原料製造業,812台灣高雄市小港區中林路16號,22.5386186,120.368405
112,F0401403,德州儀器工業股份有限公司,33405832,"1,581.5101","46,339.176","47,920.686",新北市,半導體製造業,235台灣新北市中和區興南路一段142號,24.9879947,121.5091465
112,F0500803,台灣通用器材股份有限公司,38119936,"3,781.0496","44,135.1456","47,916.195",新北市,半導體製造業,23145台灣新北市新店區寶橋路233號,24.9789555,121.5513284
112,F0701702,南亞塑膠工業股份有限公司樹林廠,75370905,"52,219.1718","37,555.1308","89,774.303",新北市,塑膠及合成橡膠原料製造業,238台灣新北市樹林區味王街55號,24.9734285,121.4044056
112,F07B5260,南亞電路板股份有限公司樹林一廠,16096804,"1,616.2938","60,819.4723","62,435.766",新北市,印刷電路板製造業,238台灣新北市樹林區味王街55號,24.9734285,121.4044056
112,F0801707,三洋窯業股份有限公司,34263157,"26,899.4841","9,325.1392","36,224.623",新北市,其他非金屬礦物製品製造業,23943台灣新北市鶯歌區八德路16號,24.9555063,121.3310637
112,F1304789,燿華電子股份有限公司土城二廠,5637971,659.4025,"41,699.3304","42,358.733",新北市,印刷電路板製造業,23680台灣新北市土城區中山路4巷3號,24.9596835,121.4134175
112,F1600491,南亞塑膠工業股份有限公司林口二廠,75370905,"20,191.6369","59,929.516","80,121.153",新北市,塑膠製品製造業,243台灣新北市泰山區南林路102號,25.0447206,121.4069325
112,F1606662,南亞科技股份有限公司三廠,89390656,"56,653.8154","373,670.3043","430,324.12",新北市,半導體製造業,243台灣新北市泰山區南林路98號,25.0482461,121.4149629
112,F1700736,台灣電力股份有限公司林口發電廠,3795904,"14,074,815.7766","1,603.7483","14,076,419.525",新北市,電力供應業,244台灣新北市林口區106縣道139-1號,25.1194311,121.2986118
112,F2800075,台灣電力股份有限公司第二核能發電廠,3795904,"5,773.6339","59,089.0275","64,862.661",新北市,電力供應業,207台灣新北市萬里區八斗60號,25.2063645,121.659595
112,G3200527,東南實業股份有限公司蘇澳總廠,11384405,"46,904.1049","7,255.457","54,159.562",宜蘭縣,化學原材料製造業,270台灣宜蘭縣蘇澳鎮新城一路120號,24.6166221,121.819758
112,G3200778,台灣水泥股份有限公司蘇澳廠,11913502,"1,120,095.8652","63,245.165","1,183,341.03",宜蘭縣,水泥及其製品製造業,270台灣宜蘭縣蘇澳鎮永昌路46號,24.5882824,121.8527153
112,G3200849,信大水泥股份有限公司南聖湖廠,3279507,"551,764.809","40,857.1068","592,621.916",宜蘭縣,水泥及其製品製造業,270台灣宜蘭縣蘇澳鎮中山路二段235號,24.6097827,121.8261511
112,G32A0540,羅東鋼鐵廠股份有限公司煉鋼廠,42010509,"38,794.8787","105,144.9681","143,939.847",宜蘭縣,鋼鐵製造業,270台灣宜蘭縣蘇澳鎮德興一路57號,24.623783,121.8202667
112,G32A0609,燿華電子股份有限公司宜蘭廠,5637971,"2,303.1138","42,820.8626","45,123.976",宜蘭縣,印刷電路板製造業,27049台灣宜蘭縣蘇澳鎮頂平路36號,24.6398688,121.8362716
112,G3700791,臺灣化學纖維股份有限公司龍德廠,58650902,"1,408,051.5724",,"1,408,051.572",宜蘭縣,化學原材料製造業,269台灣宜蘭縣冬山鄉龍祥十路2號,24.624946,121.814179
112,G3700880,台灣塑膠工業股份有限公司冬山廠,75708007,"115,857.6461","11,395.9872","127,253.633",宜蘭縣,其他非金屬礦物製品製造業,269台灣宜蘭縣冬山鄉東福路201號,24.6217177,121.8086409
112,G3700979,臺灣湯淺電池股份有限公司,35878589,"1,763.3808","21,948.0643","23,711.445",宜蘭縣,電池製造業,269台灣宜蘭縣冬山鄉龍祥八路2號,24.6341968,121.8173526
112,G37A0585,潤泰精密材料股份有限公司宜蘭冬山廠,86871981,"626,513.5767","47,822.3616","674,335.938",宜蘭縣,水泥及其製品製造業,269台灣宜蘭縣冬山鄉大安路357號,24.628994,121.7838112
112,G37A3618,金元福包裝企業股份有限公司冬山廠,34227006,544.773,"24,350.2089","24,894.982",宜蘭市,塑膠製品製造業,269台灣宜蘭縣冬山鄉香中路275號,24.6273281,121.804417
112,G38A0540,台灣半導體股份有限公司利澤廠,34286449,"4,699.6808","10,103.8808","14,803.562",宜蘭縣,半導體製造業,268台灣宜蘭縣五結鄉利工一路二段31號,24.6485026,121.8363207
112,G4100017,幸福水泥股份有限公司東澳廠,40601248,"569,060.2173","37,569.2928","606,629.51",宜蘭縣,水泥及其製品製造業,272台灣宜蘭縣南澳鄉蘇花路三段101號,24.516755,121.829478
112,H4202215,新隆纖維染整股份有限公司桃園廠,7472834,"35,121.0848","6,942.0832","42,063.168",桃園市,染整業,330台灣桃園市桃園區春日路1733巷7號,25.027768,121.303838
112,H4202813,東隆興業股份有限公司桃園廠,18770509,"5,274.5633","8,051.3108","13,325.874",桃園市,染整業,330台灣桃園市桃園區富國路859號,25.0243421,121.2781791
112,H4204264,翔新企業股份有限公司,84570243,"15,742.2297","3,283.618","19,025.848",桃園市,染整業,330台灣台灣省桃園區興邦路43巷1號,24.9798519,121.3275455
112,H42A3066,臺群工業股份有限公司,25049986,"20,071.2755","4,270.3336","24,341.609",桃園市,染整業,330台灣桃園市桃園區富國路950號,25.0259205,121.2782294
112,H4301008,名佳利金屬工業股份有限公司,45018531,"2,840.1169","15,024.6976","17,864.815",桃園市,銅製造業,320台灣桃園市中壢區北園路11號,24.9754141,121.2419056
112,H4301348,東培工業股份有限公司中壢廠,7220508,"1,541.7771","22,779.823","24,321.6",桃園市,其他金屬製品製造業,320台灣桃園市中壢區松江北路7號,24.9880122,121.248519
112,H4301839,大鐘印染股份有限公司中壢廠,57002416,"13,953.197","5,989.6512","19,942.848",桃園市,染整業,320台灣桃園市中壢區新生路三段741號,25.00012,121.21535
112,H4302318,六和機械股份有限公司,44528635,"8,041.5978","32,296.2635","40,337.861",桃園市,汽車零件製造業,320台灣桃園市中壢區新生路二段334號,24.9829805,121.2228651
112,H4302523,金車股份有限公司中壢廠,5007903,"16,176.8715","15,540.3693","31,717.241",桃園市,其他食品製造業,320台灣桃園市中壢區榮民南路412號,24.9481691,121.2544665
112,H4303235,國瑞汽車股份有限公司中壢工廠,12488060,"10,099.2671","28,600.0984","38,699.366",桃園市,車體製造業,320台灣桃園市中壢區定寧路73號,24.9938099,121.247126
112,H4304929,金像電子股份有限公司中壢廠,30955404,"17,955.6695","65,303.5253","83,259.195",桃園市,印刷電路板製造業,320台灣桃園市中壢區西園路113號,24.9848553,121.2365018
112,H4306058,台灣華可貴股份有限公司中壢第二工廠,44883108,"4,979.7224","18,902.5242","23,882.247",桃園市,未分類其他製造業,320台灣桃園市中壢區吉林北路12號,24.9918952,121.2506906
112,H4312305,名佳利金屬工業股份有限公司中壢二廠,45018531,"3,952.0271","18,403.0617","22,355.089",桃園市,銅製造業,320台灣桃園市中壢區北園路11號,24.9754141,121.2419056
112,H4313348,精材科技股份有限公司中壢廠,16741846,"7,281.772","9,988.2052","17,269.977",桃園市,其他電子零組件製造業,320台灣桃園市中壢區吉林路23號9樓,24.9795194,121.2450777
112,H43A0700,日月光半導體製造股份有限公司中壢分公司封測五廠,76027628,308.5874,"65,962.458","66,271.045",桃園市,半導體製造業,320台灣桃園市中壢區中華路一段550號,24.9708138,121.2522347
112,H43A2093,日月光半導體製造股份有限公司中壢分公司封測四廠,76027628,"2,173.1562","13,736.5529","15,909.709",桃園市,半導體製造業,320台灣桃園市中壢區中華路一段550號,24.9708138,121.2522347
112,H43A2855,精材科技股份有限公司中壢二廠,16741846,"21,904.1341","13,892.0331","35,796.167",桃園市,其他電子零組件製造業,320台灣桃園市中壢區中園路188號,24.9824025,121.2375025
112,H43B3840,日月光半導體製造股份有限公司中壢分公司封測六廠,76027628,348.8764,"36,936.141","37,285.017",桃園市,半導體製造業,320台灣桃園市中壢區中華路一段550號,24.9708138,121.2522347
112,H43C0794,精材科技股份有限公司中壢三廠,16741846,839.3463,"64,587.3384","65,426.685",桃園市,其他電子零組件製造業,320台灣桃園市中壢區中園路188號,24.9824025,121.2375025
112,H43C1277,日月光半導體製造股份有限公司中壢分公司封測七廠,76027628,232.186,"63,242.4454","63,474.631",桃園市,半導體製造業,320台灣桃園市中壢區中華路一段550號,24.9708138,121.2522347
112,H43C1811,日月光半導體製造股份有限公司中壢分公司封測八廠,76027628,206.067,"57,644.5842","57,850.651",桃園市,半導體製造業,320台灣桃園市中壢區中華路一段550號,24.9708138,121.2522347
112,H4406937,新科光電材料股份有限公司桃園廠,27366467,"9,894.3138","50,736.5664","60,630.88",桃園市,塑膠製品製造業,335台灣桃園市大溪區新光東路76巷80號,24.9213613,121.2870671
112,H4500458,力鵬企業股份有限公司楊梅廠,33955322,"57,705.1776","20,506.0665","78,211.244",桃園市,染整業,326台灣桃園市楊梅區新榮路339號,24.9554337,121.1570856
112,H4500743,中興紡織廠股份有限公司楊梅化纖廠,35082604,"13,514.3376","52,024.128","65,538.466",桃園市,塑膠及合成橡膠原料製造業,326台灣桃園市楊梅區中山南路567號,24.9022389,121.131159
112,H4500850,白馬窯業股份有限公司楊梅廠,34258318,"20,788.4838","9,011.7456","29,800.229",桃園市,耐火、黏土建材及其他陶瓷製品製造業,326台灣桃園市楊梅區電研路5號,24.9494344,121.1650053
112,H4501008,萬洲化學股份有限公司楊梅一廠,3244705,"26,950.4942","12,803.8273","39,754.322",桃園市,塑膠及合成橡膠原料製造業,32663台灣桃园市杨梅區民富路二段199巷15號,24.924412,121.1105844
112,H4501339,統一企業股份有限公司楊梅廠,73251209,"12,432.9636","14,181.752","26,614.716",桃園市,乳品製造業,326台灣桃園市楊梅區民富路一段301號,24.9200866,121.1285162
112,H4502201,建榮工業材料股份有限公司楊梅廠,86691377,"8,926.8314","17,292.3712","26,219.203",桃園市,織布業,326台灣桃園市楊梅區民豐路277號,24.9315351,121.1174316
112,H4503575,合晶科技股份有限公司楊梅廠,16138282,"1,521.495","19,385.1528","20,906.648",桃園市,其他電子零組件製造業,326台灣桃園市楊梅區蘋果路1號,24.9021905,121.1831785
112,H4504705,紘楷股份有限公司,70738116,"19,398.002","3,917.914","23,315.916",桃園市,染整業,326台灣桃园市杨梅區楊新路三段4巷19號,24.930083,121.128685
112,H45A1887,永豐餘消費品實業股份有限公司楊梅廠,22327037,"27,064.8035","18,918.6192","45,983.423",桃園市,其他紙製品製造業,326台灣桃園市楊梅區梅高路二段668巷70號,24.9482628,121.1507052
112,H45C0110,欣興電子股份有限公司楊梅廠,23535435,"3,569.3615","68,945.8016","72,515.163",桃園市,印刷電路板製造業,326台灣桃園市楊梅區梅獅路一段426巷68號,24.9158656,121.1716773
112,H45C2819,景碩科技股份有限公司幼獅廠,70785139,"1,252.858","26,031.824","27,284.682",桃園市,印刷電路板製造業,326台灣桃園市楊梅區高獅路580號,24.9251134,121.1605358
112,H4600551,大統新創股份有限公司染整廠,22267777,"9,785.0294","4,008.7112","13,793.741",桃園市,染整業,338台灣桃園市蘆竹區榮安路9號,25.0610915,121.2832991
112,H4600579,大同染整股份有限公司桃園廠,7014916,"27,561.0516","6,690.736","34,251.788",桃園市,染整業,338台灣桃園市蘆竹區新南路一段338-1號,25.0412055,121.2960452
112,H4601129,華通電腦股份有限公司一廠,4401392,"1,901.9166","41,405.1614","43,307.078",桃園市,印刷電路板製造業,338台灣桃園市蘆竹區大新路814巷91號,25.0253581,121.2422448
112,H4601227,義芳化學工業股份有限公司桃園廠,15395706,"361,544.7815","43,349.5586","404,894.34",桃園市,化學原材料製造業,338台灣桃園市蘆竹區海湖里海湖東路375號,25.1065564,121.2713767
112,H4601272,華通電腦股份有限公司三廠,4401392,660.208,"57,888.5038","58,548.712",桃園市,印刷電路板製造業,338台灣桃園市蘆竹區大新路814巷91號,25.0253581,121.2422448
112,H4601290,台硝股份有限公司桃園廠,38033305,"47,325.8953","16,658.1147","63,984.01",桃園市,未分類其他化學製品製造業,338台灣桃園市蘆竹區大坑街25號,25.1078696,121.2754835
112,H4601398,南亞塑膠工業股份有限公司錦興廠,75370905,"743,622.3887","20,388.2297","764,010.618",桃園市,光電材料及元件製造業,33859台灣桃园市芦竹区南崁路一段336號A棟宿舍一樓,25.0565392,121.283691
112,H4602199,義美食品股份有限公司南崁廠,11768704,"21,637.5188","32,223.1403","53,860.659",桃園市,其他食品製造業,338台灣桃園市蘆竹區南工路一段11號,25.0603117,121.2789335
112,H4602313,環泰企業股份有限公司南崁廠,12529007,"28,149.0224","4,620.5944","32,769.617",桃園市,其他食品製造業,338台灣桃園市蘆竹區南青路1156巷75號,25.0557351,121.2718702
112,H4603972,三義化學工業(股)公司桃園海湖廠,23827741,"7,409.271","73,274.509","80,683.78",桃園市,化學原材料製造業,338台灣桃園市蘆竹區海山中街85號,25.1095077,121.2647043
112,H4604488,環球水泥股份有限公司海湖石膏板廠,7568009,"29,385.1402","5,460.0832","34,845.223",桃園市,其他非金屬礦物製品製造業,338台灣桃園市蘆竹區海山中街18號,25.1069651,121.2611543
112,H4604568,長生電力股份有限公司,96933037,"1,887,559.6621","1,912.768","1,889,472.43",桃園市,電力供應業,338台灣桃園市蘆竹區濱海路一段199號,25.116249,121.257084
112,H4605074,南亞電路板股份有限公司錦興廠,16096804,"1,611.5079","378,822.8388","380,434.347",桃園市,印刷電路板製造業,33859台灣桃园市芦竹区南崁路一段336號A棟宿舍一樓,25.0565392,121.283691
112,H4605609,東明纖維工業股份有限公司蘆竹廠,7205416,"15,213.1766","3,136.5048","18,349.681",桃園市,染整業,338台灣桃園市蘆竹區長興路三段219巷13號,25.0703474,121.2789133
112,H4605636,敬鵬工業股份有限公司第二廠,43816068,"1,138.9708","23,064.1684","24,203.139",桃園市,印刷電路板製造業,338台灣桃園市蘆竹區南山路二段5巷17號,25.060893,121.2864371
112,H4606848,台耀化學股份有限公司蘆竹廠,96922622,"8,307.0895","27,042.3504","35,349.44",桃園市,未分類其他化學製品製造業,338002台灣桃園市蘆竹區和平街36號,25.0924844,121.2771791
112,H46A1149,欣興電子股份有限公司蘆竹二廠,23535435,914.3212,"30,521.296","31,435.617",桃園市,印刷電路板製造業,338台灣桃園市蘆竹區南山路二段470巷21號,25.0735862,121.2874817
112,H46B0495,世界先進積體電路股份有限公司晶圓三廠,84149358,"58,293.4183","200,679.6831","258,973.101",桃園市,半導體製造業,338台灣桃園市蘆竹區南崁路一段338號,25.0553661,121.2826331
112,H46B0524,敬鵬工業股份有限公司第二之二廠,43816068,"1,972.4247","32,238.8352","34,211.26",桃園市,印刷電路板製造業,338台灣桃園市蘆竹區南山路二段5巷17號,25.060893,121.2864371
112,H4700645,正隆股份有限公司大園廠,33085508,"216,329.4901","127,433.0816","343,762.572",桃園市,紙漿、紙及紙板製造業,337台灣桃園市大園區大工路116號,25.0700511,121.1789244
112,H4701017,國聯矽業化學股份有限公司,36550632,"19,150.8765","12,982.6173","32,133.494",桃園市,化學原材料製造業,337台灣桃園市大園區民權路12號,25.0758896,121.1836368
112,H4701071,科德寶遠東股份有限公司,22663158,"3,473.7285","30,592.8252","34,066.554",桃園市,不織布業,33751台灣桃園市大園區38號,25.0465113,121.1907958
112,H4702336,大園汽電共生股份有限公司,84526079,"564,803.6247","1,825.824","566,629.449",桃園市,電力供應業,337台灣桃園市大園區潮音北路276號,25.0793269,121.1759049
112,H4703600,華通電腦股份有限公司大園廠,4401392,326.8428,"43,280.328","43,607.171",桃園市,印刷電路板製造業,337台灣桃園市大園區中山北路275號,25.0762116,121.1857056
112,H47A0889,連大興有限公司,80445899,"18,379.7065","13,063.0195","31,442.726",桃園市,染整業,337台灣桃園市大園區中山北路246號,25.0707123,121.1923748
112,H47A6144,集盛實業股份有限公司大園廠,43295237,759.6936,"19,519.9987","20,279.692",桃園市,紡紗業,337台灣桃園市大園區大工路17號,25.0685527,121.1787306
112,H47A8358,欣興電子股份有限公司大園廠,23535435,"1,022.1711","28,129.8756","29,152.047",桃園市,印刷電路板製造業,320台灣桃園市大園區民權路5號,25.0778893,121.1846779
112,H4801478,南亞塑膠工業股份有限公司工三廠,75370905,"118,898.4925","236,198.2593","355,096.752",桃園市,人造纖維製造業,333台灣桃園市龜山區文明路6號,25.0620289,121.3734827
112,H4801709,宏洲纖維工業股份有限公司桃園工廠,7220710,"9,046.8522","17,539.8988","26,586.751",桃園市,人造纖維製造業,333台灣桃園市龜山區宏洲街29號,25.010259,121.344375
112,H4802662,新瑞倡企業股份有限公司桃園廠,7620770,"3,378.1739","3,305.7616","6,683.936",桃園市,染整業,333台灣桃園市龜山區東舊路街100號,25.0149178,121.3665302
112,H4803507,台灣中油股份有限公司煉製事業部桃園煉油廠,3707901,"1,415,346.456","174,968.6853","1,590,315.141",桃園市,石油及煤製品製造業,333台灣桃園市龜山區民生北路一段50號,25.033276,121.3059734
112,H4806222,欣興電子股份有限公司山鶯一廠,23535435,"1,796.1452","44,549.5535","46,345.699",桃園市,印刷電路板製造業,333台灣桃園市龜山區山鶯路179號,24.9816539,121.3305982
112,H4806348,穩懋半導體股份有限公司華亞廠,70752257,"9,649.098","18,304.4272","27,953.525",桃園市,半導體製造業,333台灣桃園市龜山區科技七路69號,25.0433928,121.3754587
112,H4809607,中環股份有限公司林口三廠,12205020,24.2649,"54,670.1562","54,694.421",桃園市,資料儲存媒體製造業,333台灣桃園市龜山區文化二路215號,25.048472,121.3763636
112,H4810799,國光電力股份有限公司,70833553,"1,063,651.5976","1,582.776","1,065,234.374",桃園市,電力供應業,333台灣桃園市龜山區南上里北油1區11號,25.0404917,121.3440136
112,H4810851,華亞汽電股份有限公司華亞汽電廠,70783006,"1,748,171.2774","17,376.1536","1,765,547.431",桃園市,電力供應業,333台灣桃園市龜山區華亞一路98號,25.0344928,121.373079
112,H4814797,香榮實業股份有限公司,13035951,"16,715.0754","2,715.024","19,430.099",桃園市,染整業,333台灣桃園市龜山區山鶯路國光巷1號,24.9826639,121.3285783
112,H4886999,穩懋半導體股份有限公司華亞二廠,70752257,"19,855.7635","46,265.8032","66,121.567",桃園市,半導體製造業,333台灣桃園市龜山區科技七路69號,25.0433928,121.3754587
112,H4887978,欣興電子股份有限公司精密載板事業部三廠,23535435,"2,060.3143","66,629.2329","68,689.547",桃園市,印刷電路板製造業,333台灣桃園市龜山區山鶯路179號,24.9816539,121.3305982
112,H4888493,友達光電股份有限公司桃園分公司華亞廠,84149738,"7,307.5378","230,683.7063","237,991.244",桃園市,光電材料及元件製造業,333台灣桃園市龜山區華亞二路189號,25.0469273,121.3731365
112,H4888582,台灣美光晶圓科技股份有限公司二廠,80353271,"42,310.6025","405,055.9935","447,366.596",桃園市,半導體製造業,"No. 2號, 里華亞五路, 龜山區桃園市台灣 333",25.0358706,121.3748919
112,H4889310,欣興電子股份有限公司精密載板事業部一廠,23535435,"3,385.5253","36,333.5167","39,719.042",桃園市,印刷電路板製造業,330台灣桃園市桃園區興邦路38號,24.9822988,121.3243918
112,H4889454,台灣美光晶圓科技股份有限公司一廠,80353271,"61,468.9845","472,421.7819","533,890.766",桃園市,半導體製造業,333台灣桃園市龜山區復興三路667號,25.0384005,121.3738286
112,H4895112,廣達電腦股份有限公司總廠,22822281,942.993,"26,522.6624","27,465.655",桃園市,電腦及其週邊設備製造業,333台灣桃園市龜山區文化二路211號,25.0497257,121.3748722
112,H48A3353,晶碩光學股份有限公司,25021158,149.8216,"39,809.8263","39,959.648",桃園市,眼鏡製造業,333台灣桃園市龜山區興業街5號,24.988119,121.3277899
112,H48A7682,欣興電子股份有限公司精密載板事業部二廠,23535435,"2,369.3001","63,072.7749","65,442.075",桃園市,印刷電路板製造業,330台灣桃園市桃園區興邦路38號,24.9822988,121.3243918
112,H48B0554,穩懋半導體股份有限公司龜山廠,70752257,"6,756.0298","44,037.5312","50,793.561",桃園市,半導體製造業,333台灣桃園市龜山區山鶯路200-5號,24.9867749,121.3261721
112,H48B1750,亞東工業氣體股份有限公司華亞氣體廠,22522453,8.9488,"27,174.7395","27,183.688",桃園市,化學原材料製造業,328台灣桃園市觀音區玉林路二段22號,25.0557176,121.1011197
112,H48B6522,欣興電子股份有限公司山鶯二廠,23535435,784.7265,"31,618.964","32,403.691",桃園市,印刷電路板製造業,333台灣桃園市龜山區山鶯路179號,24.9816539,121.3305982
112,H4903093,中華凸版電子股份有限公司,16083358,"1,733.2961","17,287.8577","19,021.154",桃園市,半導體製造業,334台灣桃園市八德區和平路1127-3號,24.9643888,121.322514
112,H49A2429,凌巨科技股份有限公司八德廠,16432742,"141,543.8782","83,378.9926","224,922.871",桃園市,光電材料及元件製造業,334台灣桃園市八德區和平路1127號,24.9668906,121.3208406
112,H5001589,艾克爾國際科技股份有限公司龍潭廠,16631664,"9,097.2954","34,570.19","43,667.485",桃園市,半導體製造業,325台灣桃園市龍潭區中豐路高平段1號,24.8417332,121.2108995
112,H5002362,友達光電股份有限公司桃園分公司,84149738,"8,159.3288","172,134.1419","180,293.471",桃園市,光電材料及元件製造業,333台灣桃園市龜山區華亞二路189號,25.0469273,121.3731365
112,H5008211,友達光電股份有限公司龍科廠,84149738,"7,562.6774","232,631.4242","240,194.102",桃園市,光電材料及元件製造業,325台灣桃園市龍潭區龍科街228號,24.8775881,121.1859654
112,H50A1985,合晶科技股份有限公司龍潭廠,16138282,"1,792.0713","41,027.0957","42,819.167",桃園市,半導體製造業,325台灣桃園市龍潭區龍園一路100號,24.8849954,121.1873237
112,H50A6430,台灣積體電路製造股份有限公司先進封測三廠,22099131,"12,629.9852","204,049.664","216,679.649",桃園市,半導體製造業,325台灣桃園市龍潭區龍園六路101號,24.8836369,121.1855573
112,H50A6777,美商蘋果電子股份有限公司台灣分公司,54393468,"2,830.6896","17,305.808","20,136.498",桃園市,光電材料及元件製造業,325台灣桃園市龍潭區龍園十路55號,24.8874319,121.1857539
112,H50B3948,美商蘋果電子股份有限公司台灣分公司龍三廠,54393468,186.6927,"7,956.5616","8,143.254",桃園市,光電材料及元件製造業,325台灣桃園市龍潭區龍園十路55號,24.8874319,121.1857539
112,H50B4708,采鈺科技股份有限公司龍潭廠,80601119,681.0656,"10,641.9456","11,323.011",桃園市,半導體製造業,325台灣桃園市龍潭區龍園一路89號,24.8869628,121.1881067
112,H5100952,新光合成纖維股份有限公司中壢廠,7435515,"92,771.259","150,351.4352","243,122.694",桃園市,紡紗業,324台灣桃園市平鎮區延平路三段223號,24.9378588,121.2023161
112,H51A5615,鉅輝鋼鐵股份有限公司,13079654,"16,575.9735","7,884.9929","24,460.966",桃園市,金屬結構及建築組件製造業,324台灣桃園市平鎮區洪圳路326號,24.9070754,121.2511941
112,H5200215,永豐餘工業用紙股份有限公司新屋廠,27719048,"592,228.0327","22,735.7508","614,963.784",桃園市,其他紙製品製造業,327台灣桃園市新屋區永福路281號,24.9810267,121.0400091
112,H5200617,聯成鋼鐵股份有限公司桃園廠,22822748,"28,884.6218","68,394.8928","97,279.515",桃園市,鋼鐵製造業,327台灣桃園市新屋區中華路996號,24.9887508,121.1034125
112,H5204133,景碩科技股份有限公司,70785139,563.187,"33,766.0856","34,329.273",桃園市,其他電子零組件製造業,327台灣桃園市新屋區中華路810號,24.9844391,121.106776
112,H5205514,景碩科技股份有限公司清華一廠,70785139,"4,661.4053","85,725.4008","90,386.806",桃園市,印刷電路板製造業,327台灣桃園市新屋區中華路810號,24.9844391,121.106776
112,H5300078,亞東石化股份有限公司,22318678,"23,271.6398","19,008","42,279.64",桃園市,化學原材料製造業,328台灣桃園市觀音區工業七路2號,25.0477421,121.1107732
112,H5300210,遠東新世紀股份有限公司觀音化學纖維廠,3522600,"85,397.1319","81,647.0371","167,044.169",桃園市,人造纖維製造業,328台灣桃園市觀音區經建六路3號,25.062973,121.116956
112,H5300363,銓盟企業股份有限公司,23313356,"21,060.9569","4,459.6344","25,520.591",桃園市,染整業,328台灣桃園市觀音區新富路1560號,24.9850764,121.1349377
112,H5300425,錦美紙業股份有限公司觀音廠,34175598,"22,675.4157","11,080.6176","33,756.033",桃園市,紙漿、紙及紙板製造業,328台灣觀音區榮工北路10號,25.0588495,121.1289161
112,H5300916,台灣玻璃工業股份有限公司桃園廠,11914002,"34,594.1413","47,791.536","82,385.677",桃園市,玻璃及其製品製造業,328台灣桃園市觀音區經建五路1號,25.0604724,121.1143722
112,H5301217,先豐通訊股份有限公司觀音廠,22554807,"15,562.4553","42,267.0352","57,829.491",桃園市,印刷電路板製造業,328台灣桃園市觀音區經建一路27號,25.0562897,121.121006
112,H5301262,和友紡織股份有限公司觀音廠,35192807,"17,275.4977","5,438.3472","22,713.845",桃園市,染整業,328台灣桃園市觀音區新富路161號,24.9670574,121.1480462
112,H5302063,日皓造紙工業股份有限公司觀音廠,24001900,"21,702.2182","20,393.5823","42,095.801",桃園市,紙漿、紙及紙板製造業,328台灣桃園市觀音區國建三路5號,25.0591006,121.1076492
112,H5302107,東欣實業股份有限公司,89356756,"20,159.2234","4,690.7662","24,849.99",桃園市,染整業,328台灣桃園市觀音區源遠街8號,25.0511687,121.1289331
112,H5302143,遠東先進纖維股份有限公司,89392269,"4,279.8189","17,249.6896","21,529.509",桃園市,人造纖維製造業,328台灣桃園市觀音區工業五路17號,25.0618091,121.1132249
112,H5303524,新光合成纖維股份有限公司觀音廠,7435515,"13,794.7484","30,255.7216","44,050.47",桃園市,紡紗業,328台灣桃園市觀音區國建三路9號,25.0623784,121.1118016
112,H5304165,集盛實業股份有限公司第三廠,43295237,"8,107.0149","41,530.104","49,637.119",桃園市,紡紗業,328台灣桃園市觀音區成功路一段506號,25.0568522,121.1300164
112,H5307693,集盛實業股份有限公司觀音廠,43295237,"14,726.8207","25,981.9537","40,708.774",桃園市,紡紗業,328台灣桃園市觀音區成功路一段506號,25.0568522,121.1300164
112,H5307960,台灣電力股份有限公司大潭發電廠,3795904,"11,606,905.6546","2,202.8872","11,609,108.542",桃園市,電力供應業,328台灣桃園市觀音區電廠路1號,25.0309103,121.051866
112,H5387833,三福氣體股份有限公司觀音二廠,11072509,503.2702,"87,441.064","87,944.334",桃園市,化學原材料製造業,328台灣桃園市觀音區工業一路16-1號,25.0672051,121.1269105
112,H53A0675,東和鋼鐵企業股份有限公司桃園廠,75280209,"78,056.0828","354,241.8262","432,297.909",桃園市,鋼鐵製造業,328台灣桃園市觀音區保障里8鄰草漯116號,25.0694825,121.1394918
112,H53A2562,華亞汽電股份有限公司觀音公用廠,70783006,"76,281.8745","2,578.68","78,860.555",桃園市,電力供應業,328台灣桃園市觀音區工業七路3號,25.04899,121.108374
112,H53A3580,亞東石化股份有限公司觀音二廠,22318678,"222,833.301","73,229.904","296,063.205",桃園市,化學原材料製造業,328台灣桃園市觀音區工業七路2號,25.0477421,121.1107732
112,H53A6138,東齊染整股份有限公司,54796568,"25,003.9495","5,650.372","30,654.322",桃園市,染整業,328台灣桃園市觀音區新華路二段225號,25.0058704,121.1303886
112,H53A7443,晉瑜企業股份有限公司觀音廠,89939090,"4,351.731","26,262.2256","30,613.957",桃園市,水泥及其製品製造業,32842台灣桃园市观音区白玉北路1609號,25.0527329,121.0901295
112,H53B2103,嘉聯益科技股份有限公司桃科廠,86980046,256.7052,"21,089.7371","21,346.442",桃園市,印刷電路板製造業,328台灣桃園市觀音區桃科十路8號,25.051143,121.0916457
112,H53B7163,三福氣體股份有限公司 觀音三廠,11072509,10.1584,"112,385.3952","112,395.554",桃園市,化學原材料製造業,328台灣桃園市觀音區工業二路2號,25.0625649,121.1295042
112,J5500366,正隆股份有限公司竹北廠,33085508,"80,905.9552","47,977.6752","128,883.63",新竹縣,其他紙製品製造業,302台灣新竹縣竹北市長青路二段300號,24.8599588,120.9632033
112,J5500491,台燿科技股份有限公司,4226091,"19,987.619","25,476.6391","45,464.258",新竹縣,印刷電路板製造業,302台灣新竹縣竹北市博愛街803號,24.8450539,121.0185873
112,J5501121,南茂科技股份有限公司(竹北廠),16130042,834.8057,"37,614.3456","38,449.151",新竹縣,半導體製造業,302台灣新竹縣竹北市新泰路37號,24.8403331,121.0089229
112,J5601064,新桃電力股份有限公司,16596337,"759,054.2257","7,002.944","766,057.17",新竹縣,電力供應業,306台灣新竹縣關西鎮台電新村66號,24.8153621,121.197594
112,J5700222,遠東新世紀股份有限公司化學纖維總廠,3522600,"267,507.4495","117,561.7248","385,069.174",新竹縣,人造纖維製造業,305台灣新竹縣新埔鎮文山路亞東段369號,24.8252143,121.0577843
112,J5700231,大享容器工業股份有限公司,46007218,"38,377.0871","9,748.0032","48,125.09",新竹縣,玻璃及其製品製造業,305台灣新竹縣新埔鎮文山路犂頭山段1118號,24.8344204,121.0271184
112,J5800941,財團法人工業技術研究院,2750963,170.0139,"6,086.4984","6,256.512",新竹縣,綜合研究發展服務業,30011台灣新竹市東區光復路二段321號,24.8003599,120.9879606
112,J5901238,遠東新世紀股份有限公司湖口紡織廠,3522600,109.9626,"17,308.4796","17,418.442",新竹縣,紡紗業,305台灣新竹縣新埔鎮文山路亞東段369號,24.8252143,121.0577843
112,J5901658,長春人造樹脂廠股份有限公司新竹廠,11384708,"159,010.3356","71,858.556","230,868.892",新竹縣,塑膠及合成橡膠原料製造業,303台灣新竹縣湖口鄉中華路8號,24.8672478,121.0068787
112,J5901747,三陽工業股份有限公司新竹廠,24004006,"11,424.5424","25,533.3004","36,957.843",新竹縣,機車及其零件製造業,303台灣新竹縣湖口鄉中華路3號,24.864318,121.0041043
112,J5901854,台灣普利司通股份有限公司新竹工廠,43031502,"9,994.9031","17,770.7244","27,765.628",新竹縣,橡膠製品製造業,303台灣新竹縣湖口鄉文化路1-1號,24.8620915,121.0090752
112,J5902468,台豐印刷電路工業股份有限公司新竹第一工廠,11833698,752.13,"29,849.0781","30,601.208",新竹縣,印刷電路板製造業,303台灣新竹縣湖口鄉光復路81號,24.8596137,121.0174787
112,J5905343,旭德科技股份有限公司,16638110,"2,666.4078","27,975.024","30,641.432",新竹縣,印刷電路板製造業,303台灣新竹縣湖口鄉光復北路65號,24.872936,121.025286
112,J5905432,艾克爾先進科技股份有限公司,16847968,790.2632,"10,780.506","11,570.769",新竹縣,半導體製造業,303台灣新竹縣湖口鄉光復北路39號,24.8742817,121.0307593
112,J5909010,欣銓科技股份有限公司新工一廠,70751779,550.01,"28,659.6634","29,209.673",新竹縣,半導體製造業,303台灣新竹縣湖口鄉工業三路3號,24.8668312,121.0167514
112,J5909547,力成科技股份有限公司湖口廠,16082267,"1,214.2236","42,983.8737","44,198.097",新竹縣,其他電子零組件製造業,303台灣新竹縣湖口鄉大同路10號,24.8693044,120.9983556
112,J5909814,艾克爾國際科技股份有限公司新竹廠,16631664,166.1097,"34,379.73","34,545.84",新竹縣,半導體製造業,303台灣新竹縣湖口鄉光復路11號,24.8724075,121.0382395
112,J59A0579,力成科技股份有限公司大同廠,16082267,"1,652.3309","72,624.5425","74,276.873",新竹縣,半導體製造業,303台灣新竹縣湖口鄉大同路10號,24.8693044,120.9983556
112,J59A1389,矽格股份有限公司湖口廠,23218022,251.6861,"40,075.0451","40,326.731",新竹縣,半導體製造業,303台灣新竹縣湖口鄉四維路1號,24.8643532,121.0237723
112,J59A1577,辛耘企業股份有限公司,30901647,886.3177,"9,504.3624","10,390.68",新竹縣,半導體製造業,303台灣新竹縣湖口鄉中華路16號,24.869372,121.008232
112,J59A4937,元晶太陽能科技股份有限公司新竹廠,28997300,"7,025.9439","36,363.4269","43,389.371",新竹縣,光電材料及元件製造業,303台灣新竹縣湖口鄉光復北路85號,24.8686209,121.0200547
112,J59A5024,晶兆成科技股份有限公司一廠,28438025,934.6102,"40,753.2043","41,687.815",新竹縣,半導體製造業,303台灣新竹縣湖口鄉文化路26號,24.8683301,121.0140518
112,J59A7436,力成科技股份有限公司3C廠,16082267,"2,248.7328","73,957.3032","76,206.036",新竹縣,半導體製造業,303台灣新竹縣湖口鄉大同路10號,24.8693044,120.9983556
112,J59B0259,南茂科技股份有限公司湖口一廠,16130042,"1,189.5006","26,513.2764","27,702.777",新竹縣,半導體製造業,302台灣新竹縣竹北市新泰路37號,24.8403331,121.0089229
112,J59B0675,頎邦科技股份有限公司光復廠,16130009,"7,714.7872","37,149.9856","44,864.773",新竹縣,半導體製造業,303台灣新竹縣湖口鄉光復路12號,24.8714333,121.0291387
112,J59B1009,力成科技股份有限公司文化一廠,16082267,"2,259.4975","42,108.0067","44,367.504",新竹縣,半導體製造業,303台灣新竹縣湖口鄉文化路4號,24.8623811,121.0096045
112,J59B1316,力成科技股份有限公司新興廠,16082267,"1,932.232","24,933.168","26,865.4",新竹縣,半導體製造業,303台灣新竹縣湖口鄉新興路458-28號,24.875332,121.0055403
112,J59B2542,晶兆成科技股份有限公司二廠,28438025,348.9635,"30,050.2314","30,399.195",新竹縣,半導體製造業,303台灣新竹縣湖口鄉文化路20號,24.8658256,121.0120333
112,J59B2582,欣興電子股份有限公司仁義一廠,23535435,"1,017.0352","29,016.9672","30,034.002",新竹縣,印刷電路板製造業,303台灣新竹縣湖口鄉仁義路10-1號,24.8689263,121.0098697
112,J6100762,南港輪胎股份有限公司新豐廠,11520909,"12,672.295","26,301.1528","38,973.448",新竹縣,橡膠製品製造業,304台灣新竹縣新豐鄉新興路399號,24.8779679,121.0050126
112,J61A1452,欣興電子股份有限公司新豐一廠,23535435,"8,312.9625","113,330.6377","121,643.6",新竹縣,印刷電路板製造業,304台灣新竹縣新豐鄉中崙村290號,24.8852589,121.0103596
112,J61A3270,景碩科技股份有限公司新豐一廠,70785139,"5,441.041","53,812.1709","59,253.212",新竹縣,印刷電路板製造業,304台灣新竹縣新豐鄉建興路二段526號,24.8928386,120.9877991
112,J61A3280,景碩科技股份有限公司新豐二廠,70785139,256.7606,"25,204.1171","25,460.878",新竹縣,印刷電路板製造業,304台灣新竹縣新豐鄉建興路二段526號,24.8928386,120.9877991
112,J6203071,台星科股份有限公司,70552666,"3,274.8834","28,685.9872","31,960.871",新竹縣,其他電子零組件製造業,307台灣新竹縣芎林鄉鹿寮坑176之5號,24.7439205,121.1362063
112,J6300146,漢磊科技股份有限公司創新廠,54389725,"3,745.7844","5,856.6664","9,602.451",新竹縣,半導體製造業,30076台灣新竹市東區科學園區新竹縣寶山鄉創新一路18號1樓,24.777619,120.996058
112,J6300155,台灣高技股份有限公司,22099343,"1,107.0116","4,677.7848","5,784.796",新竹縣,其他電子零組件製造業,330台灣桃園市桃園區興邦路43巷3號,24.9801394,121.3279995
112,J6300299,漢磊科技股份有限公司研發廠,54389725,"18,669.1332","22,850.464","41,519.597",新竹縣,半導體製造業,30076台灣新竹市東區科學園區新竹縣寶山鄉創新一路18號1樓,24.777619,120.996058
112,J6300324,台灣積體電路製造股份有限公司三廠3E廠,22099131,"6,285.1747","61,206.0655","67,491.24",新竹縣,半導體製造業,308台灣新竹縣寶山鄉研新一路9號,24.7752198,120.9902335
112,J6300539,聯亞科技股份有限公司一廠,22099456,7.4208,"44,849.6672","44,857.088",新竹縣,化學原材料製造業,300台灣新竹縣寶山鄉研新一路12號,24.7744205,120.9927425
112,J6300557,台灣積體電路製造股份有限公司二廠,22099131,"19,956.6621","74,697.9881","94,654.65",新竹縣,半導體製造業,308台灣新竹縣寶山鄉園區三路121號,24.7729556,120.9988381
112,J6300860,南茂科技股份有限公司竹科一廠,16130042,566.1499,"47,481.6992","48,047.849",新竹縣,半導體製造業,302台灣新竹縣竹北市新泰路37號,24.8403331,121.0089229
112,J6300959,世界先進積體電路股份有限公司晶圓一廠,84149358,"55,186.7559","107,146.4334","162,333.189",新竹縣,半導體製造業,308台灣新竹縣寶山鄉園區三路123號,24.7755954,120.9962272
112,J6301090,環球晶圓股份有限公司中德廠,28113286,"1,531.505","122,507.4154","124,038.92",新竹縣,半導體製造業,308台灣新竹縣寶山鄉研新一路2號,24.7773932,120.9872306
112,J6301107,台灣積體電路製造股份有限公司三廠,22099131,"39,365.6168","160,916.7456","200,282.362",新竹縣,半導體製造業,308台灣新竹縣寶山鄉研新一路9號,24.7752198,120.9902335
112,J6301447,台灣積體電路製造股份有限公司五廠,22099131,"29,731.7791","92,019.672","121,751.451",新竹縣,半導體製造業,308台灣新竹縣寶山鄉園區三路121號,24.7742653,120.9981518
112,J6304706,亞太優勢微系統股份有限公司,70815339,"6,178.6678","12,295.4906","18,474.158",新竹縣,半導體製造業,308台灣新竹縣寶山鄉研發六路2號,24.779703,120.993768
112,J63A0048,聯華電子股份有限公司Fab8S廠,47217677,"15,108.7865","65,979.3316","81,088.118",新竹縣,半導體製造業,300台灣新竹縣寶山鄉研新一路16號,24.7749701,120.9938198
112,J63A0107,台灣積體電路製造股份有限公司十二廠研新廠,22099131,"11,368.9314","130,441.4321","141,810.364",新竹縣,半導體製造業,308台灣新竹縣寶山鄉園區二路188號,24.7682233,121.0145867
112,J63A1056,台灣積體電路製造股份有限公司十二廠四期/五期,22099131,"40,385.3726","309,532.6743","349,918.047",新竹縣,半導體製造業,308台灣新竹縣寶山鄉園區二路168號,24.7702397,121.0123147
112,J63A1422,矽品精密工業股份有限公司新竹分公司三廠,55991080,391.19,"44,110.98","44,502.17",新竹縣,半導體製造業,300台灣新竹縣寶山鄉研發二路1-1號,24.7766884,121.0011401
112,J63A1591,台灣積體電路製造股份有限公司十二廠六期,22099131,"18,497.5735","246,813.4656","265,311.039",新竹縣,半導體製造業,308台灣新竹縣寶山鄉園區二路166號,24.7713146,121.0111965
112,J63A1670,台灣積體電路製造股份有限公司十二廠七期,22099131,"48,023.0731","375,839.9424","423,863.016",新竹縣,半導體製造業,308台灣新竹縣寶山鄉園區二路188號,24.7682233,121.0145867
112,J63A1719,聯穎光電股份有限公司竹科廠,53170263,"11,043.8504","35,661.2672","46,705.118",新竹縣,半導體製造業,308台灣新竹縣寶山鄉創新一路10號,24.7764668,120.9976736
112,J63A3567,台灣積體電路製造股份有限公司十二廠八期,22099131,"13,368.8278","211,685.76","225,054.588",新竹縣,半導體製造業,300台灣新竹市東區力行三路185號,24.7683935,121.009961
112,K6801089,長春石油化學股份有限公司 苗栗廠,11384806,"651,306.8613","70,689.6936","721,996.555",苗栗縣,未分類其他化學製品製造業,360台灣苗栗縣苗栗市宜春路245號,24.5932743,120.8104072
112,K6801123,長春石油化學股份有限公司苗栗二廠,11384806,"68,830.2896","586,420.7462","655,251.036",苗栗縣,化學原材料製造業,360台灣苗栗縣苗栗市宜春路245號,24.5932743,120.8104072
112,K7000504,臺鹽實業股份有限公司通霄精鹽廠,89397503,"24,583.7744",891.67,"25,475.444",苗栗縣,其他食品製造業,357台灣苗栗縣通霄鎮122號,24.55595,120.7035792
112,K7000513,建順煉鋼股份有限公司,55695790,"42,299.9256","87,285.4528","129,585.378",苗栗縣,鋼鐵製造業,357台灣苗栗縣通霄鎮五北里68之4號,24.4722161,120.6696128
112,K7000764,台灣電力股份有限公司通霄發電廠,3795904,"9,409,395.3308",825.186,"9,410,220.517",苗栗縣,電力供應業,357台灣苗栗縣通霄鎮海濱路1-31號,24.489653,120.673746
112,K7103046,超豐電子股份有限公司公義廠,5126366,776.3984,"72,423.7866","73,200.185",苗栗縣,半導體製造業,350台灣苗栗縣竹南鎮公義路136號,24.6967282,120.8818126
112,K7104025,群創光電股份有限公司T1廠,12800225,"3,180.3117","113,744.4004","116,924.712",苗栗縣,光電材料及元件製造業,350台灣苗栗縣竹南鎮科中路12號,24.7095333,120.9162947
112,K7195124,京元電子股份有限公司竹南分公司中華廠,22507241,"3,983.2438","206,898.725","210,881.969",苗栗縣,半導體製造業,350台灣苗栗縣竹南鎮中華路118號,24.709054,120.925535
112,K71A1370,群創光電股份有限公司T2廠,12800225,"5,778.8814","224,782.8905","230,561.772",苗栗縣,光電材料及元件製造業,350台灣苗栗縣竹南鎮科學路160號,24.7144072,120.9146606
112,K71A1805,達輝光電股份有限公司,28230046,"14,522.2123","22,535.4896","37,057.702",苗栗縣,光電材料及元件製造業,35053台灣苗栗縣竹南鎮科北二路3號,24.7086357,120.9162116
112,K71A2695,群創光電股份有限公司T3廠,12800225,"3,132.9094","73,213.017","76,345.926",苗栗縣,光電材料及元件製造業,350台灣苗栗縣竹南鎮科中路12號,24.7095333,120.9162947
112,K71A7992,環球晶圓股份有限公司竹南廠,28113286,170.4963,"20,983.9621","21,154.458",苗栗縣,其他電子零組件製造業,350台灣苗栗縣竹南鎮科中路21號,24.7094655,120.9137428
112,K71A8772,力晶積成電子製造股份有限公司8B,28112667,"3,257.5452","37,687.5841","40,945.129",苗栗縣,半導體製造業,350台灣苗栗縣竹南鎮科北二路6號,24.7093134,120.9202222
112,K71A9522,聯合再生能源股份有限公司竹南廠,27763753,331.0634,"14,676.1472","15,007.211",苗栗縣,光電材料及元件製造業,350台灣苗栗縣竹南鎮科研路66號,24.7075012,120.9127544
112,K71B0795,台灣積體電路製造股份有限公司先進封測六廠,22099131,"6,044.8819","111,622.2778","117,667.16",苗栗縣,半導體製造業,350台灣苗栗縣竹南鎮科專一路1號,24.706099,120.9065393
112,K7200933,華夏海灣塑膠股份有限公司頭份總廠,11686106,"29,583.7431","75,042.8571","104,626.6",苗栗縣,化學原材料製造業,351台灣苗栗縣頭份市民族路571號,24.6851829,120.8895549
112,K7201001,中國石油化學工業開發股份有限公司頭份廠,3084741,"16,383.2211","16,515.408","32,898.629",苗栗縣,化學原材料製造業,351台灣苗栗縣頭份市自強路二段217號,24.6822518,120.8923886
112,K72A2838,紡安股份有限公司頭份工廠,25131486,"8,649.6184","24,731.616","33,381.234",苗栗縣,紡紗業,351台灣苗栗縣頭份市自強路二段215號,24.6825176,120.8953813
112,K72A4864,超豐電子股份有限公司頭份廠,5126366,732.4041,"27,070.164","27,802.568",苗栗縣,半導體製造業,351台灣苗栗縣頭份市中民路9號,24.6782414,120.8964934
112,K7300447,年興紡織股份有限公司,22266307,"5,023.7122","15,232.6426","20,256.355",苗栗縣,紡織品製造業,356台灣苗栗縣後龍鎮下浮尾119之3號,24.6262171,120.7990371
112,K77A0481,達邁科技股份有限公司銅鑼廠,70776899,"12,538.2715","19,928.3552","32,466.627",苗栗縣,其他電子零組件製造業,366台灣苗栗縣銅鑼鄉銅科二路6號,24.4670853,120.7632684
112,K77A0619,京元電子股份有限公司銅鑼分公司廠,22507241,492.8841,"68,745.2376","69,238.122",苗栗縣,半導體製造業,366台灣苗栗縣銅鑼鄉銅科北 路8號,24.4672191,120.7670081
112,k8000366,立安東化工股份有限公司三義廠,20939460,"47,834.045","12,239.5605","60,073.606",苗栗縣,化學原材料製造業,367台灣苗栗縣三義鄉99號,24.3507679,120.7410567
112,K8100129,東和鋼鐵企業股份有限公司苗栗廠,75280209,"91,119.9157","220,872.8029","311,992.719",苗栗縣,鋼鐵製造業,36842台灣苗栗縣西湖鄉22號,24.5692351,120.7394317
112,K8201149,冠軍建材股份有限公司第二廠,49701774,"61,784.6477","26,632.188","88,416.836",苗栗縣,耐火、黏土建材及其他陶瓷製品製造業,361台灣苗栗縣造橋鄉乳姑山2號,24.6250076,120.8527989
112,L0200473,台灣電力股份有限公司台中發電廠,3795904,"26,146,002.0566","2,976.8956","26,148,978.952",臺中市,電力供應業,434台灣臺中市龍井區龍昌路1號,24.2145358,120.4921722
112,L0200633,中龍鋼鐵股份有限公司,84613756,"9,054,468.0166","161,898.0435","9,216,366.06",臺中市,鋼鐵製造業,434台灣臺中市龍井區龍昌路100號,24.2293309,120.501457
112,L02A0301,中聯資源股份有限公司台中廠,86119908,"33,097.6289","24,737.9767","57,835.606",臺中市,其他非金屬礦物製品製造業,434台灣臺中市龍井區南堤路2號,24.2269716,120.4794207
112,L02A1943,餘慶堂興業股份有限公司研磨廠,28730458,"17,708.1994","23,691.4496","41,399.649",臺中市,水泥及其製品製造業,434台灣臺中市龍井區南堤路8號,24.2325352,120.4817897
112,L8801052,廣源造紙股份有限公司台中廠,50301500,"68,702.418","35,129.328","103,831.746",臺中市,紙漿、紙及紙板製造業,437台灣臺中市大甲區工一路1號,24.4116758,120.6442857
112,L8801141,巨大機械工業股份有限公司日南廠,56054251,"5,970.0968","13,941.0752","19,911.172",臺中市,自行車及其零件製造業,437台灣臺中市大甲區順帆路19號,24.4085942,120.6379253
112,L8900676,永豐餘消費品實業股份有限公司清水廠,22327037,"35,845.7624","27,731.6558","63,577.418",臺中市,其他紙製品製造業,436台灣臺中市清水區舊庄路258號,24.2974958,120.6327659
112,L8901039,中聯油脂股份有限公司台中港廠,89480404,"30,735.2402","15,541.8822","46,277.122",臺中市,動植物油脂製造業,436台灣臺中市清水區北堤路1-8號,24.2919085,120.5243227
112,L9000666,味丹企業股份有限公司沙鹿第一工廠,56121907,"35,504.8678","12,140.1306","47,644.998",臺中市,其他食品製造業,433台灣臺中市沙鹿區興安路65號,24.228647,120.549604
112,L9100198,台灣玻璃工業股份有限公司台中廠,11914002,"80,236.3468","18,958.3368","99,194.684",臺中市,玻璃及其製品製造業,435台灣臺中市梧棲區自強路377號,24.2372238,120.5217875
112,L9100563,台灣玻璃工業股份有限公司台中廠平板三場,11914002,"13,454.3277","10,903.9632","24,358.291",臺中市,玻璃及其製品製造業,435台灣臺中市梧棲區自強路377號,24.2372238,120.5217875
112,L9101748,中美和石油化學股份有限公司台中廠,14040691,"155,795.3384","29,438.1891","185,233.528",臺中市,化學原材料製造業,435台灣臺中市梧棲區草湳里南堤路2段89號,24.2613362,120.4966377
112,L91A0867,台灣中油股份有限公司天然氣事業部台中液化天然氣廠,3707901,"2,060.7585","64,159.9296","66,220.688",臺中市,石油及煤製品製造業,435台灣臺中市梧棲區南堤路二段88號,24.2543366,120.4910302
112,L91A1845,亞東工業氣體股份有限公司台中分公司,22522453,"6,517.1605","70,736.7858","77,253.946",臺中市,化學原材料製造業,435台灣臺中市梧棲區經一路2號,24.2323085,120.5091462
112,L91A2566,藍海氣體工業股份有限公司台中廠,28438186,103.488,"43,478.424","43,581.912",臺中市,化學原材料製造業,435台灣臺中市梧棲區南堤路2段88-1號,24.2567652,120.4989377
112,L91A3247,台灣肥料股份有限公司台中廠,3795101,"372,488.833","41,432.066","413,920.899",臺中市,肥料及氮化合物製造業,435台灣臺中市梧棲區南堤路二段100號,24.2664956,120.5003558
112,L9200693,正隆股份有限公司后里分公司,33085508,"803,581.8748","36,273.432","839,855.307",臺中市,紙漿、紙及紙板製造業,421台灣臺中市后里區三豐路三段2號,24.2845555,120.723059
112,L9200728,豐興鋼鐵股份有限公司,55389357,"197,345.9559","499,394.2676","696,740.224",臺中市,鋼鐵製造業,421台灣臺中市后里區甲后路一段998號,24.3108348,120.710959
112,L9202099,台灣美光記憶體股份有限公司台中一廠,28518076,"110,168.5021","537,333.5995","647,502.102",臺中市,半導體製造業,421台灣臺中市后里區三豐路四段369號,24.3185835,120.7247905
112,L9202231,三福氣體股份有限公司中科分公司中科二廠,11072509,87.0767,"35,381.5461","35,468.623",臺中市,化學原材料製造業,407台灣臺中市西屯區工業區三路9號,24.1630678,120.6090816
112,L92A0931,友達光電股份有限公司后里廠,84149738,"6,793.1832","344,400.7455","351,193.929",臺中市,光電材料及元件製造業,421台灣臺中市后里區馬場路1號,24.2954401,120.7268487
112,L92A0991,三福氣體股份有限公司中科分公司中科三廠,11072509,.6225,"33,019.6538","33,020.276",臺中市,化學原材料製造業,407台灣臺中市西屯區工業區三路9號,24.1630678,120.6090816
112,L9401476,矽品精密工業股份有限公司大豐廠,55991080,"7,853.1126","75,647.7295","83,500.842",臺中市,半導體製造業,427台灣臺中市潭子區大豐路三段123號,24.223522,120.6921587
112,L9402188,矽品精密工業股份有限公司中山廠,55991080,"1,368.7714","108,670.8952","110,039.667",臺中市,半導體製造業,427台灣臺中市潭子區中山路三段153號,24.2238816,120.7068606
112,L9506056,華邦電子股份有限公司中科廠,22099218,"32,108.5765","251,278.9292","283,387.506",臺中市,半導體製造業,428台灣臺中市大雅區科雅一路8號,24.211258,120.6187403
112,L9506663,聯亞科技股份有限公司中科工廠,22099456,3.0564,"51,023.4816","51,026.538",臺中市,未分類其他製造業,407台灣臺中市西屯區科園南路6號,24.1986494,120.6130251
112,L95A2041,台灣積體電路製造股份有限公司15廠,22099131,"162,883.7155","830,364.0935","993,247.809",臺中市,半導體製造業,428台灣臺中市大雅區科雅六路1號,24.2117205,120.6166094
112,M3302600,台灣銅箔股份有限公司,61932639,"11,796.8248","84,040.4656","95,837.29",南投縣,銅製造業,540台灣南投縣南投市成功三路150號,23.9278236,120.6638377
112,M3302762,台灣卜蜂企業股份有限公司南投肉品加工廠,36514783,"16,655.3182","20,768.5504","37,423.869",南投縣,肉類加工及保藏業,540台灣南投縣南投市工業東路17號,23.9304521,120.660858
112,N0702450,臺灣化學纖維股份有限公司,58650902,570.6976,"19,841.7041","20,412.402",彰化縣,紡紗業,500台灣彰化縣彰化市中山路三段359號,24.0878215,120.5616994
112,N0803765,台灣玻璃工業股份有限公司鹿港廠,11914002,"30,529.399","77,044.8219","107,574.221",彰化縣,玻璃及其製品製造業,505台灣彰化縣鹿港鎮鹿工路52號,24.0772777,120.388258
112,N08A1098,台灣玻璃工業股份有限公司鹿港平板廠,11914002,"107,631.8809","14,734.8453","122,366.726",彰化縣,玻璃及其製品製造業,505台灣彰化縣鹿港鎮鹿工路52號,24.0772777,120.388258
112,N0911075,矽品精密工業股份有限公司彰化廠,55991080,"1,424.037","109,078.581","110,502.618",彰化縣,半導體製造業,500台灣彰化縣和美鎮彰新路二段8號,24.0935623,120.5376504
112,N1400562,榮成紙業股份有限公司,34202841,"232,555.0343","262,149.9648","494,704.999",彰化縣,紙漿、紙及紙板製造業,526台灣彰化縣二林鎮廣興巷1-1號,23.8653186,120.3620492
112,N14A1507,榮成紙業股份有限公司蒸汽廠,34202841,"252,626.2903",,"252,626.29",彰化縣,紙漿、紙及紙板製造業,526台灣彰化縣二林鎮廣興巷1-1號,23.8653186,120.3620492
112,N1504207,星能電力股份有限公司,70783765,"1,035,912.1687","2,614.248","1,038,526.417",彰化縣,電力供應業,507台灣彰化縣線西鄉線工南二路2號,24.126898,120.4307108
112,N1505633,星元電力股份有限公司,27945086,"1,074,511.006","2,181.504","1,076,692.51",彰化縣,電力供應業,507台灣彰化縣線西鄉慶安南二路2號,24.1281484,120.4209471
112,N15A2520,長春石油化學股份有限公司彰濱廠,11384806,"38,510.3747","11,989.296","50,499.671",彰化縣,化學原材料製造業,507台灣彰化縣線西鄉彰濱西三路5號,24.1449049,120.4303425
112,N1601229,慶欣欣鋼鐵股份有限公司,80354671,"136,601.7408","215,342.1088","351,943.85",彰化縣,其他金屬製品製造業,509台灣彰化縣伸港鄉工西二路2號,24.1686451,120.5061652
112,N1601854,獻麒紡織工業股份有限公司,22474430,"14,418.1264","3,543.956","17,962.082",彰化縣,染整業,509台灣彰化縣伸港鄉工八路9號,24.1714588,120.5069935
112,N1607141,台灣鋼聯股份有限公司,89528054,"73,123.3733","9,399.6703","82,523.044",彰化縣,化學原材料製造業,50953台灣彰化縣伸港鄉線工北一路36號,24.1545395,120.4511077
112,N16A0638,晉瑜企業股份有限公司彰濱廠,89939090,"6,651.9403","32,505.9904","39,157.931",彰化縣,水泥及其製品製造業,50953台灣彰化縣伸港鄉線工北一路18號,24.1522675,120.4493529
112,N16A1755,長春人造樹脂廠股份有限公司彰濱廠,11384708,"45,305.4635","25,204.2752","70,509.739",彰化縣,化學原材料製造業,509台灣彰化縣伸港鄉線工北三路31號,24.1450675,120.4304438
112,N2100552,正新橡膠工業股份有限公司,59504506,"23,511.6531","26,832.4992","50,344.152",彰化縣,橡膠製品製造業,515台灣彰化縣大村鄉美港路215號,23.9828825,120.5749074
112,N2901755,力麗企業股份有限公司彰化一廠,7663290,263.3588,"24,721.5641","24,984.923",彰化縣,紡紗業,528台灣彰化縣芳苑鄉工區七路16號,23.9175517,120.3518733
112,N2902234,力麗企業股份有限公司彰化化纖總廠,7663290,"48,275.6983","63,742.8164","112,018.515",彰化縣,人造纖維製造業,528台灣彰化縣芳苑鄉工業路38號,23.923622,120.3551431
112,N2904318,力鵬企業股份有限公司彰化尼龍總廠,33955322,"69,916.3366","60,357.4446","130,273.781",彰化縣,人造纖維製造業,528台灣彰化縣芳苑鄉工業路33號,23.9210974,120.3538421
112,N2907186,力麗企業股份有限公司彰化五廠,7663290,114.5475,"19,611.0436","19,725.591",彰化縣,紡紗業,528台灣彰化縣芳苑鄉工區七路16號,23.9175517,120.3518733
112,N2907551,東隆興業股份有限公司彰化芳苑廠,18770509,643.0456,"22,266.5224","22,909.568",彰化縣,紡紗業,528台灣彰化縣芳苑鄉工區三路11號,23.9121388,120.3487728
112,N3000533,碁富食品股份有限公司彰化廠,22360437,"5,783.7702","17,705.0588","23,488.829",彰化縣,肉類加工及保藏業,527台灣彰化縣大城鄉南平路1-1號,23.8495619,120.3278696
112,N3200337,正新橡膠工業股份有限公司溪州廠,59504506,"6,980.8521","22,226.4432","29,207.295",彰化縣,橡膠製品製造業,524台灣彰化縣溪州鄉中山路二段602號,23.8498371,120.485693
112,O1700798,元隆電子股份有限公司,22099174,"47,601.8448","21,397.7495","68,999.594",新竹市,半導體製造業,300台灣新竹市東區研發二路14號,24.778291,121.0023453
112,O1701115,漢磊科技股份有限公司研新廠,54389725,"4,281.3156","7,151.8239","11,433.14",新竹市,半導體製造業,30076台灣新竹市東區科學園區新竹縣寶山鄉創新一路18號1樓,24.777619,120.996058
112,O1702523,正隆股份有限公司新竹廠,33085508,"15,259.2048","10,461.7344","25,720.939",新竹市,紙漿、紙及紙板製造業,300台灣新竹市香山區牛埔路308號,24.7999775,120.94606
112,O1703315,華夏玻璃股份有限公司,47109348,"76,030.9836","26,120.5464","102,151.53",新竹市,玻璃及其製品製造業,300台灣新竹市香山區埔前路49號,24.7957197,120.9383569
112,O1703351,台灣玻璃工業股份有限公司新竹廠,11914002,"120,304.4049","42,695.8272","163,000.232",新竹市,玻璃及其製品製造業,300台灣新竹市香山區中華路四段470號,24.7911338,120.9373214
112,O1704812,台灣茂矽電子股份有限公司,22099110,"80,834.3702","45,102.8555","125,937.226",新竹市,半導體製造業,300台灣新竹市東區研新一路1號,24.7765338,120.9883338
112,O1706049,元太科技工業股份有限公司,22099890,399.4633,"19,166.4269","19,565.89",新竹市,光電材料及元件製造業,300台灣新竹市東區力行一路3號元太科技新竹廠A棟,24.770449,121.0186284
112,O1706209,聯華電子股份有限公司Fab8A廠,47217677,"45,681.6053","104,923.8468","150,605.452",新竹市,半導體製造業,300台灣新竹縣寶山鄉研新一路16號,24.7749701,120.9938198
112,O1706307,旺宏電子股份有限公司晶圓二廠,22099548,"63,138.1053","85,053.6957","148,191.801",新竹市,半導體製造業,300台灣新竹市東區力行路19號,24.7654899,121.0240148
112,O1706692,聯華電子股份有限公司Fab8E廠,47217677,"26,958.3706","72,078.1568","99,036.527",新竹市,半導體製造業,300台灣新竹縣寶山鄉研新一路16號,24.7749701,120.9938198
112,O1706923,昇陽國際半導體(股)公司,84149884,"4,520.5357","18,655.8893","23,176.425",新竹市,半導體製造業,300台灣新竹市東區力行路6號,24.7745936,121.0248789
112,O1707162,矽格聯測股份有限公司,84149456,377.1617,"28,468.8753","28,846.037",新竹市,半導體製造業,300台灣新竹市東區力行三路2號,24.7751313,121.022032
112,O1707395,友達光電股份有限公司L5廠,84149738,944.6633,"32,640.2472","33,584.911",新竹市,光電材料及元件製造業,300台灣新竹市東區力行路23號,24.7606283,121.0208895
112,O1708632,聯華電子股份有限公司Fab8F廠,47217677,"23,138.2298","75,387.9568","98,526.187",新竹市,半導體製造業,300台灣新竹市東區力行二路3號,24.7708157,121.0192901
112,O1709148,聯華電子股份有限公司Fab8D廠,47217677,"59,347.3926","147,122.3795","206,469.772",新竹市,半導體製造業,300台灣新竹市東區力行二路3號,24.7708157,121.0192901
112,O1709193,友達光電股份有限公司L3B廠,84149738,637.3583,"10,298.4574","10,935.816",新竹市,光電材料及元件製造業,300台灣新竹市東區力行路23號,24.7606283,121.0208895
112,O1709308,台灣積體電路製造股份有限公司十二廠,22099131,"53,801.6339","252,600.0245","306,401.658",新竹市,半導體製造業,308台灣新竹縣寶山鄉園區二路168號,24.7702397,121.0123147
112,O1713197,台亞半導體股份有限公司力行廠,47255947,"2,123.7175","27,347.2324","29,470.95",新竹市,半導體製造業,300台灣新竹市東區力行五路1號,24.7630317,121.0212586
112,O1713311,台灣積體電路製造股份有限公司八廠,22099131,"70,610.3885","171,977.8294","242,588.218",新竹市,半導體製造業,300台灣新竹市東區力行路25號,24.7624399,121.01981
112,O1743793,聯亞科技股份有限公司二廠,22099456,2.9916,"20,392.32","20,395.312",新竹市,化學原材料製造業,300台灣新竹市東區力行一路10號,24.7728068,121.0167014
112,O1745831,敦南科技股份有限公司新竹分公司廠,12800750,"11,482.127","7,137.7072","18,619.834",新竹市,半導體製造業,300台灣新竹市東區竹村三路24號,24.7778901,121.0089957
112,O1746614,聯亞科技股份有限公司三廠,22099456,100.2771,"213,314.7328","213,415.01",新竹市,化學原材料製造業,300台灣新竹市東區力行四路3號,24.7622416,121.0228056
112,O1747924,頎邦科技股份有限公司展業廠,16130009,213.2391,"43,503.7464","43,716.986",新竹市,半導體製造業,300台灣新竹市東區展業一路10號,24.7846211,121.00293
112,O1749526,采鈺科技股份有限公司,80601119,"4,229.053","26,418.1504","30,647.203",新竹市,其他電子零組件製造業,"No. 12號, No. 12篤行一路東區新竹市台灣 300",24.7735196,121.0232457
112,O1751197,世界先進積體電路股份有限公司晶圓二廠,84149358,"38,139.0339","126,393.3778","164,532.412",新竹市,半導體製造業,300台灣新竹市東區力行路9號,24.7714636,121.0281827
112,O1753306,力晶積成電子製造股份有限公司8A,28112667,"8,788.8562","79,486.4387","88,275.295",新竹市,半導體製造業,300台灣新竹市東區力行一路18號4樓,24.7681886,121.0170081
112,O17A0968,新唐科技股份有限公司,28112646,"18,725.6754","35,031.3472","53,757.023",新竹市,半導體製造業,300台灣新竹市東區研新三路4號三樓,24.7792616,120.9906641
112,O17A6887,旺宏電子股份有限公司晶圓五廠,22099548,"55,996.3987","151,115.2157","207,111.614",新竹市,半導體製造業,300台灣新竹市東區力行路19號,24.7654899,121.0240148
112,O17K9082,力成科技股份有限公司竹科分公司,16082267,"1,829.41","21,795.6421","23,625.052",新竹市,半導體製造業,303台灣新竹縣湖口鄉大同路10號,24.8693044,120.9983556
112,O17M3787,晶成半導體股份有限公司竹科廠,28114454,"2,123.6739","5,110.9374","7,234.611",新竹市,半導體製造業,300台灣新竹市東區力行五路5號1 F,24.7648589,121.0197737
112,O17M3896,力晶積成電子製造股份有限公司P3,28112667,"15,515.238","138,430.0237","153,945.262",新竹市,半導體製造業,300台灣新竹市東區力行路16-1號,24.7669451,121.0243215
112,O17M3925,力晶積成電子製造股份有限公司P1/2,28112667,"21,583.4937","278,194.4659","299,777.96",新竹市,半導體製造業,300台灣新竹市東區力行一路12號,24.7698161,121.01764
112,O17N2261,亞東工業氣體股份有限公司竹科二廠,22522453,3.3179,"32,386.9379","32,390.256",新竹市,化學原材料製造業,308台灣新竹縣寶山鄉大雅一街103號,24.761684,121.0023662
112,O17N2439,力成科技股份有限公司竹科三廠,16082267,995.8842,"15,913.4883","16,909.373",新竹市,半導體製造業,300台灣新竹市東區力行四路29號,24.7606193,121.0229419
112,O17N5463,世界先進積體電路股份有限公司晶圓五廠,84149358,"6,227.9089","40,211.53","46,439.439",新竹市,半導體製造業,300台灣新竹市東區力行二路1-1號,24.7740488,121.0195629
112,O17N6560,鴻揚半導體股份有限公司,90505585,"8,320.1306","26,711.5512","35,031.682",新竹市,半導體製造業,300台灣新竹市東區研新三路3號,24.7802994,120.9901669
112,O17N8209,盧森堡商達爾國際股份有限公司新竹分公司,28115046,"14,365.5126","15,861.7472","30,227.26",新竹市,半導體製造業,300台灣新竹市東區工業東七路7號,24.7756835,121.0107294
112,P4600987,福懋興業股份有限公司,14001199,"70,239.0648","57,355.5421","127,594.607",雲林縣,染整業,640台灣雲林縣斗六市石榴路317號,23.7272352,120.5880423
112,P4601984,福懋興業股份有限公司第二廠,14001199,"8,450.4872","25,725.4015","34,175.889",雲林縣,紡織品製造業,640台灣雲林縣斗六市石榴路317號,23.7272352,120.5880423
112,P4602196,福懋科技股份有限公司,23826736,987.8588,"111,015.4237","112,003.283",雲林縣,半導體製造業,640台灣雲林縣斗六市河南街329號,23.7130592,120.5760824
112,P4602276,台日古河銅箔股份有限公司,97168665,"2,977.9796","48,142.9034","51,120.883",雲林縣,其他基本金屬製造業,640台灣雲林縣斗六市斗工二路8號,23.7189011,120.590528
112,P4602552,金居開發股份有限公司斗六一廠,16447610,"1,860.6194","47,485.6512","49,346.271",雲林縣,銅製造業,640台灣雲林縣斗六市科工八路56號,23.7197312,120.5079746
112,P4602758,富喬工業股份有限公司,16834268,"28,555.3277","46,019.5708","74,574.899",雲林縣,其他非金屬礦物製品製造業,640台灣雲林縣斗六市斗工十六路8號,23.7098924,120.5965904
112,P4606327,艾杰旭顯示玻璃股份有限公司斗六一廠,70584724,"24,092.8077","90,532.5705","114,625.378",雲林縣,玻璃及其製品製造業,640台灣雲林縣斗六市科工七路8號,23.7180315,120.5035408
112,P4606818,金居開發股份有限公司斗六二廠,16447610,"1,269.0589","53,741.8564","55,010.915",雲林縣,銅製造業,640台灣雲林縣斗六市科工八路56號,23.7197312,120.5079746
112,P4607940,上銀科技股份有限公司-雲科廠,23503047,287.3983,"37,463.184","37,750.582",雲林縣,金屬加工用機械設備製造業,640台灣雲林縣斗六市科班二路7號,23.7279516,120.5615541
112,P46A0069,巧新科技工業股份有限公司二廠,84980915,"10,195.5275","31,712.9947","41,908.522",雲林縣,金屬加工處理業,640台灣雲林縣斗六市雲科路三段80號,23.7260599,120.5180486
112,P46A0693,艾杰旭顯示玻璃股份有限公司斗六二廠,70584724,"84,684.917","161,486.624","246,171.541",雲林縣,玻璃及其製品製造業,640台灣雲林縣斗六市科工八路8號,23.7232951,120.515006
112,P46A5881,古河銅箔股份有限公司,53372182,"1,044.0915","19,709.0943","20,753.186",雲林縣,其他基本金屬製造業,640台灣雲林縣斗六市科加路25號,23.7343892,120.5420966
112,P46B5125,中國石油化學工業開發股份有限公司斗六廠,3084741,"15,530.379","11,459.2913","26,989.67",雲林縣,紡紗業,640台灣雲林縣斗六市斗工十路156號,23.7145466,120.5974868
112,P4801322,台榮產業股份有限公司雲林廠,3543210,"24,638.2248","14,203.8227","38,842.048",雲林縣,碾穀、磨粉及澱粉製品製造業,"632台灣雲林縣虎尾鎮惠來路112號, 632",23.7284504,120.4855186
112,P48A0851,富喬工業股份有限公司雲林分公司,16834268,"37,640.0708","39,143.7696","76,783.84",雲林縣,玻璃及其製品製造業,640台灣雲林縣斗六市斗工十六路8號,23.7098924,120.5965904
112,P5400070,建大工業股份有限公司雲林廠,59619900,"10,746.1915","16,071.4008","26,817.592",雲林縣,橡膠製品製造業,647台灣雲林縣莿桐鄉延平路50號,23.7487202,120.4977599
112,P5500191,合眾紙業股份有限公司林內廠,4380087,"32,008.4879","23,999.2477","56,007.736",雲林縣,紙漿、紙及紙板製造業,643台灣雲林縣林內鄉瑞農65號,23.7670948,120.6046704
112,P5801513,南亞塑膠工業股份有限公司麥寮總廠,75370905,"233,556.915","705,041.9294","938,598.844",雲林縣,化學原材料製造業,638台灣雲林縣麥寮鄉中山高速公路,23.79864,120.21748
112,P5801602,台灣塑膠工業股份有限公司麥寮廠,75708007,"454,469.7539","3,670,302.3235","4,124,772.077",雲林縣,未分類其他化學製品製造業,638台灣雲林縣麥寮鄉台塑工業園區1號,23.8002145,120.2157963
112,P5801719,麥寮汽電股份有限公司,96975970,"9,440,456.903","2,923.1917","9,443,380.095",雲林縣,電力供應業,638台灣雲林縣麥寮鄉7號,23.8041865,120.1914995
112,P5801728,台塑石化股份有限公司麥寮二廠,86522210,"4,046,891.769","190,724.9036","4,237,616.673",雲林縣,未分類其他化學製品製造業,638台灣雲林縣麥寮鄉工業路17號,23.7771766,120.1874829
112,P5801773,台灣化學纖維股份有限公司麥寮廠,58650902,"411,589.3985","1,097,081.3581","1,508,670.757",雲林縣,化學原材料製造業,"638台灣雲林縣麥寮鄉5號, 台 塑 工業 園區",23.8136467,120.2098154
112,P5801871,台塑勝高科技股份有限公司麥寮矽晶圓廠,89406518,"5,871.7999","223,231.5126","229,103.313",雲林縣,半導體製造業,638台灣雲林縣麥寮鄉63810號,23.78877,120.20377
112,P5802001,台灣塑膠工業股份有限公司麥寮碳纖廠,75708007,"4,819.5742","165,342.6638","170,162.238",雲林縣,化學原材料製造業,638台灣雲林縣麥寮鄉工業路1號,23.7901373,120.2620449
112,P5802092,台灣化學纖維股份有限公司海豐廠,58650902,"1,239,393.2268","1,759,810.4715","2,999,203.698",雲林縣,化學原材料製造業,638台灣雲林縣麥寮鄉638,23.761906,120.1759649
112,P5802323,南中石化工業股份有限公司乙二醇廠,97161348,"1,556.6401","76,154.9919","77,711.632",雲林縣,化學原材料製造業,638台灣雲林縣麥寮鄉麥寮鄉台塑工業園區1號重工機房,23.798645,120.21748
112,P5802378,台塑旭彈性纖維股份有限公司麥寮廠,16446128,"4,347.6321","39,197.088","43,544.72",雲林縣,化學原材料製造業,"638台灣雲林縣麥寮鄉12號, 台塑工業園區",23.7816419,120.2023879
112,P5802387,大連化學工業股份有限公司麥寮廠,12233428,"79,961.3317","624,392.5743","704,353.906",雲林縣,化學原材料製造業,638台灣雲林縣麥寮鄉25號,23.759851,120.1726932
112,P5802421,台塑石化股份有限公司麥寮一廠,86522210,"14,322,859.5375",,"14,322,859.538",雲林縣,化學原材料製造業,638台灣雲林縣麥寮鄉中山高速公路,23.79864,120.21748
112,P5802430,台塑石化股份有限公司麥寮三廠,86522210,"5,634,888.9445","39,128.8489","5,674,017.793",雲林縣,未分類其他化學製品製造業,638台灣雲林縣麥寮鄉麥寮鄉台塑工業園區39號,23.762269,120.187877
112,P5805244,南亞塑膠工業股份有限公司海豐總廠,75370905,"159,395.4696","506,783.3009","666,178.771",雲林縣,化學原材料製造業,"638台灣雲林縣麥寮鄉42號, 台塑工業園區",23.7737178,120.1913452
112,P5805753,長春石油化學股份有限公司麥寮廠,11384806,"19,544.2468","469,354.1683","488,898.415",雲林縣,未分類其他化學製品製造業,638台灣雲林縣麥寮鄉25號,23.759615,120.1728267
112,P5805780,台灣醋酸化學股份有限公司醋酸廠,80087041,"16,203.8656","119,983.0936","136,186.959",雲林縣,未分類其他化學製品製造業,638台灣雲林縣麥寮鄉東環路129號,23.7986392,120.2174861
112,P5806349,台灣塑膠工業股份有限公司海豐廠,75708007,"90,900.2269","178,539.7686","269,439.996",雲林縣,化學原材料製造業,638台灣雲林縣麥寮鄉638,23.761906,120.1759649
112,P58A1635,台塑科騰化學有限公司,53667030,"7,782.1059","54,215.7465","61,997.852",雲林縣,塑膠及合成橡膠原料製造業,638台灣雲林縣麥寮鄉Q5MH+5P,23.7829827,120.1793247
112,Q68A1602,和大工業股份有限公司嘉義廠,52264848,"2,122.8076","25,415.7072","27,538.515",嘉義縣,汽車零件製造業,622台灣嘉義縣大林鎮大埔美園區五路18號,23.5934167,120.5174563
112,Q6900821,上評資源循環股份有限公司嘉義廠,91004618,"7,259.964","13,771.5344","21,031.498",嘉義縣,紙漿、紙及紙板製造業,621台灣嘉義縣民雄鄉工業一路10號,23.5190922,120.426951
112,Q6901613,福隆玻璃纖維股份有限公司,22663571,"21,530.8027","28,319.1438","49,849.947",嘉義縣,玻璃及其製品製造業,621台灣嘉義縣民雄鄉中華路89號,23.526617,120.456131
112,Q6907286,嘉惠電力股份有限公司,96976990,"1,756,929.0084","18,091.3233","1,775,020.332",嘉義縣,電力供應業,62148台灣嘉義縣民雄鄉松山村松子腳688號,23.5317971,120.4726806
112,Q7100245,台灣必成股份有限公司新港廠,22662355,"40,358.4405","114,310.9966","154,669.437",嘉義縣,玻璃及其製品製造業,616台灣嘉義縣新港鄉2-1號,23.5111242,120.3695728
112,Q7100254,台灣化學纖維股份有限公司新港廠,58650902,"2,067,217.0027","19,357.2319","2,086,574.235",嘉義縣,人造纖維製造業,616002台灣嘉義縣新港鄉1號,23.5221981,120.3825302
112,Q7100272,南亞塑膠工業股份有限公司新港廠,75370905,"41,834.1597","700,132.6676","741,966.827",嘉義縣,塑膠製品製造業,616台灣嘉義縣新港鄉三間厝38號,23.5216367,120.3824802
112,Q7100754,台灣塑膠工業股份有限公司新港廠,75708007,"9,172.9604","254,840.0627","264,013.023",嘉義縣,塑膠及合成橡膠原料製造業,616台灣嘉義縣新港鄉工業區2號,23.522898,120.3818536
112,Q7600375,南亞塑膠工業股份有限公司嘉義廠,75370905,"14,883.6262","74,318.1504","89,201.777",嘉義縣,塑膠製品製造業,612台灣嘉義縣太保市北港路二段201號,23.4970118,120.3783989
112,Q76A0767,曜智實業股份有限公司嘉義廠,12617727,"25,143.7674","5,376.8363","30,520.604",嘉義縣,染整業,612台灣嘉義縣太保市中興路11號,23.5085886,120.3592999
112,R0300384,統一企業股份有限公司新市廠,73251209,"20,006.9248","30,940.6447","50,947.57",臺南市,乳品製造業,744008台灣臺南市新市區大營里大營 7號,23.0993323,120.317346
112,R0300606,得力實業股份有限公司,73686632,"36,913.3921","26,393.7244","63,307.117",臺南市,染整業,744台灣臺南市新市區復興路820號,23.1047554,120.2949128
112,R0301514,南茂科技股份有限公司台南廠,16130042,886.757,"71,605.6656","72,492.423",臺南市,半導體製造業,744台灣臺南市新市區南科七路5號,23.1097393,120.2760831
112,R0301603,宏捷科技股份有限公司南科大利廠,16130423,"27,492.1364","18,747.1024","46,239.239",臺南市,半導體製造業,744台灣臺南市新市區大利一路6號,23.1079748,120.2797648
112,R0304131,聯華電子股份有限公司Fab12A廠,47217677,"47,738.4594","401,583.0096","449,321.469",臺南市,半導體製造業,744台灣臺南市新市區南科二路18號,23.0956627,120.2790714
112,R0304944,艾杰旭顯示玻璃股份有限公司台南廠,70584724,268.3559,"27,940.64","28,208.996",臺南市,玻璃及其製品製造業,744台灣臺南市新市區風鈴路1號,23.0966977,120.2597554
112,R0305156,瀚宇彩晶南科TFT-LCD三廠,16450500,"15,534.4461","212,868.1687","228,402.615",臺南市,光電材料及元件製造業,741台灣臺南市新市區南科二路35號,23.09469,120.2800349
112,R03A0450,群創光電股份有限公司樹谷分公司,12800225,"12,879.1297","387,765.9902","400,645.12",臺南市,光電材料及元件製造業,74148台灣臺南市新市區紫楝路21號,23.1007961,120.2624638
112,R03A0658,晶元光電股份有限公司南科一廠,84149786,"7,634.4943","25,646.3084","33,280.803",臺南市,光電材料及元件製造業,744台灣臺南市新市區大順九路16號,23.1070619,120.2878454
112,R03A1894,群創光電股份有限公司B廠,12800225,"49,051.5617","410,851.7053","459,903.267",臺南市,光電材料及元件製造業,741台灣臺南市善化區南科八路12號B棟,23.1154249,120.2762664
112,R03A1903,群創光電股份有限公司A廠,12800225,"7,467.8319","47,418.2785","54,886.11",臺南市,光電材料及元件製造業,744台灣臺南市新市區奇業路1號,23.0875622,120.2815577
112,R03A1913,群創光電股份有限公司D廠,12800225,"13,676.6478","572,230.4179","585,907.066",臺南市,光電材料及元件製造業,744台灣臺南市新市區環西路一段3號,23.090312,120.277275
112,R0500240,宏遠興業股份有限公司,22817999,"52,461.5271","43,387.8718","95,849.399",臺南市,染整業,743台灣臺南市山上區256號,23.1133126,120.3422775
112,R0503072,森霸電力股份有限公司,70783499,"2,193,251.4098","2,371.2","2,195,622.61",臺南市,電力供應業,743台灣臺南市山上區66號,23.0842713,120.3559143
112,R1001719,臺南紡織股份有限公司仁德廠,68919301,"25,816.4781","20,552.8853","46,369.363",臺南市,紡紗業,717台灣臺南市仁德區中正路二段1034巷6號,22.9642474,120.2559933
112,R1001791,台南紡織股份有限公司太子廠,68919301,"23,813.1842","53,816.7552","77,629.939",臺南市,人造纖維製造業,717台灣台灣省仁德區中正路三段419號,22.9842624,120.2574353
112,R1002065,奇美實業股份有限公司,68387705,"339,458.5549","25,330.5515","364,789.106",臺南市,塑膠及合成橡膠原料製造業,717台灣臺南市仁德區中正路一段398號,22.9272249,120.2431587
112,R1002547,豐年豐和企業股份有限公司上崙一廠,16635562,"22,096.664","6,745.2736","28,841.938",臺南市,動植物油脂製造業,717台灣臺南市仁德區崑崙路201號,22.9328505,120.2508391
112,R10A3047,奇美實業股份有限公司旭美廠,68387705,"81,224.4345","96,797.5898","178,022.024",臺南市,塑膠及合成橡膠原料製造業,717台灣臺南市仁德區中正路一段398號,22.9272249,120.2431587
112,R1412418,統一實業股份有限公司二廠,73252657,"26,049.8542","50,288.7312","76,338.585",臺南市,金屬加工處理業,710台灣臺南市永康區中正北路837號,23.0505581,120.2667841
112,R14A1883,易昇鋼鐵股份有限公司,28098406,"52,436.0993","103,211.2224","155,647.322",臺南市,鋼鐵製造業,710台灣臺南市永康區正南一街200號,23.0281573,120.2250601
112,R8400372,台灣史谷脫紙業股份有限公司新營廠,11820053,"11,634.6746","17,552.808","29,187.483",臺南市,其他紙製品製造業,730台灣臺南市新營區南紙街94號,23.2983704,120.2929109
112,R8400416,臺灣紙業股份有限公司新營紙廠,11912102,"6,915.2466","20,101.5266","27,016.773",臺南市,化學原材料製造業,730台灣臺南市新營區南紙街94號,23.2983704,120.2929109
112,R8400827,榮剛材料科技股份有限公司新營廠,84252697,"62,850.0516","76,992.7341","139,842.786",臺南市,鋼鐵製造業,730台灣臺南市新營區新中路35號,23.3016583,120.2809331
112,R8500582,華新麗華股份有限公司鹽水廠,35412204,"82,120.0487","130,952.7296","213,072.778",臺南市,鋼鐵製造業,737台灣臺南市鹽水區3之10號,23.3340512,120.2905244
112,R9001597,能元科技股份有限公司南科廠,16441469,"4,855.4531","23,830.3031","28,685.756",臺南市,其他電力設備及配備製造業,741台灣臺南市善化區大利二路10號,23.1145172,120.278318
112,R9001631,三福氣體股份有限公司南科廠,11072509,355.6225,"67,622.0247","67,977.647",臺南市,化學原材料製造業,745台灣臺南市安定區北園三路10號,23.1229044,120.2624825
112,R9001677,台灣積體電路製造股份有限公司十四廠,22099131,"173,807.2886","736,957.104","910,764.393",臺南市,半導體製造業,741台灣臺南市善化區南科北路1號,23.1145277,120.2743889
112,R9001702,台灣康寧顯示玻璃股份有限公司南科分公司台南廠,4388145,"4,047.6887","67,383.7736","71,431.462",臺南市,玻璃及其製品製造業,741台灣臺南市善化區環東路二段33號,23.1181074,120.2784595
112,R9004230,台灣積體電路製造股份有限公司六廠,22099131,"70,242.3211","178,302.8227","248,545.144",臺南市,半導體製造業,744台灣臺南市新市區南科北路1號,23.1100289,120.2735232
112,R90A0302,晶元光電股份有限公司南科三廠,84149786,"1,817.6225","18,114.5196","19,932.142",臺南市,光電材料及元件製造業,741台灣臺南市善化區南科八路11號,23.1141327,120.2761632
112,R90A0401,誠美材料科技股份有限公司,27790294,"15,468.7104","30,914.1248","46,382.835",臺南市,光電材料及元件製造業,741台灣臺南市善化區木柵港西路13號,23.106012,120.2581766
112,R90A0689,住華科技股份有限公司南科一廠,70848177,"12,894.826","30,920.3971","43,815.223",臺南市,其他電子零組件製造業,741台灣臺南市善化區環東路二段32號,23.1217605,120.2754575
112,R90A1360,台灣積體電路製造股份有限公司先進封測二廠,22099131,"17,207.7265","92,855.7385","110,063.465",臺南市,半導體製造業,741台灣臺南市善化區南科北路1之1號,23.1098041,120.2712618
112,R9100522,東盟開發實業股份有限公司學甲廠,88121697,"23,467.8339","32,007.6432","55,475.477",臺南市,鋼鐵製造業,726台灣臺南市學甲區754C+V4,23.2571395,120.1702826
112,R92A0659,榮剛材料科技股份有限公司柳營廠,84252697,"33,194.6007","18,996.1962","52,190.797",臺南市,鋼鐵製造業,736台灣臺南市柳營區腳腿仔大道13號,23.2791244,120.3579883
112,R9700353,怡華實業股份有限公司,33144175,"7,880.0963","25,850.1635","33,730.26",臺南市,紡紗業,720台灣臺南市官田區工業路11號,23.2075548,120.3239361
112,R9701056,大統益股份有限公司,20927014,"12,072.1393","88,705.1934","100,777.333",臺南市,動植物油脂製造業,720台灣臺南市官田區工業西路32號,23.2127212,120.320313
112,R9701341,威致鋼鐵工業股份有限公司官田廠,69771636,"86,682.6117","162,234.3424","248,916.954",臺南市,鋼鐵製造業,720台灣臺南市官田區南廍123號,23.2262982,120.3104239
112,R9702160,台灣汽電共生股份有限公司官田廠,86685142,"336,811.8194",357.656,"337,169.475",臺南市,電力供應業,720台灣臺南市官田區工業西路28號,23.2107951,120.3201115
112,S1601178,晉禾企業股份有限公司,88680066,"5,154.0645","20,435.173","25,589.238",高雄市,金屬加工處理業,820台灣高雄市岡山區新樂街107號,22.8073315,120.2933827
112,S1601203,春雨工廠股份有限公司,88187108,"12,796.0554","8,297.5979","21,093.653",高雄市,其他基本金屬製造業,820台灣高雄市岡山區新樂街169號,22.8092494,120.2923963
112,S1601570,燁興企業股份有限公司軋鋼廠,75992214,"11,895.3552","16,193.1688","28,088.524",高雄市,其他金屬製品製造業,820台灣高雄市岡山區寶米路369號,22.7707875,120.2740228
112,S1601990,燁聯鋼鐵股份有限公司,23218395,"190,757.8123","294,245.9661","485,003.778",高雄市,鋼鐵製造業,820台灣高雄市岡山區興隆街600號,22.8309261,120.3005934
112,S1602102,中鴻鋼鐵股份有限公司熱軋廠,7838854,"132,159.3295","101,533.5801","233,692.91",高雄市,鋼鐵製造業,820台灣高雄市岡山區興隆街576號,22.82647,120.29961
112,S1695018,漢翔航空工業股份有限公司岡山廠,97160544,"3,580.1542","23,297.8541","26,878.008",高雄市,未分類其他運輸工具及其零件製造業,820台灣高雄市岡山區崗德路1號,22.8119028,120.3207283
112,S1900283,和益化學工業股份有限公司,4312878,"48,830.5291","18,822.1832","67,652.712",高雄市,化學原材料製造業,832台灣高雄市林園區石化三路9號,22.4876543,120.4058487
112,S1900372,台灣氯乙烯工業股份有限公司林園廠,19084015,"121,335.8757","55,018.1549","176,354.031",高雄市,化學原材料製造業,832台灣高雄市林園區工業一路1號,22.499011,120.4069092
112,S1900578,東聯化學股份有限公司高雄林園廠,14057995,"26,542.0628","317,216.8315","343,758.894",高雄市,化學原材料製造業,832台灣高雄市林園區工業三路3號,22.493906,120.4147949
112,S1900596,亞洲聚合股份有限公司 林園廠,20747385,"10,187.5697","97,777.5068","107,965.077",高雄市,塑膠及合成橡膠原料製造業,832台灣高雄市林園區工業一路3號,22.501852,120.4068083
112,S1900612,聯成化學科技股份有限公司林園廠,4748660,"37,101.1736","14,442.3631","51,543.537",高雄市,化學原材料製造業,832台灣高雄市林園區工業二路3號,22.5030674,120.4136687
112,S1900630,台達化學工業股份有限公司林園廠,11893409,"5,510.146","32,782.3505","38,292.497",高雄市,塑膠及合成橡膠原料製造業,832台灣高雄市林園區工業一路5號,22.5060123,120.4057873
112,S1900649,南帝化學工業股份有限公司,12209807,"1,387.5873","20,302.5002","21,690.088",高雄市,塑膠及合成橡膠原料製造業,832台灣高雄市林園區工業一路9號,22.5103631,120.4048619
112,S1900658,台灣苯乙烯工業股份有限公司高雄廠,20844865,"174,823.1376","25,923.7536","200,746.891",高雄市,化學原材料製造業,832台灣高雄市林園區工業一路7號,22.5073491,120.405701
112,S1900676,李長榮化學工業股份有限公司林園廠,39054405,"21,762.6321","45,497.3196","67,259.952",高雄市,化學原材料製造業,832台灣高雄市林園區石化三路11號,22.487728,120.4047558
112,S1900685,台灣塑膠工業股份有限公司林園廠,75708007,"610,064.1611","108,812.3688","718,876.53",高雄市,化學原材料製造業,832台灣高雄市林園區石化一路1號,22.5075475,120.4118101
112,S1900694,台灣石化合成股份有限公司林園廠,30974253,"46,948.2277","37,895.6702","84,843.898",高雄市,未分類其他化學製品製造業,832台灣高雄市林園區工業二路1號,22.4988619,120.4144485
112,S1900701,台灣塑膠工業股份有限公司林園聚丙烯廠,75708007,260.1221,"127,338.9308","127,599.053",高雄市,化學原材料製造業,832台灣高雄市林園區石化一路1號,22.5075475,120.4118101
112,S1900710,台灣中油股份有限公司石化事業部,3707901,"1,725,051.0925","80,789.3899","1,805,840.482",高雄市,化學原材料製造業,832台灣高雄市林園區石化二路3號,22.4986779,120.406679
112,S1900729,聯華氣體工業股份有限公司林園工廠,5258865,"2,301.5571","53,654.328","55,955.885",高雄市,化學原材料製造業,832台灣高雄市林園區工業二路3-1號,22.5032373,120.4111654
112,S1901002,合興石化工業股份有限公司林園廠,23531178,"23,591.9765","27,132.4787","50,724.455",高雄市,未分類其他化學製品製造業,832台灣高雄市林園區工業二路1號,22.4988619,120.4144485
112,S1901066,信昌化學工業股份有限公司林園廠,86120031,"96,379.6504","42,068.8238","138,448.474",高雄市,化學原材料製造業,832台灣高雄市林園區工業三路9號,22.4970261,120.4150045
112,S2000424,台灣寶理塑膠股份有限公司大發廠,22853994,"4,724.6275","71,835.3045","76,559.932",高雄市,塑膠及合成橡膠原料製造業,831台灣高雄市大寮區建業路13號,22.5709206,120.4272615
112,S2001314,長春石油化學股份有限公司 大發廠,11384806,"554,380.9858","4,874.8468","559,255.833",高雄市,化學原材料製造業,831台灣高雄市大寮區建業路11號,22.5710517,120.4276788
112,S2005081,長春人造樹脂廠股份有限公司大發廠,11384708,"10,894.7145","379,039.373","389,934.088",高雄市,化學原材料製造業,831台灣高雄市大寮區華西路8號,22.5751524,120.4229687
112,S2005652,大連化學工業股份有限公司大發廠,12233428,"76,649.339","526,082.7616","602,732.101",高雄市,化學原材料製造業,831台灣高雄市大寮區華西路8之1號,22.5748121,120.4256747
112,S2015916,長春人造樹脂廠股份有限公司大發二廠,11384708,"70,508.0614","312,747.4191","383,255.481",高雄市,化學原材料製造業,831台灣高雄市大寮區華西路8號,22.5751524,120.4229687
112,S20A2878,國巨股份有限公司大發二廠,22636630,"1,530.3589","26,711.1728","28,241.532",高雄市,被動電子元件製造業,815台灣高雄市大社區中正路291號,22.7394995,120.3484368
112,S2100223,中華紙漿股份有限公司久堂廠,85066002,"385,792.0102","22,928.2888","408,720.299",高雄市,紙漿、紙及紙板製造業,840台灣高雄市大樹區久堂路112號,22.6597566,120.4204955
112,S2201056,台灣聚合化學品股份有限公司高雄廠,11917107,"20,983.0033","121,408.2682","142,391.272",高雄市,化學原材料製造業,814台灣高雄市仁武區鳳仁路330號,22.7139428,120.3376327
112,S2201092,長春人造樹脂廠股份有限公司高雄廠,11384708,"21,289.1542","56,917.0586","78,206.213",高雄市,塑膠及合成橡膠原料製造業,814台灣高雄市仁武區工業一路14號,22.7003373,120.34104
112,S2201109,台灣塑膠工業股份有限公司仁武廠,75708007,"2,256,559.8012","71,351.056","2,327,910.857",高雄市,化學原材料製造業,814台灣高雄市仁武區水管路100號,22.7057305,120.334949
112,S2201118,南亞塑膠工業股份有限公司仁武廠,75370905,"1,211.3089","26,379.0093","27,590.318",高雄市,塑膠製品製造業,814台灣高雄市仁武區水管路101號,22.7053081,120.3329138
112,S2201154,三芳化學工業股份有限公司,83387850,"6,968.1335","15,892.2764","22,860.41",高雄市,化學原材料製造業,814台灣高雄市仁武區鳳仁路402號,22.721594,120.3352089
112,S2300401,中國人造纖維股份有限公司高雄總廠,7066907,"395,245.4066","15,411.7663","410,657.173",高雄市,化學原材料製造業,815台灣高雄市大社區經建路8號,22.7247531,120.3360897
112,S2300410,中國石油化學工業開發股份有限公司大社廠,3084741,"118,403.6963","41,186.4673","159,590.164",高雄市,化學原材料製造業,815台灣高雄市大社區經建路1號,22.7258043,120.3403145
112,S2300429,國喬石油化學股份有限公司高雄廠,4212250,"416,998.2553","20,354.3808","437,352.636",高雄市,石油及煤製品製造業,815台灣高雄市大社區興工路4號,22.7210212,120.341794
112,S2300438,台橡股份有限公司高雄廠,3553737,"101,347.4431","42,997.7228","144,345.166",高雄市,塑膠及合成橡膠原料製造業,815台灣高雄市大社區興工路2號,22.7241632,120.3403621
112,S2300447,高雄塑酯化學工業股份有限公司,85803825,"67,502.8106","20,286.6903","87,789.501",高雄市,化學原材料製造業,815台灣高雄市大社區興工路1號,22.7240417,120.3410755
112,S2300465,大連化學工業股份有限公司高雄廠,12233428,"34,570.1248","42,994.5229","77,564.648",高雄市,化學原材料製造業,815台灣高雄市大社區興工路1之3號,22.7202288,120.3424248
112,S23A0124,李長榮化學工業股份有限公司大社廠,39054405,"17,901.823","49,003.317","66,905.14",高雄市,塑膠及合成橡膠原料製造業,815台灣高雄市大社區經建路2號,22.7276962,120.3425868
112,S2500527,中鴻鋼鐵股份有限公司冷軋廠,7838854,"10,672.7009","16,268.8412","26,941.542",高雄市,鋼鐵製造業,825台灣高雄市橋頭區Q78G+99,22.7658889,120.2759492
112,S2500536,燁輝企業股份有限公司高雄一廠,75947936,"49,540.4899","69,390.7968","118,931.287",高雄市,金屬加工處理業,825台灣高雄市橋頭區里芋寮路369號,22.7654048,120.2770969
112,S25A0144,欣建工業股份有限公司,28042430,"16,979.2488","11,803.8336","28,783.082",高雄市,鋼鐵製造業,825台灣高雄市橋頭區芋林路301號,22.7648371,120.2834713
112,S2602473,裕鐵企業股份有限公司岡山二廠,85978401,"24,470.2877","38,470.3134","62,940.601",高雄市,金屬加工處理業,824台灣高雄市燕巢區安招路,22.7863349,120.3289808
112,S2603498,泓達化工股份有限公司燕巢廠,23418128,"16,074.4666","10,287.6666","26,362.133",高雄市,塑膠及合成橡膠原料製造業,824台灣高雄市燕巢區中興路922號,22.7761399,120.3604401
112,S26A0793,裕鐵企業股份有限公司岡山三廠,85978401,"24,786.0475","9,969.9364","34,755.984",高雄市,金屬加工處理業,824台灣高雄市燕巢區安招路,22.7863349,120.3289808
112,S2900821,長興材料工業股份有限公司路竹廠,75339004,"13,974.8751","17,360.0527","31,334.928",高雄市,未分類其他化學製品製造業,821台灣高雄市路竹區長興路22號,22.8463472,120.2432493
112,S29A1607,群創光電股份有限公司F廠,12800225,"8,899.9975","346,759.8072","355,659.805",高雄市,光電材料及元件製造業,821台灣高雄市路竹區路科十路11號,22.8392912,120.2518516
112,S3200428,勝一化工股份有限公司,75970680,"23,099.0663","3,329.8564","26,428.923",高雄市,化學原材料製造業,828台灣高雄市永安區永工一路5號,22.8119775,120.2542252
112,S3200688,台灣電力股份有限公司興達發電廠,3795904,"15,790,316.7733","1,059.3366","15,791,376.11",高雄市,電力供應業,828台灣高雄市永安區興達路6號,22.8564943,120.2004541
112,S3200946,台灣中油股份有限公司天然氣事業部永安液化天然氣廠,3707901,"10,480.2302","98,300.4672","108,780.697",高雄市,氣體燃料供應業,828台灣高雄市永安區新興路1-20號,22.8086278,120.2117127
112,S3200955,遠東氣體工業股份有限公司永安工廠,22956507,18.1443,"33,395.9808","33,414.125",高雄市,化學原材料製造業,828台灣高雄市永安區新興路1-21號,22.8131401,120.2113137
112,S3204695,勝一化工股份有限公司永安二廠,75970680,"27,682.1339","5,025.3444","32,707.478",高雄市,化學原材料製造業,828台灣高雄市永安區永工一路18號,22.8169102,120.2545588
112,T4203686,燁輝企業股份有限公司屏東廠,75947936,"14,357.5078","12,073.5576","26,431.065",屏東縣,金屬加工處理業,900081台灣屏東縣屏東市工業六路6號,22.655541,120.4978056
112,U0100187,台灣水泥股份有限公司和平分公司和平廠,11913502,"2,337,377.7488","123,081.4812","2,460,459.23",花蓮縣,水泥及其製品製造業,972台灣花蓮縣秀林鄉和平村263號,24.3031223,121.7514351
112,U0100258,和平電力股份有限公司和平火力發電廠,16096852,"7,995,241.5126",1.3832,"7,995,242.896",花蓮縣,電力供應業,972台灣花蓮縣秀林鄉和工二路7號,24.3088771,121.7633072
112,U9400115,亞洲水泥股份有限公司花蓮製造廠,3244509,"2,634,141.9845","148,714.1251","2,782,856.11",花蓮縣,水泥及其製品製造業,971台灣花蓮縣新城鄉新興路125號,24.1334551,121.6393111
112,U9500478,中華紙漿股份有限公司花蓮廠,94025264,"61,220.7419","104,154.96","165,375.702",花蓮縣,紙漿、紙及紙板製造業,973台灣花蓮縣吉安鄉光華街100號,23.9312034,121.5839363
112,V7500777,中華紙漿股份有限公司台東廠,85066002,"106,307.6681","47,151.9488","153,459.617",臺東縣,紙漿、紙及紙板製造業,950台灣臺東縣臺東市中興路四段371號,22.7742055,121.0953973
112,W0504775,台灣電力股份有限公司塔山發電廠,3795904,"206,980.8446",137.747,"207,118.592",金門縣,電力供應業,893西海路一段2號,24.4143164,118.2821738
112,X0501232,台灣電力股份有限公司尖山發電廠,3795904,"169,887.1752",219.336,"170,106.511",澎湖縣,電力供應業,880台灣澎湖縣馬公市新生路333號,23.5670483,119.5805389
112,Z6303328,台灣電力股份有限公司協和發電廠馬祖珠山分廠,3795904,"39,332.6045",,"39,332.605",連江縣,電力供應業,2094299之9號,26.1552886,119.9348373
111,B2311535,台灣康寧顯示玻璃股份有限公司,4388145,"40,142.3572","333,933.3184","374,075.676",臺中市,其他非金屬礦物製品製造業,407台灣臺中市西屯區科園路1號,24.2012912,120.6177527
111,B2313762,宏全國際股份有限公司台中二廠,58176511,727.3885,"32,930.964","33,658.353",臺中市,其他金屬製品製造業,435台灣臺中市梧棲區大業路6號,24.234655,120.513785
111,B2313780,友達光電股份有限公司台中廠,84149738,"17,671.7544","831,888.5745","849,560.329",臺中市,光電材料及元件製造業,421台灣臺中市后里區馬場路1號,24.2954401,120.7268487
111,B23A2532,亞東工業氣體股份有限公司-中科園區分公司,22522453,542.2728,"61,411.577","61,953.85",臺中市,未分類其他化學製品製造業,428台灣臺中市大雅區科雅東路19號,24.2094541,120.6228732
111,B23B6125,台灣積體電路製造股份有限公司十五B廠,22099131,"244,358.1182","1,659,220.992","1,903,579.11",臺中市,半導體製造業,407台灣台中市西屯区新科路1號,24.2118688,120.6086166
111,B24A7498,大立光電股份有限公司精密機械園區廠,22480876,468.205,"38,445.61","38,913.815",臺中市,光學儀器及設備製造業,408台灣臺中市南屯區精科路11號,24.1473235,120.6042492
111,B24B8988,大立光電股份有限公司七廠,22480876,405.962,"64,368.9783","64,774.94",臺中市,光學儀器及設備製造業,408台灣臺中市南屯區精科路13號,24.1478905,120.6054873
111,B24B8998,大立光電股份有限公司七之一廠,22480876,629.5009,"44,930.6837","45,560.185",臺中市,光學儀器及設備製造業,408台灣臺中市南屯區精科路13號,24.1478905,120.6054873
111,B9100709,華新麗華股份有限公司台中不銹鋼廠,35412204,"36,692.6402","36,708.408","73,401.048",臺中市,金屬加工處理業,435台灣臺中市梧棲區經三路57號,24.2469644,120.5116444
111,B9200124,友達晶材股份有限公司后里廠,24410807,149.5503,"52,202.0674","52,351.618",臺中市,光電材料及元件製造業,421台灣臺中市后里區后科路二段335號,24.3204118,120.7289226
111,B9202664,台灣美光記憶體股份有限公司台中二廠,28518076,"6,288.9891","183,536.496","189,825.485",臺中市,半導體製造業,421台灣台中市后里区后科南路88號A棟,24.3172929,120.7253056
111,B9205905,台灣美光記憶體股份有限公司台中三廠,28518076,"39,184.527","231,606.933","270,791.46",臺中市,半導體製造業,421台灣臺中市后里區三豐路四段369號,24.3185835,120.7247905
111,B9501153,聯亞科技股份有限公司中科聯豐工廠,22099456,13.8474,"55,600.776","55,614.623",臺中市,化學原材料製造業,428台灣臺中市大雅區科雅二路6-1號,24.2168011,120.6217974
111,B9502212,矽品精密工業股份有限公司中科分公司,55991080,"4,185.2152","206,571.5507","210,756.766",臺中市,半導體製造業,428台灣台中市大雅区科雅路19號 自科雅五路”創新門”入廠,24.2247991,120.6269357
111,B9503291,亞東工業氣體股份有限公司中科園區分公司二廠,22522453,6.318,"76,785.984","76,792.302",臺中市,化學原材料製造業,428台灣臺中市大雅區科雅東路19號,24.2094541,120.6228732
111,B9503479,台灣積體電路製造股份有限公司先進封測五廠,22099131,921.9381,"102,522.6728","103,444.611",臺中市,半導體製造業,428台灣臺中市大雅區科雅西路5號B2樓,24.2144667,120.6178843
111,B9503488,晶元光電股份有限公司H1廠,84149786,"13,381.6646","29,485.2591","42,866.924",臺中市,光電材料及元件製造業,428台灣臺中市大雅區科雅路22號,24.2237997,120.6285947
111,C1400170,台灣電力股份有限公司協和發電廠,3795904,"2,204,630.4697",506.2811,"2,205,136.751",基隆市,電力供應業,203台灣基隆市中山區文化路80號,25.1534456,121.7348548
111,C1500291,盧森堡商達爾國際股份有限公司基隆分公司,51158518,933.2053,"10,708.83","11,642.035",基隆市,其他電子零組件製造業,204台灣基隆市安樂區武訓街28號,25.1426918,121.7014863
111,D0300727,南茂科技股份有限公司台南二廠,16130042,362.8386,"30,728.808","31,091.647",臺南市,半導體製造業,744台灣臺南市新市區南科七路3號,23.1107178,120.2778695
111,D0301680,瀚宇彩晶南科觸控感應器廠,16450500,126.506,"43,615.432","43,741.938",臺南市,光電材料及元件製造業,741台灣臺南市新市區南科二路35號,23.09469,120.2800349
111,D0302141,聯華電子股份有限公司Fab12A廠第二廠區,47217677,"15,337.3288","214,498.4381","229,835.767",臺南市,半導體製造業,744台灣臺南市新市區南科二路18號,23.0956627,120.2790714
111,D0306069,聯亞科技股份有限公司樹谷工廠,22099456,68.6785,"188,822.799","188,891.478",臺南市,化學原材料製造業,744台灣臺南市新市區風鈴路18號,23.0968578,120.2564047
111,D0402208,台灣積體電路製造股份有限公司十八廠一期,22099131,"39,270.5403","457,568.694","496,839.234",臺南市,半導體製造業,745台灣臺南市安定區北園二路20號,23.1179671,120.2627152
111,D0402431,台灣積體電路製造股份有限公司十八廠二期,22099131,"53,537.5994","494,278.0331","547,815.633",臺南市,半導體製造業,745台灣臺南市安定區北園二路20號,23.1179671,120.2627152
111,D0402815,台灣積體電路製造股份有限公司十八廠六期,22099131,"8,439.0629","183,377.1372","191,816.2",臺南市,半導體製造業,745台灣臺南市安定區北園二路20號,23.1179671,120.2627152
111,D0402824,台灣積體電路製造股份有限公司十八廠五期,22099131,"24,830.798","308,385.9405","333,216.739",臺南市,半導體製造業,745台灣臺南市安定區北園二路20號,23.1179671,120.2627152
111,D0402833,台灣積體電路製造股份有限公司十八廠四期,22099131,"25,589.7435","303,962.4888","329,552.232",臺南市,半導體製造業,745台灣臺南市安定區北園二路20號,23.1179671,120.2627152
111,D0402904,台灣積體電路製造股分有限公司18廠三期,22099131,"36,305.9429","466,713.8027","503,019.746",臺南市,半導體製造業,745台灣臺南市安定區北園二路20號,23.1179671,120.2627152
111,D0403385,三福氣體股份有限公司南科分公司南科8廠,11072509,205.1283,"148,739.58","148,944.708",臺南市,化學原材料製造業,745台灣臺南市安定區北園三路10號,23.1229044,120.2624825
111,D32A0393,安瀚視特股份有限公司台南第二工廠,70781345,"3,933.5391","38,305.08","42,238.619",臺南市,玻璃及其製品製造業,70955台灣臺南市安南區工業三路8號,23.0324796,120.1557208
111,D32A6282,聯合再生能源股份有限公司台南廠,27763753,905.1006,"31,192.128","32,097.229",臺南市,光電材料及元件製造業,709台灣臺南市安南區本田路二段518 號,23.0396329,120.1580133
111,D32A8713,可成科技股份有限公司南科工廠,69905810,"3,757.568","22,689.216","26,446.784",臺南市,鋁製造業,710台灣臺南市永康區仁愛街398號,23.0522247,120.2436
111,D32A9989,亞東工業氣體股份有限公司台南廠,22522453,"6,941.9378","23,084.82","30,026.758",臺南市,化學原材料製造業,710台灣台灣省永康區中正北路837號,23.0531888,120.2692326
111,D32B4906,友達光電股份有限公司台南廠,84149738,279.4055,"50,166.072","50,445.478",臺南市,光電材料及元件製造業,709台灣臺南市安南區科技一路36號,23.0384416,120.1477481
111,D9000120,精金科技股份有限公司,70750217,"10,978.386","45,625.9456","56,604.332",臺南市,光電材料及元件製造業,741台灣臺南市善化區北園一路7號,23.1232374,120.2663966
111,D9000746,台灣積體電路製造股份有限公司十四B廠,22099131,"131,164.4121","663,708.2038","794,872.616",臺南市,半導體製造業,741台灣臺南市善化區南科九路17號,23.1116704,120.2671479
111,D9001225,群創光電股份有限公司觸控模組廠,12800225,64.5,"16,281.19","16,345.69",臺南市,光電材料及元件製造業,741台灣臺南市善化區南科八路12號B棟,23.1154249,120.2762664
111,D9001396,台灣積體電路製造股份有限公司十四B廠七期,22099131,"64,634.7345","356,319.216","420,953.951",臺南市,半導體製造業,741台灣臺南市善化區南科九路17號,23.1116704,120.2671479
111,D9006435,台灣積體電路製造股份有限公司先進封測二廠二期,22099131,898.5555,"26,140.4842","27,039.04",臺南市,半導體製造業,741台灣臺南市善化區南科北路1之1號,23.1098041,120.2712618
111,D9703411,易昇鋼鐵股份有限公司官田廠,28098406,"23,806.3497","23,543.9978","47,350.348",臺南市,鋼鐵製造業,710台灣臺南市永康區正南一街200號,23.0281573,120.2250601
111,E1901105,台合科技股份有限公司,12691423,"25,175.4787","4,420.7542","29,596.233",高雄市,未分類其他化學製品製造業,832台灣高雄市林園區工業二路1-1號,22.5006235,120.4141427
111,E1902497,林園先進材料科技股份有限公司,42818882,"252,680.7722","21,953.349","274,634.121",高雄市,石油及煤製品製造業,832台灣高雄市林園區石化四路1號,22.4863542,120.4087585
111,E2000554,錦州科技股份有限公司大發廠,53520959,"421,220.7289","5,674.4076","426,895.137",高雄市,蒸汽供應業,831台灣高雄市大寮區華西路8號,22.5751524,120.4229687
111,E2300675,亞東工業氣體股份有限公司大社廠,22522453,8.3289,"55,083.798","55,092.127",高雄市,化學原材料製造業,"539之5號, 三民路大社區高雄市台灣 815",22.7303411,120.3414474
111,E2902160,群創光電股份有限公司T6廠,12800225,"3,168.2843","115,809.4332","118,977.718",高雄市,光電材料及元件製造業,821台灣高雄市路竹區路科十路11號,22.8392912,120.2518516
111,E2902964,友達光電股份有限公司高雄廠,84149738,149.3656,"26,587.9062","26,737.272",高雄市,光電材料及元件製造業,821台灣高雄市路竹區路科三路9號,22.8383157,120.2588921
111,E4900397,台灣恩智浦半導體股份有限公司,89002500,"1,065.2501","67,486.617","68,551.867",高雄市,半導體製造業,811台灣高雄市楠梓區經五路10號,22.7185572,120.3034181
111,E4900404,國巨股份有限公司楠梓分公司,70848556,"1,128.634","42,835.716","43,964.35",高雄市,被動電子元件製造業,811台灣高雄市楠梓區西三街16號,22.7190128,120.3011607
111,E4900753,楠梓電子股份有限公司二廠,76026851,"3,214.0692","36,327.852","39,541.921",高雄市,印刷電路板製造業,811台灣高雄市楠梓區開發路37號,22.7209306,120.3041153
111,E4900879,台灣福雷電子股份有限公司,22100242,346.7676,"71,367.3154","71,714.083",高雄市,機械器具批發業,811台灣高雄市楠梓區西五街10號,22.7218015,120.3013893
111,E4901947,華泰電子股份有限公司企業總部大樓工廠,89004161,206.22,"36,995.112","37,201.332",高雄市,其他電子零組件製造業,811台灣高雄市楠梓區中三街9號,22.7234709,120.3016867
111,E4905365,日月光半導體製造股份有限公司九廠,76027628,"3,218.2524","31,003.2191","34,221.472",高雄市,半導體製造業,811台灣高雄市楠梓區經三路26號,22.7207233,120.3065475
111,E4906246,日月光半導體製造股份有限公司凸晶二廠,76027628,"4,741.0351","9,280.7371","14,021.772",高雄市,半導體製造業,811台灣高雄市楠梓區經三路26號,22.7207233,120.3065475
111,E4906835,日月光半導體製造股份有限公司十一廠,76027628,"5,284.6181","63,438.3127","68,722.931",高雄市,半導體製造業,811台灣高雄市楠梓區經三路26號,22.7207233,120.3065475
111,E49A1492,華泰電子股份有限公司封裝測試大樓工廠,89004161,137.8909,"31,283.208","31,421.099",高雄市,半導體製造業,811台灣高雄市楠梓區中三街9號,22.7234709,120.3016867
111,E49A5078,日月光半導體製造股份有限公司十二廠,76027628,206.9318,"40,281.8993","40,488.831",高雄市,半導體製造業,811台灣高雄市楠梓區經三路26號,22.7207233,120.3065475
111,E49A5692,日月光半導體製造股份有限公司二十一廠,76027628,"7,260.2747","35,008.7415","42,269.016",高雄市,半導體製造業,811台灣高雄市楠梓區經三路26號,22.7207233,120.3065475
111,E49A6412,台灣福雷電子股份有限公司三廠,22100242,95.8387,"64,557.1007","64,652.939",高雄市,半導體製造業,815台灣高雄市大社區三中路385號,22.7302142,120.3426836
111,E49A6630,日月光半導體製造股份有限公司二十二廠,76027628,"6,612.2436","46,137.7366","52,749.98",高雄市,半導體製造業,811台灣高雄市楠梓區經三路26號,22.7207233,120.3065475
111,E49A7579,日月光半導體製造股份有限公司五廠,76027628,138.7677,"25,844.0733","25,982.841",高雄市,半導體製造業,811台灣高雄市楠梓區經三路26號,22.7207233,120.3065475
111,E49A9852,日月光半導體製造股份有限公司二十四廠,76027628,218.5752,"45,430.8273","45,649.403",高雄市,半導體製造業,811台灣高雄市楠梓區經三路26號,22.7207233,120.3065475
111,E5400878,台灣電力股份有限公司南部發電廠,3795904,"3,062,887.1976",435.6396,"3,063,322.837",高雄市,電力供應業,806台灣高雄市前鎮區成功二路5號,22.601544,120.3019432
111,E5402523,華東科技股份有限公司B10廠,22101116,"1,400.7351","51,531.678","52,932.413",高雄市,半導體製造業,806台灣高雄市前鎮區北一路18號,22.6059971,120.287926
111,E5408338,華新科技股份有限公司高雄南一廠,19004316,"1,468.9956","23,881.572","25,350.568",高雄市,被動電子元件製造業,806台灣高雄市前鎮區南一路6號,22.5985608,120.2920028
111,E54A1352,頎邦科技股份有限公司南六廠,16130009,554.802,"26,981.064","27,535.866",高雄市,半導體製造業,806台灣高雄市前鎮區南六路5號,22.591249,120.295106
111,E54A1550,華東科技股份有限公司B15廠,22101116,523.3256,"28,087.6751","28,611.001",高雄市,半導體製造業,806台灣高雄市前鎮區北一路18號,22.6059971,120.287926
111,E54A4603,頎邦科技股份有限公司南一廠,16130009,243.5372,"22,541.508","22,785.045",高雄市,印刷電路板製造業,806台灣臺灣省前鎮區南一路11號,22.5979218,120.2912255
111,E54B0143,華新科技股份有限公司高雄東十五廠,19004316,"1,039.689","29,326.572","30,366.261",高雄市,被動電子元件製造業,806台灣高雄市前鎮區東十街1號,22.6055356,120.2903861
111,E5600056,台灣中油股份有限公司煉製事業部大林煉油廠,3707901,"2,568,611.2514","627,352.145","3,195,963.396",高雄市,石油及煤製品製造業,812台灣高雄市小港區沿海四路50號,22.5290654,120.3472505
111,E5600092,中鋼鋁業股份有限公司,96971313,"68,907.3762","109,592.7186","178,500.095",高雄市,鋁製造業,812台灣高雄市小港區東林路17號,22.5421711,120.3737001
111,E5600136,台灣志氯化學股份有限公司?氯廠,22318516,104.586,"153,547.4478","153,652.034",高雄市,化學原材料製造業,812台灣高雄市小港區中智街25號,22.5326798,120.3628366
111,E5600305,李長榮化學工業股份有限公司高雄廠,39054405,"25,950.8591","64,062.2082","90,013.067",高雄市,化學原材料製造業,812台灣高雄市小港區中林路3號,22.5383366,120.3685808
111,E5600332,協勝發鋼鐵廠股份有限公司,79254702,"83,136.7057","179,537.1663","262,673.872",高雄市,鋼鐵製造業,812台灣高雄市小港區光陽街7號,22.5593181,120.3655639
111,E5600369,東和鋼鐵企業股份有限公司高雄廠,75280209,"16,168.283","10,347.4984","26,515.781",高雄市,鋼鐵製造業,812台灣高雄市小港區嘉興街8號,22.5619942,120.3634959
111,E5600501,海光企業股份有限公司,75470524,"29,609.1277","108,229.2588","137,838.387",高雄市,鋼鐵製造業,812台灣高雄市小港區沿海二路12號,22.550625,120.365646
111,E5600565,盛餘股份有限公司,79837539,"23,586.4447","43,828.0548","67,414.5",高雄市,金屬加工處理業,812台灣高雄市小港區中林路11號,22.5370549,120.367025
111,E5600798,龍慶鋼鐵企業股份有限公司,85793919,"26,586.7177","49,218.048","75,804.766",高雄市,鋼鐵製造業,812台灣高雄市小港區利昌街4號,22.5540037,120.3649057
111,E5600841,中國鋼鐵股份有限公司,30414175,"18,198,401.9951","1,274,660.5049","19,473,062.5",高雄市,鋼鐵製造業,824台灣高雄市燕巢區中興路500號,22.7817815,120.3595665
111,E5600850,中國石油化學工業開發股份有限公司小港廠,3084741,"490,829.0874","94,356.183","585,185.27",高雄市,化學原材料製造業,812台灣高雄市小港區中林路34號,22.5360641,120.3642442
111,E5600869,台灣糖業股份有限公司小港廠,3794905,"62,704.1165","2,855.4233","65,559.54",高雄市,其他食品製造業,812台灣高雄市小港區小港路133號,22.5621832,120.3390414
111,E5600896,台灣電力股份有限公司大林發電廠,3795904,"12,219,846.3481","2,413.422","12,222,259.77",高雄市,電力供應業,812台灣高雄市小港區大林路3號,22.5308911,120.3366197
111,E5601080,漢泰鋼鐵廠股份有限公司,75688109,"30,094.9969","13,506.372","43,601.369",高雄市,其他基本金屬製造業,812台灣高雄市小港區世全路4號,22.5474714,120.3705687
111,E5601197,唐榮鐵工廠股份有限公司,75460005,"35,304.9206","68,059.4682","103,364.389",高雄市,鋼鐵製造業,812台灣高雄市小港區沿海二路4號,22.5451216,120.3703228
111,E5601437,中鋼碳素化學股份有限公司,23221384,"31,295.9614","59,078.7174","90,374.679",高雄市,化學原材料製造業,806台灣高雄市前鎮區成功二路88號,22.6050386,120.3019161
111,E5601697,中聯資源股份有限公司,86119908,"16,747.1152","19,999.7863","36,746.902",高雄市,其他非金屬礦物製品製造業,"802台灣高雄市前鎮區成功二路88號, 22",22.6048754,120.3017271
111,E5602934,中聯資源股份有限公司臨海廠,86119908,"24,623.6644","20,482.605","45,106.269",高雄市,其他非金屬礦物製品製造業,812台灣高雄市小港區沿海三路友成巷,22.5336326,120.3756369
111,E5602952,海光企業股份有限公司嘉興鋼鐵廠,75470524,"27,923.1981","31,208.76","59,131.958",高雄市,鋼鐵製造業,812台灣高雄市小港區嘉興街5號,22.5606958,120.3614081
111,E5603655,李長榮科技股份有限公司銅箔廠,97173920,638.4216,"60,892.5406","61,530.962",高雄市,金屬加工處理業,812台灣高雄市小港區中林路3之1號,22.5387067,120.3692556
111,E56A2617,尚承鋼鐵股份有限公司,27208480,"76,431.5441","73,968.5571","150,400.101",高雄市,鋼鐵製造業,812台灣高雄市小港區大業南路7號,22.5211979,120.3606376
111,E56A4792,中國鋼鐵股份有限公司第三冷軋廠,30414175,"50,406.2641","107,267.3959","157,673.66",高雄市,鋼鐵製造業,812台灣高雄市小港區茂大街5號,22.5549226,120.3626755
111,E56B1498,環球橡膠股份有限公司小港廠,29058640,"6,375.3676","94,468.5389","100,843.907",高雄市,塑膠及合成橡膠原料製造業,812台灣高雄市小港區中林路16號,22.5386186,120.368405
111,F0401403,德州儀器工業股份有限公司,33405832,52.2608,"46,756.116","46,808.377",新北市,半導體製造業,235台灣新北市中和區興南路一段142號,24.9879947,121.5091465
111,F0500803,台灣通用器材股份有限公司,38119936,"3,806.7051","42,576.732","46,383.437",新北市,半導體製造業,23145台灣新北市新店區寶橋路233號,24.9789555,121.5513284
111,F0622537,九滎股份有限公司瓊林廠,80629340,"9,124.8804","3,232.8626","12,357.743",新北市,染整業,242台灣新北市新莊區瓊林南路301巷13號,25.0058201,121.4351309
111,F0701702,南亞塑膠工業股份有限公司樹林廠,75370905,"146,385.6626","26,929.0958","173,314.758",新北市,塑膠及合成橡膠原料製造業,238台灣新北市樹林區味王街55號,24.9734285,121.4044056
111,F07B5260,南亞電路板股份有限公司樹林一廠,16096804,"1,581.2168","28,263.3418","29,844.559",新北市,印刷電路板製造業,238台灣新北市樹林區味王街55號,24.9734285,121.4044056
111,F0801707,三洋窯業股份有限公司,34263157,"27,538.8266","9,612.5401","37,151.367",新北市,其他非金屬礦物製品製造業,23943台灣新北市鶯歌區八德路16號,24.9555063,121.3310637
111,F1304789,燿華電子股份有限公司土城二廠,5637971,"1,428.5072","44,927.19","46,355.697",新北市,印刷電路板製造業,23680台灣新北市土城區中山路4巷3號,24.9596835,121.4134175
111,F1600491,南亞塑膠工業股份有限公司林口二廠,75370905,"25,834.3364","92,768.636","118,602.972",新北市,塑膠製品製造業,243台灣新北市泰山區南林路102號,25.0447206,121.4069325
111,F1606662,南亞科技股份有限公司三廠,89390656,"59,787.7987","370,856.017","430,643.816",新北市,半導體製造業,243台灣新北市泰山區南林路98號,25.0482461,121.4149629
111,F1700736,台灣電力股份有限公司林口發電廠,3795904,"15,267,126.4631","1,009.3614","15,268,135.825",新北市,電力供應業,244台灣新北市林口區106縣道139-1號,25.1194311,121.2986118
111,F2800075,台灣電力股份有限公司第二核能發電廠,3795904,"17,419.938","6,437.7507","23,857.689",新北市,電力供應業,207台灣新北市萬里區八斗60號,25.2063645,121.659595
111,G3200527,東南實業股份有限公司蘇澳總廠,11384405,"50,882.2009","6,934.95","57,817.151",宜蘭縣,化學原材料製造業,270台灣宜蘭縣蘇澳鎮新城一路120號,24.6166221,121.819758
111,G3200778,台灣水泥股份有限公司蘇澳廠,11913502,"1,108,281.3025","65,228.264","1,173,509.567",宜蘭縣,水泥及其製品製造業,270台灣宜蘭縣蘇澳鎮永昌路46號,24.5882824,121.8527153
111,G3200849,信大水泥股份有限公司南聖湖廠,3279507,"479,090.3638","36,572.529","515,662.893",宜蘭縣,水泥及其製品製造業,270台灣宜蘭縣蘇澳鎮中山路二段235號,24.6097827,121.8261511
111,G32A0540,羅東鋼鐵廠股份有限公司煉鋼廠,42010509,"39,293.302","105,467.3469","144,760.649",宜蘭縣,鋼鐵製造業,270台灣宜蘭縣蘇澳鎮德興一路57號,24.623783,121.8202667
111,G32A0609,燿華電子股份有限公司宜蘭廠,5637971,"2,573.9692","49,412.979","51,986.948",宜蘭縣,印刷電路板製造業,27049台灣宜蘭縣蘇澳鎮頂平路36號,24.6398688,121.8362716
111,G3700791,台灣化學纖維股份有限公司龍德廠,58650902,"1,242,260.399",12.672,"1,242,273.071",宜蘭縣,化學原材料製造業,269台灣宜蘭縣冬山鄉龍祥十路2號,24.624946,121.814179
111,G3700880,台灣塑膠工業股份有限公司冬山廠,75708007,"141,465.4732","12,843.468","154,308.941",宜蘭縣,其他非金屬礦物製品製造業,269台灣宜蘭縣冬山鄉東福路201號,24.6217177,121.8086409
111,G3700979,臺灣湯淺電池股份有限公司,35878589,"2,138.9083","25,469.7696","27,608.678",宜蘭縣,電池製造業,269台灣宜蘭縣冬山鄉龍祥八路2號,24.6341968,121.8173526
111,G37A0585,潤泰精密材料股份有限公司宜蘭冬山廠,86871981,"562,702.5578","40,190.337","602,892.895",宜蘭縣,水泥及其製品製造業,269台灣宜蘭縣冬山鄉大安路357號,24.628994,121.7838112
111,G37A3618,金元福包裝企業股份有限公司宜蘭冬山廠,34227006,"1,020.4659","24,693.331","25,713.797",宜蘭縣,塑膠製品製造業,269台灣宜蘭縣冬山鄉香中路275號,24.6273281,121.804417
111,G38A0540,台灣半導體股份有限公司利澤廠,34286449,34.2474,"10,341.862","10,376.109",宜蘭縣,半導體製造業,268台灣宜蘭縣五結鄉利工一路二段31號,24.6485026,121.8363207
111,G4100017,幸福水泥股份有限公司東澳廠,40601248,"547,480.5938","37,566.936","585,047.53",宜蘭縣,水泥及其製品製造業,272台灣宜蘭縣南澳鄉蘇花路三段101號,24.516755,121.829478
111,H4202215,新隆纖維染整股份有限公司桃園廠,7472834,"36,909.8548","7,746.2451","44,656.1",桃園市,染整業,330台灣桃園市桃園區春日路1733巷7號,25.027768,121.303838
111,H4202813,東隆興業股份有限公司,18770509,"13,330.0097","11,999.394","25,329.404",桃園市,染整業,330台灣桃園市桃園區富國路859號,25.0243421,121.2781791
111,H4204264,翔新企業股份有限公司,84570243,"17,423.2669","3,381.741","20,805.008",桃園市,染整業,330台灣台灣省桃園區興邦路43巷1號,24.9798519,121.3275455
111,H42A3066,臺群工業股份有限公司,25049986,"16,650.2495","4,731.804","21,382.054",桃園市,染整業,330台灣桃園市桃園區富國路950號,25.0259205,121.2782294
111,H4301008,名佳利金屬工業股份有限公司,45018531,"2,987.3078","12,294.6921","15,282",桃園市,銅製造業,320台灣桃園市中壢區北園路11號,24.9754141,121.2419056
111,H4301348,東培工業股份有限公司中壢廠,7220508,"1,996.971","29,204.5426","31,201.514",桃園市,其他金屬製品製造業,320台灣桃園市中壢區松江北路7號,24.9880122,121.248519
111,H4301839,大鐘印染股份有限公司中壢廠,57002416,"14,646.1579","6,397.38","21,043.538",桃園市,染整業,320台灣桃園市中壢區新生路三段741號,25.00012,121.21535
111,H4302318,六和機械股份有限公司,44528635,"8,881.8463","34,568.3607","43,450.207",桃園市,汽車零件製造業,320台灣桃園市中壢區新生路二段334號,24.9829805,121.2228651
111,H4302523,金車股份有限公司中壢廠,5007903,"15,561.8005","15,585.9579","31,147.758",桃園市,其他食品製造業,320台灣桃園市中壢區榮民南路412號,24.9481691,121.2544665
111,H4303235,國瑞汽車股份有限公司中壢工廠,12488060,"10,206.4311","28,086.1377","38,292.569",桃園市,車體製造業,320台灣桃園市中壢區定寧路73號,24.9938099,121.247126
111,H4304929,金像電子股份有限公司中壢廠,30955404,"24,646.0789","69,914.988","94,561.067",桃園市,印刷電路板製造業,320台灣桃園市中壢區西園路113號,24.9848553,121.2365018
111,H4306058,台灣華可貴股份有限公司中壢第二工廠,44883108,"6,699.4539","24,572.592","31,272.046",桃園市,未分類其他製造業,320台灣桃園市中壢區吉林北路12號,24.9918952,121.2506906
111,H4312305,名佳利金屬工業股份有限公司中壢二廠,45018531,"4,190.348","22,177.0207","26,367.369",桃園市,銅製造業,320台灣桃園市中壢區北園路11號,24.9754141,121.2419056
111,H4313348,精材科技股份有限公司中壢廠,16741846,"13,514.4988","11,145.6717","24,660.171",桃園市,其他電子零組件製造業,320台灣桃園市中壢區吉林路23號9樓,24.9795194,121.2450777
111,H43A0700,日月光半導體製造股份有限公司中壢分公司封測五廠,76027628,222.6273,"72,859.296","73,081.923",桃園市,半導體製造業,320台灣桃園市中壢區中華路一段550號,24.9708138,121.2522347
111,H43A2093,日月光半導體製造股份有限公司中壢分公司封測四廠,76027628,"2,252.6382","12,707.5588","14,960.197",桃園市,半導體製造業,320台灣桃園市中壢區中華路一段550號,24.9708138,121.2522347
111,H43A2855,精材科技股份有限公司中壢二廠,16741846,"40,844.7482","14,123.8494","54,968.598",桃園市,其他電子零組件製造業,320台灣桃園市中壢區中園路188號,24.9824025,121.2375025
111,H43B3840,日月光半導體製造股份有限公司中壢分公司封測六廠,76027628,222.3413,"39,382.9979","39,605.339",桃園市,半導體製造業,320台灣桃園市中壢區中華路一段550號,24.9708138,121.2522347
111,H43C0794,精材科技股份有限公司中壢三廠,16741846,717.6982,"65,138.04","65,855.738",桃園市,其他電子零組件製造業,320台灣桃園市中壢區中園路188號,24.9824025,121.2375025
111,H43C1277,日月光半導體製造股份有限公司中壢分公司封測七廠,76027628,231.2663,"65,071.6619","65,302.928",桃園市,半導體製造業,320台灣桃園市中壢區中華路一段550號,24.9708138,121.2522347
111,H43C1811,日月光半導體製造股份有限公司中壢分公司封測八廠,76027628,222.3413,"55,796.7488","56,019.09",桃園市,半導體製造業,320台灣桃園市中壢區中華路一段550號,24.9708138,121.2522347
111,H4406937,新科光電材料股份有限公司桃園廠,27366467,"10,408.8975","53,606.124","64,015.022",桃園市,塑膠製品製造業,335台灣桃園市大溪區新光東路76巷80號,24.9213613,121.2870671
111,H4500458,力鵬企業股份有限公司楊梅廠,33955322,"67,238.0292","22,038.4732","89,276.502",桃園市,染整業,326台灣桃園市楊梅區新榮路339號,24.9554337,121.1570856
111,H4500743,中興紡織廠股份有限公司楊梅化纖廠,35082604,"55,067.4833","70,346.232","125,413.715",桃園市,塑膠及合成橡膠原料製造業,326台灣桃園市楊梅區中山南路567號,24.9022389,121.131159
111,H4500850,白馬窯業股份有限公司楊梅廠,34258318,"23,376.2714","9,987.912","33,364.183",桃園市,耐火、黏土建材及其他陶瓷製品製造業,326台灣桃園市楊梅區電研路5號,24.9494344,121.1650053
111,H4501008,萬洲化學股份有限公司楊梅一廠,3244705,"26,370.2461","13,808.6076","40,178.854",桃園市,塑膠及合成橡膠原料製造業,32663台灣桃园市杨梅區民富路二段199巷15號,24.924412,121.1105844
111,H4501339,統一企業股份有限公司楊梅廠,73251209,"12,012.9589","13,610.124","25,623.083",桃園市,乳品製造業,326台灣桃園市楊梅區民富路一段301號,24.9200866,121.1285162
111,H4502201,建榮工業材料股份有限公司楊梅廠,86691377,"9,033.345","19,561.212","28,594.557",桃園市,織布業,326台灣桃園市楊梅區民豐路277號,24.9315351,121.1174316
111,H4503575,合晶科技股份有限公司,16138282,"2,102.087","26,035.416","28,137.503",桃園市,其他電子零組件製造業,326台灣桃園市楊梅區蘋果路1號,24.9021905,121.1831785
111,H4504705,紘楷股份有限公司,70738116,"23,397.6182","4,226.805","27,624.423",桃園市,染整業,326台灣桃园市杨梅區楊新路三段4巷19號,24.930083,121.128685
111,H45A1887,永豐餘消費品實業股份有限公司楊梅廠,22327037,"24,934.7907","18,772.776","43,707.567",桃園市,其他紙製品製造業,326台灣桃園市楊梅區梅高路二段668巷70號,24.9482628,121.1507052
111,H45C0110,欣興電子股份有限公司楊梅廠,23535435,"2,704.3156","54,703.44","57,407.756",桃園市,印刷電路板製造業,326台灣桃園市楊梅區梅獅路一段426巷68號,24.9158656,121.1716773
111,H4600551,大統新創股份有限公司染整廠,22267777,"18,740.0316","5,009.598","23,749.63",桃園市,染整業,338台灣桃園市蘆竹區榮安路9號,25.0610915,121.2832991
111,H4600579,大同染整股份有限公司桃園廠,7014916,"33,101.1706","7,974.648","41,075.819",桃園市,染整業,338台灣桃園市蘆竹區新南路一段338-1號,25.0412055,121.2960452
111,H4601129,華通電腦股份有限公司一廠,4401392,"2,074.7593","44,281.9419","46,356.701",桃園市,印刷電路板製造業,338台灣桃園市蘆竹區大新路814巷91號,25.0253581,121.2422448
111,H4601227,義芳化學工業股份有限公司桃園廠,15395706,"314,294.4779","61,822.6281","376,117.106",桃園市,化學原材料製造業,338台灣桃園市蘆竹區海湖里海湖東路375號,25.1065564,121.2713767
111,H4601272,華通電腦股份有限公司三廠,4401392,830.401,"64,869.1422","65,699.543",桃園市,印刷電路板製造業,338台灣桃園市蘆竹區大新路814巷91號,25.0253581,121.2422448
111,H4601290,台硝股份有限公司桃園廠,38033305,"47,460.6564","17,707.932","65,168.588",桃園市,未分類其他化學製品製造業,338台灣桃園市蘆竹區大坑街25號,25.1078696,121.2754835
111,H4601398,南亞塑膠工業股份有限公司錦興廠,75370905,"649,970.6633","80,028.2736","729,998.937",桃園市,光電材料及元件製造業,33859台灣桃园市芦竹区南崁路一段336號A棟宿舍一樓,25.0565392,121.283691
111,H4602199,義美食品股份有限公司南崁廠,11768704,"21,227.2948","32,168.664","53,395.959",桃園市,其他食品製造業,338台灣桃園市蘆竹區南工路一段11號,25.0603117,121.2789335
111,H4602313,環泰企業股份有限公司南崁廠,12529007,"25,842.8613","4,508.9679","30,351.829",桃園市,其他食品製造業,338台灣桃園市蘆竹區南青路1156巷75號,25.0557351,121.2718702
111,H4603972,三義化學工業(股)公司桃園海湖廠,23827741,"4,942.6729","82,608.1053","87,550.778",桃園市,化學原材料製造業,338台灣桃園市蘆竹區海山中街85號,25.1095077,121.2647043
111,H4604488,環球水泥股份有限公司海湖石膏板廠,7568009,"27,169.6545","5,414.904","32,584.559",桃園市,其他非金屬礦物製品製造業,338台灣桃園市蘆竹區海山中街18號,25.1069651,121.2611543
111,H4604568,長生電力股份有限公司,96933037,"1,782,584.0399","2,708.64","1,785,292.68",桃園市,電力供應業,338台灣桃園市蘆竹區濱海路一段199號,25.116249,121.257084
111,H4605074,南亞電路板股份有限公司錦興廠,16096804,"7,807.1696","449,225.4321","457,032.602",桃園市,印刷電路板製造業,33859台灣桃园市芦竹区南崁路一段336號A棟宿舍一樓,25.0565392,121.283691
111,H4605609,東明纖維工業股份有限公司蘆竹廠,7205416,"29,303.274","3,807.243","33,110.517",桃園市,染整業,338台灣桃園市蘆竹區長興路三段219巷13號,25.0703474,121.2789133
111,H4605636,敬鵬工業股份有限公司第二廠,43816068,"1,245.8927","26,937.306","28,183.199",桃園市,印刷電路板製造業,338台灣桃園市蘆竹區南山路二段5巷17號,25.060893,121.2864371
111,H4606848,台耀化學股份有限公司蘆竹廠,96922622,"7,686.8509","25,787.124","33,473.975",桃園市,未分類其他化學製品製造業,338002台灣桃園市蘆竹區和平街36號,25.0924844,121.2771791
111,H46A1149,欣興電子股份有限公司蘆竹二廠,23535435,"1,031.5505","30,416.76","31,448.311",桃園市,印刷電路板製造業,338台灣桃園市蘆竹區南山路二段470巷21號,25.0735862,121.2874817
111,H46B0495,世界先進積體電路股份有限公司晶圓三廠,84149358,"62,465.4551","220,988.2132","283,453.668",桃園市,半導體製造業,338台灣桃園市蘆竹區南崁路一段338號,25.0553661,121.2826331
111,H46B0524,敬鵬工業股份有限公司第二之二廠,43816068,"1,746.3491","31,546.152","33,292.501",桃園市,印刷電路板製造業,338台灣桃園市蘆竹區南山路二段5巷17號,25.060893,121.2864371
111,H4700645,正隆股份有限公司大園廠,33085508,"203,786.9566","159,103.3622","362,890.319",桃園市,紙漿、紙及紙板製造業,337台灣桃園市大園區大工路116號,25.0700511,121.1789244
111,H4701017,國聯矽業化學股份有限公司,36550632,"23,885.5451","16,138.2029","40,023.748",桃園市,化學原材料製造業,337台灣桃園市大園區民權路12號,25.0758896,121.1836368
111,H4701071,科德寶遠東股份有限公司,22663158,"3,692.8275","34,423.3227","38,116.15",桃園市,不織布業,33751台灣桃園市大園區38號,25.0465113,121.1907958
111,H4702336,大園汽電共生股份有限公司,84526079,"586,629.0643","6,011.28","592,640.344",桃園市,電力供應業,337台灣桃園市大園區潮音北路276號,25.0793269,121.1759049
111,H4703600,華通電腦股份有限公司大園廠,4401392,380.0671,"54,247.8064","54,627.874",桃園市,印刷電路板製造業,337台灣桃園市大園區中山北路275號,25.0762116,121.1857056
111,H47A0889,連大興有限公司,80445899,"25,345.6716","15,586.888","40,932.56",桃園市,染整業,337台灣桃園市大園區中山北路246號,25.0707123,121.1923748
111,H47A6144,集盛實業股份有限公司大園廠,43295237,521.8384,"35,149.9952","35,671.834",桃園市,紡紗業,337台灣桃園市大園區大工路17號,25.0685527,121.1787306
111,H47A8358,欣興電子股份有限公司大園廠,23535435,"1,244.6182","30,774.213","32,018.831",桃園市,印刷電路板製造業,320台灣桃園市大園區民權路5號,25.0778893,121.1846779
111,H4801478,南亞塑膠工業股份有限公司工三廠,75370905,"143,135.6725","250,631.4146","393,767.087",桃園市,人造纖維製造業,333台灣桃園市龜山區文明路6號,25.0620289,121.3734827
111,H4801709,宏洲纖維工業股份有限公司桃園工廠,7220710,"14,591.3131","25,703.7759","40,295.089",桃園市,人造纖維製造業,333台灣桃園市龜山區宏洲街29號,25.010259,121.344375
111,H4802662,新瑞倡企業股份有限公司桃園廠,7620770,"7,317.0608","3,743.4864","11,060.547",桃園市,染整業,333台灣桃園市龜山區東舊路街100號,25.0149178,121.3665302
111,H4803507,台灣中油股份有限公司煉製事業部桃園煉油廠,3707901,"1,440,330.5081","171,950.6448","1,612,281.153",桃園市,石油及煤製品製造業,333台灣桃園市龜山區民生北路一段50號,25.033276,121.3059734
111,H4806222,欣興電子股份有限公司山鶯一廠,23535435,"2,329.993","51,579.8034","53,909.796",桃園市,印刷電路板製造業,333台灣桃園市龜山區山鶯路179號,24.9816539,121.3305982
111,H4806348,穩懋半導體股份有限公司華亞廠,70752257,"8,553.2697","19,900.3475","28,453.617",桃園市,半導體製造業,333台灣桃園市龜山區科技七路69號,25.0433928,121.3754587
111,H4809607,中環股份有限公司林口三廠,12205020,69.841,"69,337.1841","69,407.025",桃園市,資料儲存媒體製造業,333台灣桃園市龜山區文化二路215號,25.048472,121.3763636
111,H4810799,國光電力股份有限公司,70833553,"933,761.377","1,960.2","935,721.577",桃園市,電力供應業,333台灣桃園市龜山區南上里北油1區11號,25.0404917,121.3440136
111,H4810851,華亞汽電股份有限公司華亞汽電廠,70783006,"1,579,739.1713","122,208.768","1,701,947.939",桃園市,電力供應業,333台灣桃園市龜山區華亞一路98號,25.0344928,121.373079
111,H4814797,香榮實業股份有限公司,13035951,"19,915.0498","2,909.907","22,824.957",桃園市,染整業,333台灣桃園市龜山區山鶯路國光巷1號,24.9826639,121.3285783
111,H4886999,穩懋半導體股份有限公司華亞二廠,70752257,"26,211.5946","48,657.2609","74,868.856",桃園市,半導體製造業,333台灣桃園市龜山區科技七路69號,25.0433928,121.3754587
111,H4887978,欣興電子股份有限公司精密載板事業部三廠,23535435,"2,379.8095","67,265.7133","69,645.523",桃園市,印刷電路板製造業,333台灣桃園市龜山區山鶯路179號,24.9816539,121.3305982
111,H4888493,友達光電股份有限公司桃園分公司華亞廠,84149738,"7,194.6466","224,417.4839","231,612.131",桃園市,光電材料及元件製造業,333台灣桃園市龜山區華亞二路189號,25.0469273,121.3731365
111,H4888582,台灣美光晶圓科技股份有限公司二廠,80353271,"57,334.155","434,856.4127","492,190.568",桃園市,半導體製造業,"No. 2號, 里華亞五路, 龜山區桃園市台灣 333",25.0358706,121.3748919
111,H4889310,欣興電子股份有限公司精密載板事業部一廠,23535435,"1,879.2823","37,464.8167","39,344.099",桃園市,印刷電路板製造業,330台灣桃園市桃園區興邦路38號,24.9822988,121.3243918
111,H4889454,台灣美光晶圓科技股份有限公司一廠,80353271,"100,568.8522","520,348.9094","620,917.762",桃園市,半導體製造業,333台灣桃園市龜山區復興三路667號,25.0384005,121.3738286
111,H4895112,廣達電腦股份有限公司總廠,22822281,474.2993,"29,597.04","30,071.339",桃園市,電腦及其週邊設備製造業,333台灣桃園市龜山區文化二路211號,25.0497257,121.3748722
111,H48A7682,欣興電子股份有限公司精密載板事業部二廠,23535435,"2,847.229","61,393.8563","64,241.085",桃園市,印刷電路板製造業,330台灣桃園市桃園區興邦路38號,24.9822988,121.3243918
111,H48B0554,穩懋半導體股份有限公司龜山廠,70752257,"11,437.8409","46,550.196","57,988.037",桃園市,半導體製造業,333台灣桃園市龜山區山鶯路200-5號,24.9867749,121.3261721
111,H48B1750,亞東工業氣體股份有限公司華亞氣體廠,22522453,.7125,"27,709.5941","27,710.307",桃園市,化學原材料製造業,328台灣桃園市觀音區玉林路二段22號,25.0557176,121.1011197
111,H48B6522,欣興電子股份有限公司山鶯二廠,23535435,810.0662,"31,207.374","32,017.44",桃園市,印刷電路板製造業,333台灣桃園市龜山區山鶯路179號,24.9816539,121.3305982
111,H4903093,中華凸版電子股份有限公司,16083358,"4,254.761","17,366.7953","21,621.556",桃園市,半導體製造業,334台灣桃園市八德區和平路1127-3號,24.9643888,121.322514
111,H49A2429,凌巨科技股份有限公司八德廠,16432742,"143,940.0527","84,758.3938","228,698.447",桃園市,光電材料及元件製造業,334台灣桃園市八德區和平路1127號,24.9668906,121.3208406
111,H5001589,艾克爾國際科技股份有限公司龍潭廠,16631664,"9,921.6213","37,376.064","47,297.685",桃園市,半導體製造業,325台灣桃園市龍潭區中豐路高平段1號,24.8417332,121.2108995
111,H5002362,友達光電股份有限公司桃園分公司,84149738,"6,929.9478","190,199.0455","197,128.993",桃園市,光電材料及元件製造業,333台灣桃園市龜山區華亞二路189號,25.0469273,121.3731365
111,H5008211,友達光電股份有限公司龍科廠,84149738,"7,163.9047","231,187.8336","238,351.738",桃園市,光電材料及元件製造業,325台灣桃園市龍潭區龍科街228號,24.8775881,121.1859654
111,H50A1985,合晶科技股份有限公司園區分公司,16138282,"5,775.5061","43,598.016","49,373.522",桃園市,半導體製造業,325台灣桃園市龍潭區龍園一路100號,24.8849954,121.1873237
111,H50A6430,台灣積體電路製造股份有限公司先進封測三廠,22099131,"11,211.5532","208,063.152","219,274.705",桃園市,半導體製造業,325台灣桃園市龍潭區龍園六路101號,24.8836369,121.1855573
111,H50A6777,美商蘋果電子股份有限公司台灣分公司,54393468,"3,037.4905","17,828.316","20,865.807",桃園市,光電材料及元件製造業,325台灣桃園市龍潭區龍園十路55號,24.8874319,121.1857539
111,H50B3948,美商蘋果電子股份有限公司台灣分公司龍三廠,54393468,142.0293,"7,739.721","7,881.75",桃園市,光電材料及元件製造業,325台灣桃園市龍潭區龍園十路55號,24.8874319,121.1857539
111,H5100952,新光合成纖維股份有限公司中壢廠,7435515,"103,082.0121","164,027.6129","267,109.625",桃園市,紡紗業,324台灣桃園市平鎮區延平路三段223號,24.9378588,121.2023161
111,H51A5615,鉅輝鋼鐵股份有限公司,13079654,"18,321.3472","8,635.8532","26,957.2",桃園市,金屬結構及建築組件製造業,324台灣桃園市平鎮區洪圳路326號,24.9070754,121.2511941
111,H5200215,永豐餘工業用紙股份有限公司新屋廠,27719048,"501,246.0792","60,678.2321","561,924.311",桃園市,其他紙製品製造業,327台灣桃園市新屋區永福路281號,24.9810267,121.0400091
111,H5200617,聯成鋼鐵股份有限公司桃園廠,22822748,"31,768.2435","65,840.148","97,608.392",桃園市,鋼鐵製造業,327台灣桃園市新屋區中華路996號,24.9887508,121.1034125
111,H5204133,景碩科技股份有限公司,70785139,"1,562.4074","50,825.412","52,387.819",桃園市,其他電子零組件製造業,327台灣桃園市新屋區中華路810號,24.9844391,121.106776
111,H5205514,景碩科技股份有限公司清華一廠,70785139,"8,332.8739","99,927.432","108,260.306",桃園市,印刷電路板製造業,327台灣桃園市新屋區中華路810號,24.9844391,121.106776
111,H5300078,亞東石化股份有限公司,22318678,"47,997.1458","34,195.392","82,192.538",桃園市,化學原材料製造業,328台灣桃園市觀音區工業七路2號,25.0477421,121.1107732
111,H5300210,遠東新世紀股份有限公司觀音化纖廠,3522600,"123,555.9983","86,980.7266","210,536.725",桃園市,人造纖維製造業,328台灣桃園市觀音區經建六路3號,25.062973,121.116956
111,H5300363,銓盟企業股份有限公司,23313356,"24,955.8621","4,615.776","29,571.638",桃園市,染整業,328台灣桃園市觀音區新富路1560號,24.9850764,121.1349377
111,H5300425,錦美紙業股份有限公司觀音廠,34175598,"25,200.2464","15,959.988","41,160.234",桃園市,紙漿、紙及紙板製造業,328台灣觀音區榮工北路10號,25.0588495,121.1289161
111,H5300916,台灣玻璃工業股份有限公司桃園廠,11914002,"41,680.5028","58,863.024","100,543.527",桃園市,玻璃及其製品製造業,328台灣桃園市觀音區經建五路1號,25.0604724,121.1143722
111,H5301217,先豐通訊股份有限公司觀音廠,22554807,"19,779.0706","47,499.804","67,278.875",桃園市,印刷電路板製造業,328台灣桃園市觀音區經建一路27號,25.0562897,121.121006
111,H5301262,和友紡織股份有限公司觀音廠,35192807,"22,825.5529","5,882.184","28,707.737",桃園市,染整業,328台灣桃園市觀音區新富路161號,24.9670574,121.1480462
111,H5301548,富順纖維工業股份有限公司觀音廠,7407200,"11,621.708","2,615.8048","14,237.513",桃園市,染整業,337053台灣桃園市大園區大工路126號,25.0739522,121.1767528
111,H5302063,日皓造紙工業股份有限公司觀音廠,24001900,"20,259.7502","19,357.1673","39,616.918",桃園市,紙漿、紙及紙板製造業,328台灣桃園市觀音區國建三路5號,25.0591006,121.1076492
111,H5302107,東欣實業股份有限公司,89356756,"21,466.8757","4,712.3659","26,179.242",桃園市,染整業,328台灣桃園市觀音區源遠街8號,25.0511687,121.1289331
111,H5302143,遠東先進纖維股份有限公司,89392269,"3,854.4114","21,940.86","25,795.271",桃園市,人造纖維製造業,328台灣桃園市觀音區工業五路17號,25.0618091,121.1132249
111,H5303524,新光合成纖維股份有限公司觀音廠,7435515,"20,829.1503","34,528.032","55,357.182",桃園市,紡紗業,328台灣桃園市觀音區國建三路9號,25.0623784,121.1118016
111,H5304165,集盛實業股份有限公司第三廠,43295237,"12,266.7237","47,067.372","59,334.096",桃園市,紡紗業,328台灣桃園市觀音區成功路一段506號,25.0568522,121.1300164
111,H5307693,集盛實業股份有限公司觀音廠,43295237,"14,858.3062","26,552.394","41,410.7",桃園市,紡紗業,328台灣桃園市觀音區成功路一段506號,25.0568522,121.1300164
111,H5307960,台灣電力股份有限公司大潭發電廠,3795904,"11,118,186.9025","2,885.1658","11,121,072.068",桃園市,電力供應業,328台灣桃園市觀音區電廠路1號,25.0309103,121.051866
111,H5387833,三福氣體股份有限公司觀音二廠,11072509,591.2401,"95,706.5587","96,297.799",桃園市,化學原材料製造業,328台灣桃園市觀音區工業一路16-1號,25.0672051,121.1269105
111,H53A0675,東和鋼鐵企業股份有限公司桃園廠,75280209,"80,830.4477","371,503.143","452,333.591",桃園市,鋼鐵製造業,328台灣桃園市觀音區保障里8鄰草漯116號,25.0694825,121.1394918
111,H53A2562,華亞汽電股份有限公司觀音公用廠,70783006,"136,783.1031","5,767.542","142,550.645",桃園市,電力供應業,328台灣桃園市觀音區工業七路3號,25.04899,121.108374
111,H53A3580,亞東石化股份有限公司觀音二廠,22318678,"184,653.4923","72,683.424","257,336.916",桃園市,化學原材料製造業,328台灣桃園市觀音區工業七路2號,25.0477421,121.1107732
111,H53A6138,東齊染整股份有限公司,54796568,"23,550.6413","5,926.536","29,477.177",桃園市,染整業,328台灣桃園市觀音區新華路二段225號,25.0058704,121.1303886
111,H53A6653,台灣科慕股份有限公司觀音廠,24548079,"115,112.5301","137,501.2692","252,613.799",桃園市,化學原材料製造業,328台灣桃園市觀音區成功路二段566號,25.0450803,121.1063443
111,H53A7443,晉瑜企業股份有限公司觀音廠,89939090,"5,100.0121","22,150.656","27,250.668",桃園市,水泥及其製品製造業,32842台灣桃园市观音区白玉北路1609號,25.0527329,121.0901295
111,H53B2103,嘉聯益科技股份有限公司桃科廠,86980046,"9,443.1705","28,111.8955","37,555.066",桃園市,印刷電路板製造業,328台灣桃園市觀音區桃科十路8號,25.051143,121.0916457
111,H53B7163,三福氣體股份有限公司 觀音三廠,11072509,8.751,"119,154.024","119,162.775",桃園市,化學原材料製造業,328台灣桃園市觀音區工業二路2號,25.0625649,121.1295042
111,J5500366,正隆股份有限公司竹北廠,33085508,"67,572.5787","63,039.0392","130,611.618",新竹縣,其他紙製品製造業,302台灣新竹縣竹北市長青路二段300號,24.8599588,120.9632033
111,J5500491,台燿科技股份有限公司,4226091,"20,904.5207","27,722.479","48,627",新竹縣,印刷電路板製造業,302台灣新竹縣竹北市博愛街803號,24.8450539,121.0185873
111,J5501121,南茂科技股份有限公司(竹北廠),16130042,837.6439,"39,592.08","40,429.724",新竹縣,半導體製造業,302台灣新竹縣竹北市新泰路37號,24.8403331,121.0089229
111,J5601064,新桃電力股份有限公司,16596337,"569,118.926","6,399.36","575,518.286",新竹縣,電力供應業,306台灣新竹縣關西鎮台電新村66號,24.8153621,121.197594
111,J5700222,遠東新世紀股份有限公司化學纖維總廠,3522600,"334,875.5542","121,774.7393","456,650.294",新竹縣,人造纖維製造業,305台灣新竹縣新埔鎮文山路亞東段369號,24.8252143,121.0577843
111,J5700231,大享容器工業股份有限公司,46007218,"52,614.7591","13,371.732","65,986.491",新竹縣,玻璃及其製品製造業,305台灣新竹縣新埔鎮文山路犂頭山段1118號,24.8344204,121.0271184
111,J5800941,財團法人工業技術研究院,2750963,115.3704,"5,814.8106","5,930.181",新竹縣,綜合研究發展服務業,30011台灣新竹市東區光復路二段321號,24.8003599,120.9879606
111,J5901238,遠東新世紀股份有限公司湖口紡織廠,3522600,136.0335,"25,216.0791","25,352.113",新竹縣,紡紗業,305台灣新竹縣新埔鎮文山路亞東段369號,24.8252143,121.0577843
111,J5901658,長春人造樹脂廠股份有限公司新竹廠,11384708,"176,195.9777","77,607.8408","253,803.819",新竹縣,塑膠及合成橡膠原料製造業,303台灣新竹縣湖口鄉中華路8號,24.8672478,121.0068787
111,J5901747,三陽工業股份有限公司新竹廠,24004006,"10,726.3299","23,019.5335","33,745.863",新竹縣,機車及其零件製造業,303台灣新竹縣湖口鄉中華路3號,24.864318,121.0041043
111,J5901854,台灣普利司通股份有限公司新竹工廠,43031502,"11,129.0539","19,609.3852","30,738.439",新竹縣,橡膠製品製造業,303台灣新竹縣湖口鄉文化路1-1號,24.8620915,121.0090752
111,J5902468,台豐印刷電路工業股份有限公司新竹第一工廠,11833698,"1,192.9269","35,977.0059","37,169.933",新竹縣,印刷電路板製造業,303台灣新竹縣湖口鄉光復路81號,24.8596137,121.0174787
111,J5905343,旭德科技股份有限公司,16638110,"2,669.5278","28,422.504","31,092.032",新竹縣,印刷電路板製造業,303台灣新竹縣湖口鄉光復北路65號,24.872936,121.025286
111,J5905432,艾克爾先進科技股份有限公司,16847968,"1,717.5795","11,358.666","13,076.246",新竹縣,半導體製造業,303台灣新竹縣湖口鄉光復北路39號,24.8742817,121.0307593
111,J5909547,力成科技股份有限公司湖口廠,16082267,177.7522,"47,265.8046","47,443.557",新竹縣,其他電子零組件製造業,303台灣新竹縣湖口鄉大同路10號,24.8693044,120.9983556
111,J5909814,艾克爾國際科技股份有限公司新竹廠,16631664,237.9419,"35,322.606","35,560.548",新竹縣,半導體製造業,303台灣新竹縣湖口鄉光復路11號,24.8724075,121.0382395
111,J5909823,帆宣系統科技股份有限公司,23145632,81.0369,744.5774,825.614,新竹縣,其他專用機械設備製造業,305台灣新竹縣新埔鎮文山路犂頭山段186號,24.8303917,121.0405646
111,J59A0579,力成科技股份有限公司大同廠,16082267,473.8542,"83,331.1908","83,805.045",新竹縣,半導體製造業,303台灣新竹縣湖口鄉大同路10號,24.8693044,120.9983556
111,J59A1389,矽格股份有限公司湖口廠,23218022,259.5759,"41,956.992","42,216.568",新竹縣,半導體製造業,303台灣新竹縣湖口鄉四維路1號,24.8643532,121.0237723
111,J59A1577,辛耘企業股份有限公司,30901647,725.3213,"9,706.752","10,432.073",新竹縣,其他專用機械設備製造業,303台灣新竹縣湖口鄉中華路16號,24.869372,121.008232
111,J59A4937,元晶太陽能科技股份有限公司新竹廠,28997300,"6,076.0641","33,722.1641","39,798.228",新竹縣,光電材料及元件製造業,303台灣新竹縣湖口鄉光復北路85號,24.8686209,121.0200547
111,J59A5024,晶兆成科技股份有限公司一廠,28438025,"1,026.5735","46,106.28","47,132.854",新竹縣,半導體製造業,303台灣新竹縣湖口鄉文化路26號,24.8683301,121.0140518
111,J59A7436,力成科技股份有限公司3C廠,16082267,"2,636.5821","80,544.8606","83,181.443",新竹縣,半導體製造業,303台灣新竹縣湖口鄉大同路10號,24.8693044,120.9983556
111,J59B0259,南茂科技股份有限公司湖口一廠,16130042,"1,395.8692","29,355.48","30,751.349",新竹縣,半導體製造業,302台灣新竹縣竹北市新泰路37號,24.8403331,121.0089229
111,J59B0675,頎邦科技股份有限公司光復廠,16130009,"6,634.603","35,684.748","42,319.351",新竹縣,其他電子零組件製造業,303台灣新竹縣湖口鄉光復路12號,24.8714333,121.0291387
111,J59B1009,力成科技股份有限公司文化一廠,16082267,559.2579,"57,474.8312","58,034.089",新竹縣,半導體製造業,303台灣新竹縣湖口鄉文化路4號,24.8623811,121.0096045
111,J59B1316,力成科技股份有限公司新興廠,16082267,798.462,"38,486.844","39,285.306",新竹縣,半導體製造業,303台灣新竹縣湖口鄉新興路458-28號,24.875332,121.0055403
111,J59B2542,晶兆成科技股份有限公司二廠,28438025,270.5107,"29,374.884","29,645.395",新竹縣,半導體製造業,303台灣新竹縣湖口鄉文化路20號,24.8658256,121.0120333
111,J59B2582,群浤科技股份有限公司仁義廠,24877199,"1,124.7209","33,336.468","34,461.189",新竹縣,印刷電路板製造業,303台灣新竹縣湖口鄉仁義路10-1號,24.8689263,121.0098697
111,J6100762,南港輪胎股份有限公司新豐廠,11520909,"12,683.0756","26,862.475","39,545.551",新竹縣,橡膠製品製造業,304台灣新竹縣新豐鄉新興路399號,24.8779679,121.0050126
111,J61A1452,欣興電子股份有限公司新豐一廠,23535435,"7,901.4105","130,375.9586","138,277.369",新竹縣,印刷電路板製造業,304台灣新竹縣新豐鄉中崙村290號,24.8852589,121.0103596
111,J61A3270,景碩科技股份有限公司新豐一廠,70785139,"6,059.6709","67,203.0011","73,262.672",新竹縣,印刷電路板製造業,304台灣新竹縣新豐鄉建興路二段526號,24.8928386,120.9877991
111,J61A3280,景碩科技股份有限公司新豐二廠,70785139,262.4157,"29,332.295","29,594.711",新竹縣,印刷電路板製造業,304台灣新竹縣新豐鄉建興路二段526號,24.8928386,120.9877991
111,J6203071,台星科股份有限公司,70552666,"3,146.8042","29,763.657","32,910.461",新竹縣,其他電子零組件製造業,307台灣新竹縣芎林鄉鹿寮坑176之5號,24.7439205,121.1362063
111,J6300146,漢磊科技股份有限公司創新廠,54389725,"5,291.5242","6,283.728","11,575.252",新竹縣,半導體製造業,30076台灣新竹市東區科學園區新竹縣寶山鄉創新一路18號1樓,24.777619,120.996058
111,J6300155,台灣高技股份有限公司,22099343,411.26,"4,431.0242","4,842.284",新竹縣,其他電子零組件製造業,330台灣桃園市桃園區興邦路43巷3號,24.9801394,121.3279995
111,J6300299,漢磊科技股份有限公司研發廠,54389725,"22,103.3082","23,570.712","45,674.02",新竹縣,半導體製造業,30076台灣新竹市東區科學園區新竹縣寶山鄉創新一路18號1樓,24.777619,120.996058
111,J6300324,台灣積體電路製造股份有限公司三廠3E廠,22099131,"10,736.5108","63,428.7607","74,165.272",新竹縣,半導體製造業,308台灣新竹縣寶山鄉研新一路9號,24.7752198,120.9902335
111,J6300539,聯亞科技股份有限公司一廠,22099456,13.3084,"46,021.536","46,034.844",新竹縣,化學原材料製造業,300台灣新竹縣寶山鄉研新一路12號,24.7744205,120.9927425
111,J6300557,台灣積體電路製造股份有限公司二廠,22099131,"46,740.8791","75,145.5703","121,886.449",新竹縣,半導體製造業,308台灣新竹縣寶山鄉園區三路121號,24.7729556,120.9988381
111,J6300860,南茂科技股份有限公司竹科一廠,16130042,562.447,"48,707.208","49,269.655",新竹縣,半導體製造業,302台灣新竹縣竹北市新泰路37號,24.8403331,121.0089229
111,J6300959,世界先進積體電路股份有限公司晶圓一廠,84149358,"90,433.6507","113,081.1705","203,514.821",新竹縣,半導體製造業,308台灣新竹縣寶山鄉園區三路123號,24.7755954,120.9962272
111,J6301090,環球晶圓股份有限公司中德分公司,28113286,"1,537.3326","134,222.5752","135,759.908",新竹縣,半導體製造業,308台灣新竹縣寶山鄉研新一路2號,24.7773932,120.9872306
111,J6301107,台灣積體電路製造股份有限公司三廠,22099131,"92,533.8618","165,970.728","258,504.59",新竹縣,半導體製造業,308台灣新竹縣寶山鄉研新一路9號,24.7752198,120.9902335
111,J6301447,台灣積體電路製造股份有限公司五廠,22099131,"55,797.7345","95,964.4457","151,762.18",新竹縣,半導體製造業,308台灣新竹縣寶山鄉園區三路121號,24.7742653,120.9981518
111,J6304706,亞太優勢微系統股份有限公司,70815339,"6,618.043","12,220.1828","18,838.226",新竹縣,半導體製造業,308台灣新竹縣寶山鄉研發六路2號,24.779703,120.993768
111,J63A0048,聯華電子股份有限公司Fab8S廠,47217677,"27,353.3117","70,684.614","98,037.926",新竹縣,半導體製造業,300台灣新竹縣寶山鄉研新一路16號,24.7749701,120.9938198
111,J63A0107,台灣積體電路製造股份有限公司十二廠研新廠,22099131,"36,913.3008","136,878.7313","173,792.032",新竹縣,半導體製造業,308台灣新竹縣寶山鄉園區二路188號,24.7682233,121.0145867
111,J63A1056,台灣積體電路製造股份有限公司十二廠四期/五期,22099131,"45,235.6203","306,703.584","351,939.204",新竹縣,半導體製造業,308台灣新竹縣寶山鄉園區二路168號,24.7702397,121.0123147
111,J63A1422,矽品精密工業股份有限公司新竹分公司三廠,55991080,406.9954,"46,246.3734","46,653.369",新竹縣,半導體製造業,300台灣新竹縣寶山鄉研發二路1-1號,24.7766884,121.0011401
111,J63A1591,台灣積體電路製造股份有限公司十二廠六期,22099131,"21,412.3817","241,292.304","262,704.686",新竹縣,半導體製造業,308台灣新竹縣寶山鄉園區二路166號,24.7713146,121.0111965
111,J63A1670,台灣積體電路製造股份有限公司十二廠七期,22099131,"47,368.7698","372,851.424","420,220.194",新竹縣,半導體製造業,308台灣新竹縣寶山鄉園區二路188號,24.7682233,121.0145867
111,J63A1719,聯穎光電股份有限公司竹科廠,53170263,"18,859.9201","37,678.608","56,538.528",新竹縣,半導體製造業,308台灣新竹縣寶山鄉創新一路10號,24.7764668,120.9976736
111,J63A3567,台灣積體電路製造股份有限公司十二廠八期,22099131,"8,635.7993","156,916.2558","165,552.055",新竹縣,半導體製造業,300台灣新竹市東區力行三路185號,24.7683935,121.009961
111,K6801089,長春石油化學股份有限公司 苗栗廠,11384806,"1,010,333.9982","74,065.2949","1,084,399.293",苗栗縣,未分類其他化學製品製造業,360台灣苗栗縣苗栗市宜春路245號,24.5932743,120.8104072
111,K6801123,長春石油化學股份有限公司苗栗二廠,11384806,"94,166.415","843,194.5144","937,360.929",苗栗縣,化學原材料製造業,360台灣苗栗縣苗栗市宜春路245號,24.5932743,120.8104072
111,K7000504,臺鹽實業股份有限公司通霄精鹽廠,89397503,"24,318.3457","1,003.563","25,321.909",苗栗縣,其他食品製造業,357台灣苗栗縣通霄鎮122號,24.55595,120.7035792
111,K7000513,建順煉鋼股份有限公司,55695790,"33,259.9965","101,876.544","135,136.541",苗栗縣,鋼鐵製造業,357台灣苗栗縣通霄鎮五北里68之4號,24.4722161,120.6696128
111,K7000764,台灣電力股份有限公司通霄發電廠,3795904,"10,271,640.0914",624.888,"10,272,264.979",苗栗縣,電力供應業,357台灣苗栗縣通霄鎮海濱路1-31號,24.489653,120.673746
111,K7103046,超豐電子股份有限公司公義廠,5126366,780.3313,"75,509.775","76,290.106",苗栗縣,半導體製造業,350台灣苗栗縣竹南鎮公義路136號,24.6967282,120.8818126
111,K7104025,群創光電股份有限公司T1廠,12800225,"2,681.3597","112,691.0253","115,372.385",苗栗縣,光電材料及元件製造業,350台灣苗栗縣竹南鎮科中路12號,24.7095333,120.9162947
111,K7195124,京元電子股份有限公司竹南分公司中華廠,22507241,"4,444.2458","200,218.8708","204,663.117",苗栗縣,半導體製造業,350台灣苗栗縣竹南鎮中華路118號,24.709054,120.925535
111,K71A1370,群創光電股份有限公司T2廠,12800225,"5,683.5514","218,901.0538","224,584.605",苗栗縣,光電材料及元件製造業,350台灣苗栗縣竹南鎮科學路160號,24.7144072,120.9146606
111,K71A1805,達輝光電股份有限公司,28230046,"16,011.1837","22,973.148","38,984.332",苗栗縣,光電材料及元件製造業,35053台灣苗栗縣竹南鎮科北二路3號,24.7086357,120.9162116
111,K71A2695,群創光電股份有限公司T3廠,12800225,"4,531.6451","82,998.9072","87,530.552",苗栗縣,光電材料及元件製造業,350台灣苗栗縣竹南鎮科中路12號,24.7095333,120.9162947
111,K71A7992,環球晶圓股份有限公司竹南廠,28113286,60.3919,"22,145.904","22,206.296",苗栗縣,其他電子零組件製造業,350台灣苗栗縣竹南鎮科中路21號,24.7094655,120.9137428
111,K71A8772,力晶積成電子製造股份有限公司8B,28112667,"3,797.2389","40,104.4565","43,901.695",苗栗縣,半導體製造業,350台灣苗栗縣竹南鎮科北二路6號,24.7093134,120.9202222
111,K71A9522,聯合再生能源股份有限公司竹南廠,27763753,945.7094,"23,999.184","24,944.893",苗栗縣,光電材料及元件製造業,350台灣苗栗縣竹南鎮科研路66號,24.7075012,120.9127544
111,K71B0795,台灣積體電路製造股份有限公司先進封測六廠,22099131,"3,699.9277","81,863.4609","85,563.389",苗栗縣,半導體製造業,350台灣苗栗縣竹南鎮科專一路1號,24.706099,120.9065393
111,K7200933,華夏海灣塑膠股份有限公司頭份總廠,11686106,"32,854.8132","83,295.6498","116,150.463",苗栗縣,化學原材料製造業,351台灣苗栗縣頭份市民族路571號,24.6851829,120.8895549
111,K7201001,中國石油化學工業開發股份有限公司頭份廠,3084741,"230,139.6993","32,018.976","262,158.675",苗栗縣,化學原材料製造業,351台灣苗栗縣頭份市自強路二段217號,24.6822518,120.8923886
111,K72A2838,紡安股份有限公司頭份工廠,25131486,"13,562.0788","35,489.2428","49,051.322",苗栗縣,紡紗業,351台灣苗栗縣頭份市自強路二段215號,24.6825176,120.8953813
111,K72A4864,超豐電子股份有限公司頭份廠,5126366,276.1627,"29,012.1539","29,288.317",苗栗縣,半導體製造業,351台灣苗栗縣頭份市中民路9號,24.6782414,120.8964934
111,K7300447,年興紡織股份有限公司,22266307,"15,151.0665","18,880.8107","34,031.877",苗栗縣,紡織品製造業,356台灣苗栗縣後龍鎮下浮尾119之3號,24.6262171,120.7990371
111,K77A0481,達邁科技股份有限公司銅鑼廠,70776899,"14,317.4381","21,382.416","35,699.854",苗栗縣,其他電子零組件製造業,366台灣苗栗縣銅鑼鄉銅科二路6號,24.4670853,120.7632684
111,K77A0619,京元電子股份有限公司銅鑼分公司廠,22507241,497.073,"73,677.2365","74,174.31",苗栗縣,半導體製造業,366台灣苗栗縣銅鑼鄉銅科北 路8號,24.4672191,120.7670081
111,k8000366,立安東化工股份有限公司三義廠,20939460,"57,006.9101","13,102.4535","70,109.364",苗栗縣,化學原材料製造業,367台灣苗栗縣三義鄉99號,24.3507679,120.7410567
111,K8100129,東和鋼鐵企業股份有限公司苗栗廠,75280209,"91,525.4078","222,342.12","313,867.528",苗栗縣,鋼鐵製造業,36842台灣苗栗縣西湖鄉22號,24.5692351,120.7394317
111,K8201149,冠軍建材股份有限公司第二廠,49701774,"62,354.1978","26,396.568","88,750.766",苗栗縣,耐火、黏土建材及其他陶瓷製品製造業,361台灣苗栗縣造橋鄉乳姑山2號,24.6250076,120.8527989
111,L0200473,台灣電力股份有限公司台中發電廠,3795904,"26,545,336.5673","3,305.3472","26,548,641.915",臺中市,電力供應業,434台灣臺中市龍井區龍昌路1號,24.2145358,120.4921722
111,L0200633,中龍鋼鐵股份有限公司,84613756,"8,810,467.8602","160,232.1439","8,970,700.004",臺中市,鋼鐵製造業,434台灣臺中市龍井區龍昌路100號,24.2293309,120.501457
111,L02A0301,中聯資源股份有限公司台中廠,86119908,"32,369.675","24,993.7835","57,363.459",臺中市,其他非金屬礦物製品製造業,434台灣臺中市龍井區南堤路2號,24.2269716,120.4794207
111,L02A1943,餘慶堂興業股份有限公司研磨廠,28730458,"15,466.7492","23,736.24","39,202.989",臺中市,水泥及其製品製造業,434台灣臺中市龍井區南堤路8號,24.2325352,120.4817897
111,L8801052,廣源造紙股份有限公司台中廠,50301500,"90,257.0265","40,652.2547","130,909.281",臺中市,紙漿、紙及紙板製造業,437台灣臺中市大甲區工一路1號,24.4116758,120.6442857
111,L8801141,巨大機械工業股份有限公司日南廠,56054251,"8,162.3511","19,612.8821","27,775.233",臺中市,自行車及其零件製造業,437台灣臺中市大甲區順帆路19號,24.4085942,120.6379253
111,L8900676,永豐餘消費品實業股份有限公司清水廠,22327037,"34,630.113","27,636.0163","62,266.129",臺中市,其他紙製品製造業,436台灣臺中市清水區舊庄路258號,24.2974958,120.6327659
111,L8901039,中聯油脂股份有限公司台中港廠,89480404,"31,178.7101","15,984.6604","47,163.371",臺中市,動植物油脂製造業,436台灣臺中市清水區北堤路1-8號,24.2919085,120.5243227
111,L9000666,味丹企業股份有限公司沙鹿第一工廠,56121907,"41,947.3131","13,674.9051","55,622.218",臺中市,其他食品製造業,433台灣臺中市沙鹿區興安路65號,24.228647,120.549604
111,L9100198,台灣玻璃工業股份有限公司台中廠,11914002,"82,973.8299","23,693.5428","106,667.373",臺中市,玻璃及其製品製造業,435台灣臺中市梧棲區自強路377號,24.2372238,120.5217875
111,L9100563,台灣玻璃工業股份有限公司台中廠平板三場,11914002,"41,392.9055","22,836.33","64,229.236",臺中市,玻璃及其製品製造業,435台灣臺中市梧棲區自強路377號,24.2372238,120.5217875
111,L9101748,中美和石油化學股份有限公司台中廠,14040691,"175,222.696","27,902.7807","203,125.477",臺中市,化學原材料製造業,435台灣臺中市梧棲區草湳里南堤路2段89號,24.2613362,120.4966377
111,L91A0867,台灣中油股份有限公司天然氣事業部台中液化天然氣廠,3707901,"2,266.1655","65,689.272","67,955.438",臺中市,石油及煤製品製造業,435台灣臺中市梧棲區南堤路二段88號,24.2543366,120.4910302
111,L91A1845,亞東工業氣體股份有限公司台中分公司GOK廠,22522453,"1,038.9448","71,645.904","72,684.849",臺中市,化學原材料製造業,435台灣臺中市梧棲區經一路2號,24.2323085,120.5091462
111,L91A2566,藍海氣體工業股份有限公司台中廠,28438186,118.7173,"43,057.872","43,176.589",臺中市,化學原材料製造業,435台灣臺中市梧棲區南堤路2段88-1號,24.2567652,120.4989377
111,L91A3247,台灣肥料股份有限公司台中廠,3795101,"451,006.4493","43,909.2898","494,915.739",臺中市,肥料及氮化合物製造業,435台灣臺中市梧棲區南堤路二段100號,24.2664956,120.5003558
111,L9200693,正隆股份有限公司后里分公司,33085508,"782,475.5226","39,681.0292","822,156.552",臺中市,紙漿、紙及紙板製造業,421台灣臺中市后里區三豐路三段2號,24.2845555,120.723059
111,L9200728,豐興鋼鐵股份有限公司,55389357,"226,105.485","510,068.0829","736,173.568",臺中市,鋼鐵製造業,421台灣臺中市后里區甲后路一段998號,24.3108348,120.710959
111,L9202099,台灣美光記憶體股份有限公司台中一廠,28518076,"124,831.1672","550,505.3692","675,336.536",臺中市,半導體製造業,421台灣臺中市后里區三豐路四段369號,24.3185835,120.7247905
111,L9202231,三福氣體股份有限公司中科分公司中科二廠,11072509,182.0811,"34,756.97","34,939.051",臺中市,化學原材料製造業,407台灣臺中市西屯區工業區三路9號,24.1630678,120.6090816
111,L92A0931,友達光電股份有限公司后里廠,84149738,"6,551.764","295,448.3171","302,000.081",臺中市,光電材料及元件製造業,421台灣臺中市后里區馬場路1號,24.2954401,120.7268487
111,L92A0991,三福氣體股份有限公司中科分公司中科三廠,11072509,.5275,"33,530.9211","33,531.449",臺中市,化學原材料製造業,407台灣臺中市西屯區工業區三路9號,24.1630678,120.6090816
111,L9401476,矽品精密工業股份有限公司大豐廠,55991080,"15,398.6706","81,190.1708","96,588.841",臺中市,半導體製造業,427台灣臺中市潭子區大豐路三段123號,24.223522,120.6921587
111,L9402188,矽品精密工業股份有限公司中山廠,55991080,"1,566.3331","109,939.797","111,506.13",臺中市,半導體製造業,427台灣臺中市潭子區中山路三段153號,24.2238816,120.7068606
111,L9506056,華邦電子股份有限公司中科廠,22099218,"37,151.4424","267,455.232","304,606.674",臺中市,半導體製造業,428台灣臺中市大雅區科雅一路8號,24.211258,120.6187403
111,L9506663,聯亞科技股份有限公司中科工廠,22099456,3.3431,"50,973.12","50,976.463",臺中市,未分類其他製造業,407台灣臺中市西屯區科園南路6號,24.1986494,120.6130251
111,L95A2041,台灣積體電路製造股份有限公司15廠,22099131,"221,266.4562","846,613.2952","1,067,879.751",臺中市,半導體製造業,428台灣臺中市大雅區科雅六路1號,24.2117205,120.6166094
111,M3302600,台灣銅箔股份有限公司,61932639,"10,746.0165","93,880.71","104,626.727",南投縣,銅製造業,540台灣南投縣南投市成功三路150號,23.9278236,120.6638377
111,M3302762,台灣卜蜂企業股份有限公司南投肉品加工廠,36514783,"26,638.4697","20,555.172","47,193.642",南投縣,肉類加工及保藏業,540台灣南投縣南投市工業東路17號,23.9304521,120.660858
111,N0702450,台灣化學纖維股份有限公司彰化廠,58650902,941.9458,"25,569.1379","26,511.084",彰化縣,紡紗業,500台灣彰化縣彰化市中山路三段359號,24.0878215,120.5616994
111,N0803765,台灣玻璃工業股份有限公司鹿港廠,11914002,"28,007.4583","69,883.3031","97,890.761",彰化縣,玻璃及其製品製造業,505台灣彰化縣鹿港鎮鹿工路52號,24.0772777,120.388258
111,N08A1098,台灣玻璃工業股份有限公司鹿港平板廠,11914002,"124,616.5174","16,549.241","141,165.758",彰化縣,玻璃及其製品製造業,505台灣彰化縣鹿港鎮鹿工路52號,24.0772777,120.388258
111,N0911075,矽品精密工業股份有限公司彰化廠,55991080,"1,446.9819","114,011.2541","115,458.236",彰化縣,半導體製造業,500台灣彰化縣和美鎮彰新路二段8號,24.0935623,120.5376504
111,N1400562,榮成紙業股份有限公司,34202841,"259,350.2583","325,331.0892","584,681.348",彰化縣,紙漿、紙及紙板製造業,526台灣彰化縣二林鎮廣興巷1-1號,23.8653186,120.3620492
111,N14A1507,榮成紙業股份有限公司蒸汽廠,34202841,"294,490.5478",,"294,490.548",彰化縣,紙漿、紙及紙板製造業,526台灣彰化縣二林鎮廣興巷1-1號,23.8653186,120.3620492
111,N1504207,星能電力股份有限公司,70783765,"1,013,876.0632","3,257.1","1,017,133.163",彰化縣,電力供應業,507台灣彰化縣線西鄉線工南二路2號,24.126898,120.4307108
111,N1505633,星元電力股份有限公司,27945086,"1,018,129.1594","1,599.84","1,019,728.999",彰化縣,電力供應業,507台灣彰化縣線西鄉慶安南二路2號,24.1281484,120.4209471
111,N15A2520,長春石油化學股份有限公司彰濱廠,11384806,"38,006.5005","11,557.1504","49,563.651",彰化縣,化學原材料製造業,507台灣彰化縣線西鄉彰濱西三路5號,24.1449049,120.4303425
111,N1601229,慶欣欣鋼鐵股份有限公司,80354671,"146,328.4215","227,126.592","373,455.014",彰化縣,其他金屬製品製造業,509台灣彰化縣伸港鄉工西二路2號,24.1686451,120.5061652
111,N1601854,獻麒紡織工業股份有限公司,22474430,"21,068.8704","4,946.733","26,015.603",彰化縣,染整業,509台灣彰化縣伸港鄉工八路9號,24.1714588,120.5069935
111,N1607141,台灣鋼聯股份有限公司,89528054,"76,284.2617","9,954.2651","86,238.527",彰化縣,化學原材料製造業,50953台灣彰化縣伸港鄉線工北一路36號,24.1545395,120.4511077
111,N16A0638,晉瑜企業股份有限公司彰濱廠,89939090,"7,779.8959","32,736.924","40,516.82",彰化縣,水泥及其製品製造業,50953台灣彰化縣伸港鄉線工北一路18號,24.1522675,120.4493529
111,N16A1755,長春人造樹脂廠股份有限公司彰濱廠,11384708,"64,331.1814","28,292.616","92,623.797",彰化縣,化學原材料製造業,509台灣彰化縣伸港鄉線工北三路31號,24.1450675,120.4304438
111,N2100552,正新橡膠工業股份有限公司,59504506,"27,517.0832","32,599.908","60,116.991",彰化縣,橡膠製品製造業,515台灣彰化縣大村鄉美港路215號,23.9828825,120.5749074
111,N2901755,力麗企業股份有限公司彰化一廠,7663290,335.1302,"36,727.2061","37,062.336",彰化縣,紡紗業,528台灣彰化縣芳苑鄉工區七路16號,23.9175517,120.3518733
111,N2902234,力麗企業股份有限公司彰化化纖總廠,7663290,"89,574.4783","66,397.7023","155,972.181",彰化縣,人造纖維製造業,528台灣彰化縣芳苑鄉工業路38號,23.923622,120.3551431
111,N2904318,力鵬企業股份有限公司彰化尼龍總廠,33955322,"48,558.3166","86,968.377","135,526.694",彰化縣,人造纖維製造業,528台灣彰化縣芳苑鄉工業路33號,23.9210974,120.3538421
111,N2907186,力麗企業股份有限公司彰化五廠,7663290,122.0584,"24,331.0647","24,453.123",彰化縣,紡紗業,528台灣彰化縣芳苑鄉工區七路16號,23.9175517,120.3518733
111,N2907551,東隆興業股份有限公司彰化芳苑廠,18770509,700.4206,"37,360.7794","38,061.2",彰化縣,紡紗業,528台灣彰化縣芳苑鄉工區三路11號,23.9121388,120.3487728
111,N3000533,碁富食品股份有限公司彰化廠,22360437,"6,716.4388","18,371.628","25,088.067",彰化縣,肉類加工及保藏業,527台灣彰化縣大城鄉南平路1-1號,23.8495619,120.3278696
111,N3200337,正新橡膠工業股份有限公司溪州廠,59504506,"9,432.8122","26,621.892","36,054.704",彰化縣,橡膠製品製造業,524台灣彰化縣溪州鄉中山路二段602號,23.8498371,120.485693
111,O1700798,元隆電子股份有限公司,22099174,"55,257.8402","20,079.1406","75,336.981",新竹市,半導體製造業,300台灣新竹市東區研發二路14號,24.778291,121.0023453
111,O1701115,漢磊科技股份有限公司研新廠,54389725,"15,042.5021","8,160.4464","23,202.949",新竹市,半導體製造業,30076台灣新竹市東區科學園區新竹縣寶山鄉創新一路18號1樓,24.777619,120.996058
111,O1702523,正隆股份有限公司新竹廠,33085508,"16,630.8772","11,545.7488","28,176.626",新竹市,紙漿、紙及紙板製造業,300台灣新竹市香山區牛埔路308號,24.7999775,120.94606
111,O1703315,華夏玻璃股份有限公司,47109348,"90,669.502","28,039.3848","118,708.887",新竹市,玻璃及其製品製造業,300台灣新竹市香山區埔前路49號,24.7957197,120.9383569
111,O1703351,台灣玻璃工業股份有限公司新竹廠,11914002,"113,533.7972","41,909.4312","155,443.228",新竹市,玻璃及其製品製造業,300台灣新竹市香山區中華路四段470號,24.7911338,120.9373214
111,O1704812,台灣茂矽電子股份有限公司,22099110,"148,898.841","48,420.0273","197,318.868",新竹市,半導體製造業,300台灣新竹市東區研新一路1號,24.7765338,120.9883338
111,O1706049,元太科技工業股份有限公司,22099890,314.1577,"17,259.5852","17,573.743",新竹市,光電材料及元件製造業,300台灣新竹市東區力行一路3號元太科技新竹廠A棟,24.770449,121.0186284
111,O1706209,聯華電子股份有限公司Fab8A廠,47217677,"88,493.0853","115,534.2256","204,027.311",新竹市,半導體製造業,300台灣新竹縣寶山鄉研新一路16號,24.7749701,120.9938198
111,O1706307,旺宏電子股份有限公司晶圓二廠,22099548,"56,831.2214","89,166.924","145,998.145",新竹市,半導體製造業,300台灣新竹市東區力行路19號,24.7654899,121.0240148
111,O1706692,聯華電子股份有限公司Fab8E廠,47217677,"38,994.0604","75,252.672","114,246.732",新竹市,半導體製造業,300台灣新竹縣寶山鄉研新一路16號,24.7749701,120.9938198
111,O1706923,昇陽國際半導體(股)公司,84149884,"5,214.9094","19,860.1162","25,075.026",新竹市,半導體製造業,300台灣新竹市東區力行路6號,24.7745936,121.0248789
111,O1707162,矽格聯測股份有限公司,84149456,375.4753,"35,883.2322","36,258.708",新竹市,半導體製造業,300台灣新竹市東區力行三路2號,24.7751313,121.022032
111,O1707395,友達光電股份有限公司L5廠,84149738,941.9019,"36,748.404","37,690.306",新竹市,光電材料及元件製造業,300台灣新竹市東區力行路23號,24.7606283,121.0208895
111,O1708632,聯華電子股份有限公司Fab8F廠,47217677,"37,037.6547","85,581.6312","122,619.286",新竹市,半導體製造業,300台灣新竹市東區力行二路3號,24.7708157,121.0192901
111,O1709148,聯華電子股份有限公司Fab8D廠,47217677,"96,458.0682","159,074.0168","255,532.085",新竹市,半導體製造業,300台灣新竹市東區力行二路3號,24.7708157,121.0192901
111,O1709193,友達光電股份有限公司L3B廠,84149738,"1,501.4665","14,975.9171","16,477.384",新竹市,光電材料及元件製造業,300台灣新竹市東區力行路23號,24.7606283,121.0208895
111,O1709308,台灣積體電路製造股份有限公司十二廠,22099131,"69,215.2931","269,729.856","338,945.149",新竹市,半導體製造業,308台灣新竹縣寶山鄉園區二路168號,24.7702397,121.0123147
111,O1713197,台亞半導體股份有限公司力行廠,47255947,"1,342.741","26,244.504","27,587.245",新竹市,半導體製造業,300台灣新竹市東區力行五路1號,24.7630317,121.0212586
111,O1713311,台灣積體電路製造股份有限公司八廠,22099131,"94,718.1775","181,040.6144","275,758.792",新竹市,半導體製造業,300台灣新竹市東區力行路25號,24.7624399,121.01981
111,O1743793,聯亞科技股份有限公司二廠,22099456,3.961,"27,871.272","27,875.233",新竹市,化學原材料製造業,300台灣新竹市東區力行一路10號,24.7728068,121.0167014
111,O1745831,敦南科技股份有限公司新竹分公司廠,12800750,"37,152.4934","23,122.4401","60,274.934",新竹市,半導體製造業,300台灣新竹市東區竹村三路24號,24.7778901,121.0089957
111,O1746614,聯亞科技股份有限公司三廠,22099456,104.2347,"215,064.432","215,168.667",新竹市,化學原材料製造業,300台灣新竹市東區力行四路3號,24.7622416,121.0228056
111,O1747924,頎邦科技股份有限公司展業廠,16130009,275.3133,"47,647.3496","47,922.663",新竹市,半導體製造業,300台灣新竹市東區展業一路10號,24.7846211,121.00293
111,O1749526,采鈺科技股份有限公司,80601119,"5,725.2474","22,395.9411","28,121.189",新竹市,其他電子零組件製造業,"No. 12號, No. 12篤行一路東區新竹市台灣 300",24.7735196,121.0232457
111,O1751197,世界先進積體電路股份有限公司晶圓二廠,84149358,"51,788.701","135,544.7714","187,333.472",新竹市,半導體製造業,300台灣新竹市東區力行路9號,24.7714636,121.0281827
111,O1753306,力晶積成電子製造股份有限公司8A,28112667,"27,202.3558","86,529.1077","113,731.464",新竹市,半導體製造業,300台灣新竹市東區力行一路18號4樓,24.7681886,121.0170081
111,O17A0968,新唐科技股份有限公司,28112646,"36,272.6454","35,316.6378","71,589.283",新竹市,半導體製造業,300台灣新竹市東區研新三路4號三樓,24.7792616,120.9906641
111,O17A6887,旺宏電子股份有限公司晶圓五廠,22099548,"78,664.4405","141,377.7024","220,042.143",新竹市,半導體製造業,300台灣新竹市東區力行路19號,24.7654899,121.0240148
111,O17K7818,力晶積成電子製造股份有限公司8AD,28112667,232.7606,"2,954.9486","3,187.709",新竹市,半導體製造業,300台灣新竹市東區力行一路18號4樓,24.7681886,121.0170081
111,O17K9082,力成科技股份有限公司竹科分公司,16082267,"1,401.45","22,562.9984","23,964.448",新竹市,半導體製造業,303台灣新竹縣湖口鄉大同路10號,24.8693044,120.9983556
111,O17M3787,晶成半導體股份有限公司竹科廠,28114454,"2,020.8855","5,383.5963","7,404.482",新竹市,半導體製造業,300台灣新竹市東區力行五路5號1 F,24.7648589,121.0197737
111,O17M3896,力晶積成電子製造股份有限公司P3,28112667,"17,362.0322","145,582.4601","162,944.492",新竹市,半導體製造業,300台灣新竹市東區力行路16-1號,24.7669451,121.0243215
111,O17M3925,力晶積成電子製造股份有限公司P12,28112667,"41,099.648","301,571.5835","342,671.232",新竹市,半導體製造業,300台灣新竹市東區力行一路18號4樓,24.7681886,121.0170081
111,O17N2439,力成科技股份有限公司竹科三廠,16082267,684.4388,"10,867.0429","11,551.482",新竹市,半導體製造業,300台灣新竹市東區力行四路29號,24.7606193,121.0229419
111,O17N5463,世界先進積體電路股份有限公司晶圓五廠,84149358,"2,255.5884","18,883.3234","21,138.912",新竹市,半導體製造業,300台灣新竹市東區力行二路1-1號,24.7740488,121.0195629
111,O17N6560,鴻揚半導體股份有限公司,90505585,"11,492.4928","28,806.03","40,298.523",新竹市,半導體製造業,300台灣新竹市東區研新三路3號,24.7802994,120.9901669
111,P4600987,福懋興業股份有限公司,14001199,"178,463.7959","44,789.2414","223,253.037",雲林縣,染整業,640台灣雲林縣斗六市石榴路317號,23.7272352,120.5880423
111,P4601984,福懋興業股份有限公司第二廠,14001199,"13,933.9347","42,636.4649","56,570.4",雲林縣,紡織品製造業,640台灣雲林縣斗六市石榴路317號,23.7272352,120.5880423
111,P4602196,福懋科技股份有限公司,23826736,"1,954.427","127,559.7413","129,514.168",雲林縣,半導體製造業,640台灣雲林縣斗六市河南街329號,23.7130592,120.5760824
111,P4602276,台日古河銅箔股份有限公司,97168665,"3,460.9888","50,921.0985","54,382.087",雲林縣,其他基本金屬製造業,640台灣雲林縣斗六市斗工二路8號,23.7189011,120.590528
111,P4602552,金居開發股份有限公司斗六一廠,16447610,825.965,"48,638.304","49,464.269",雲林縣,銅製造業,640台灣雲林縣斗六市科工八路56號,23.7197312,120.5079746
111,P4602758,富喬工業股份有限公司,16834268,"33,355.8424","52,146.1659","85,502.008",雲林縣,其他非金屬礦物製品製造業,640台灣雲林縣斗六市斗工十六路8號,23.7098924,120.5965904
111,P4606327,艾杰旭顯示玻璃股份有限公司斗六一廠,70584724,"18,843.8604","86,401.9849","105,245.845",雲林縣,玻璃及其製品製造業,640台灣雲林縣斗六市科工七路8號,23.7180315,120.5035408
111,P4606818,金居開發股份有限公司斗六二廠,16447610,"1,086.8972","62,208.8602","63,295.757",雲林縣,銅製造業,640台灣雲林縣斗六市科工八路56號,23.7197312,120.5079746
111,P4607940,上銀科技股份有限公司-雲科廠,23503047,"1,322.3314","43,902.6727","45,225.004",雲林縣,金屬加工用機械設備製造業,640台灣雲林縣斗六市科班二路7號,23.7279516,120.5615541
111,P46A0069,巧新科技工業股份有限公司二廠,84980915,"10,647.7742","31,816.5646","42,464.339",雲林縣,金屬加工處理業,640台灣雲林縣斗六市雲科路三段80號,23.7260599,120.5180486
111,P46A0693,艾杰旭顯示玻璃股份有限公司斗六二廠,70584724,"83,058.9082","152,130.528","235,189.436",雲林縣,玻璃及其製品製造業,640台灣雲林縣斗六市科工八路8號,23.7232951,120.515006
111,P46A5881,古河銅箔股份有限公司,53372182,"1,443.3444","24,335.8652","25,779.21",雲林縣,其他基本金屬製造業,640台灣雲林縣斗六市科加路25號,23.7343892,120.5420966
111,P46B5125,中國石油化學工業開發股份有限公司斗六廠,3084741,"14,298.0103","12,994.2801","27,292.29",雲林縣,紡紗業,640台灣雲林縣斗六市斗工十路156號,23.7145466,120.5974868
111,P4801322,台榮產業股份有限公司雲林廠,3543210,"15,738.2868","14,859.0584","30,597.345",雲林縣,碾穀、磨粉及澱粉製品製造業,"632台灣雲林縣虎尾鎮惠來路112號, 632",23.7284504,120.4855186
111,P48A0851,富喬工業股份有限公司雲林分公司,16834268,"42,462.8665","44,968.176","87,431.043",雲林縣,玻璃及其製品製造業,640台灣雲林縣斗六市斗工十六路8號,23.7098924,120.5965904
111,P5400070,建大工業股份有限公司雲林廠,59619900,"15,304.0743","18,581.7576","33,885.832",雲林縣,橡膠製品製造業,647台灣雲林縣莿桐鄉延平路50號,23.7487202,120.4977599
111,P5500191,合眾紙業股份有限公司林內廠,4380087,"34,475.005","26,703.8531","61,178.858",雲林縣,紙漿、紙及紙板製造業,643台灣雲林縣林內鄉瑞農65號,23.7670948,120.6046704
111,P5801513,南亞塑膠工業股份有限公司麥寮總廠,75370905,"258,616.8598","807,141.967","1,065,758.827",雲林縣,化學原材料製造業,638台灣雲林縣麥寮鄉中山高速公路,23.79864,120.21748
111,P5801602,台灣塑膠工業股份有限公司麥寮廠,75708007,"392,520.2756","3,700,220.6176","4,092,740.893",雲林縣,未分類其他化學製品製造業,638台灣雲林縣麥寮鄉台塑工業園區1號,23.8002145,120.2157963
111,P5801719,麥寮汽電股份有限公司,96975970,"9,627,397.7375",911.8777,"9,628,309.615",雲林縣,電力供應業,638台灣雲林縣麥寮鄉7號,23.8041865,120.1914995
111,P5801728,台塑石化股份有限公司麥寮二廠,86522210,"4,296,499.3142","438,458.4689","4,734,957.783",雲林縣,未分類其他化學製品製造業,638台灣雲林縣麥寮鄉工業路17號,23.7771766,120.1874829
111,P5801773,台灣化學纖維股份有限公司麥寮廠,58650902,"422,379.6167","998,807.4821","1,421,187.099",雲林縣,化學原材料製造業,"638台灣雲林縣麥寮鄉5號, 台 塑 工業 園區",23.8136467,120.2098154
111,P5801871,台塑勝高科技股份有限公司麥寮矽晶圓廠,89406518,"5,914.3186","224,035.6542","229,949.973",雲林縣,半導體製造業,638台灣雲林縣麥寮鄉63810號,23.78877,120.20377
111,P5802001,台灣塑膠工業股份有限公司麥寮碳纖廠,75708007,"6,279.436","213,192.2268","219,471.663",雲林縣,化學原材料製造業,638台灣雲林縣麥寮鄉工業路1號,23.7901373,120.2620449
111,P5802092,台灣化學纖維股份有限公司海豐廠,58650902,"1,252,442.1881","1,855,119.6775","3,107,561.866",雲林縣,化學原材料製造業,638台灣雲林縣麥寮鄉638,23.761906,120.1759649
111,P5802323,南中石化工業股份有限公司乙二醇廠,97161348,"9,741.2343","164,656.2392","174,397.474",雲林縣,化學原材料製造業,638台灣雲林縣麥寮鄉麥寮鄉台塑工業園區1號重工機房,23.798645,120.21748
111,P5802378,台塑旭彈性纖維股份有限公司麥寮廠,16446128,"1,256.0737","46,508.0829","47,764.157",雲林縣,化學原材料製造業,"638台灣雲林縣麥寮鄉12號, 台塑工業園區",23.7816419,120.2023879
111,P5802387,大連化學工業股份有限公司麥寮廠,12233428,"109,087.682","735,915.8906","845,003.573",雲林縣,化學原材料製造業,638台灣雲林縣麥寮鄉25號,23.759851,120.1726932
111,P5802421,台塑石化股份有限公司麥寮一廠,86522210,"13,390,894.7867",,"13,390,894.787",雲林縣,化學原材料製造業,638台灣雲林縣麥寮鄉中山高速公路,23.79864,120.21748
111,P5802430,台塑石化股份有限公司麥寮三廠,86522210,"6,313,106.5691","28,087.4367","6,341,194.006",雲林縣,未分類其他化學製品製造業,638台灣雲林縣麥寮鄉麥寮鄉台塑工業園區39號,23.762269,120.187877
111,P5805244,南亞塑膠工業股份有限公司海豐總廠,75370905,"251,538.2979","849,491.9365","1,101,030.234",雲林縣,化學原材料製造業,"638台灣雲林縣麥寮鄉42號, 台塑工業園區",23.7737178,120.1913452
111,P5805753,長春石油化學股份有限公司麥寮廠,11384806,"26,969.1795","504,767.1122","531,736.292",雲林縣,未分類其他化學製品製造業,638台灣雲林縣麥寮鄉25號,23.759615,120.1728267
111,P5805780,台灣醋酸化學股份有限公司醋酸廠,80087041,"52,676.1926","119,353.905","172,030.098",雲林縣,未分類其他化學製品製造業,638台灣雲林縣麥寮鄉東環路129號,23.7986392,120.2174861
111,P5806349,台灣塑膠工業股份有限公司海豐廠丁醇廠,75708007,"68,414.8678","170,544.6656","238,959.533",雲林縣,化學原材料製造業,637台灣雲林縣崙背鄉豐榮路39號,23.7925255,120.3103617
111,P58A1635,台塑科騰化學有限公司,53667030,"8,211.0828","49,413.2144","57,624.297",雲林縣,塑膠及合成橡膠原料製造業,638台灣雲林縣麥寮鄉Q5MH+5P,23.7829827,120.1793247
111,Q68A1602,和大工業股份有限公司嘉義廠,52264848,"1,319.7117","26,356.572","27,676.284",嘉義縣,汽車零件製造業,622台灣嘉義縣大林鎮大埔美園區五路18號,23.5934167,120.5174563
111,Q6900821,上評資源循環股份有限公司嘉義廠,91004618,"7,280.4585","15,169.6252","22,450.084",嘉義縣,紙漿、紙及紙板製造業,621台灣嘉義縣民雄鄉工業一路10號,23.5190922,120.426951
111,Q6901613,福隆玻璃纖維股份有限公司,22663571,"21,764.3087","30,977.1","52,741.409",嘉義縣,玻璃及其製品製造業,621台灣嘉義縣民雄鄉中華路89號,23.526617,120.456131
111,Q6907286,嘉惠電力股份有限公司,96976990,"1,748,018.0036","14,332.8052","1,762,350.809",嘉義縣,電力供應業,62148台灣嘉義縣民雄鄉松山村松子腳688號,23.5317971,120.4726806
111,Q7100245,台灣必成股份有限公司新港廠,22662355,"50,413.8389","153,554.4651","203,968.304",嘉義縣,玻璃及其製品製造業,616台灣嘉義縣新港鄉2-1號,23.5111242,120.3695728
111,Q7100254,台灣化學纖維股份有限公司新港廠,58650902,"1,727,980.4906","167,725.008","1,895,705.499",嘉義縣,人造纖維製造業,616002台灣嘉義縣新港鄉1號,23.5221981,120.3825302
111,Q7100272,南亞塑膠工業股份有限公司新港廠,75370905,"43,565.693","728,810.5725","772,376.266",嘉義縣,塑膠製品製造業,616台灣嘉義縣新港鄉三間厝38號,23.5216367,120.3824802
111,Q7100754,台灣塑膠工業股份有限公司新港廠,75708007,"7,324.4172","244,901.5489","252,225.966",嘉義縣,塑膠及合成橡膠原料製造業,616台灣嘉義縣新港鄉工業區2號,23.522898,120.3818536
111,Q7600375,南亞塑膠工業股份有限公司嘉義廠,75370905,"86,516.4038","63,025.776","149,542.18",嘉義縣,塑膠製品製造業,612台灣嘉義縣太保市北港路二段201號,23.4970118,120.3783989
111,Q76A0767,曜智實業股份有限公司嘉義廠,12617727,"25,162.5478","5,844.6788","31,007.227",嘉義縣,染整業,612台灣嘉義縣太保市中興路11號,23.5085886,120.3592999
111,R0300384,統一企業股份有限公司新市廠,73251209,"18,477.1626","29,574.6449","48,051.808",臺南市,乳品製造業,744008台灣臺南市新市區大營里大營 7號,23.0993323,120.317346
111,R0300606,得力實業股份有限公司,73686632,"49,421.3291","33,039.3254","82,460.655",臺南市,染整業,744台灣臺南市新市區復興路820號,23.1047554,120.2949128
111,R0301514,南茂科技股份有限公司台南廠,16130042,585.1194,"79,369.8944","79,955.014",臺南市,半導體製造業,744台灣臺南市新市區南科七路5號,23.1097393,120.2760831
111,R0301603,宏捷科技股份有限公司南科大利廠,16130423,"26,801.9123","19,325.988","46,127.9",臺南市,半導體製造業,744台灣臺南市新市區大利一路6號,23.1079748,120.2797648
111,R0304131,聯華電子股份有限公司Fab12A廠,47217677,"58,254.9331","409,380.3034","467,635.237",臺南市,半導體製造業,744台灣臺南市新市區南科二路18號,23.0956627,120.2790714
111,R0304944,艾杰旭顯示玻璃股份有限公司台南廠,70584724,324.0633,"31,737.816","32,061.879",臺南市,玻璃及其製品製造業,744台灣臺南市新市區風鈴路1號,23.0966977,120.2597554
111,R0305156,瀚宇彩晶南科TFT-LCD三廠,16450500,"58,318.1422","214,101.5659","272,419.708",臺南市,光電材料及元件製造業,741台灣臺南市新市區南科二路35號,23.09469,120.2800349
111,R03A0450,群創光電股份有限公司樹谷分公司,12800225,"14,303.4859","396,673.0223","410,976.508",臺南市,光電材料及元件製造業,74148台灣臺南市新市區紫楝路21號,23.1007961,120.2624638
111,R03A0658,晶元光電股份有限公司南科一廠,84149786,"23,560.8188","30,260.8469","53,821.666",臺南市,光電材料及元件製造業,744台灣臺南市新市區大順九路16號,23.1070619,120.2878454
111,R03A1894,群創光電股份有限公司B廠,12800225,"50,497.3796","406,588.4017","457,085.781",臺南市,光電材料及元件製造業,741台灣臺南市善化區南科八路12號B棟,23.1154249,120.2762664
111,R03A1903,群創光電股份有限公司A廠,12800225,"7,806.4252","52,539.1307","60,345.556",臺南市,光電材料及元件製造業,744台灣臺南市新市區奇業路1號,23.0875622,120.2815577
111,R03A1913,群創光電股份有限公司D廠,12800225,"13,359.1715","600,535.0363","613,894.208",臺南市,光電材料及元件製造業,744台灣臺南市新市區環西路一段3號,23.090312,120.277275
111,R0500240,宏遠興業股份有限公司,22817999,"68,775.0998","60,181.7931","128,956.893",臺南市,染整業,743台灣臺南市山上區256號,23.1133126,120.3422775
111,R0503072,森霸電力股份有限公司,70783499,"2,145,184.493","3,225.024","2,148,409.517",臺南市,電力供應業,743台灣臺南市山上區66號,23.0842713,120.3559143
111,R1001719,台南紡織股份有限公司仁德廠,68919301,"30,700.4287","23,276.484","53,976.913",臺南市,紡紗業,717台灣臺南市仁德區中正路二段1034巷6號,22.9642474,120.2559933
111,R1001791,台南紡織股份有限公司太子廠,68919301,"24,348.5214","55,785.5856","80,134.107",臺南市,人造纖維製造業,717台灣台灣省仁德區中正路三段419號,22.9842624,120.2574353
111,R1002065,奇美實業股份有限公司(仁德廠),68387705,"152,236.3696","223,203.1468","375,439.516",臺南市,塑膠及合成橡膠原料製造業,717台灣臺南市仁德區中正路一段398號,22.9272249,120.2431587
111,R1002547,豐年豐和企業上崙一廠,16635562,"27,820.2099","8,923.662","36,743.872",臺南市,動植物油脂製造業,717台灣臺南市仁德區崑崙路201號,22.9328505,120.2508391
111,R10A3047,奇美實業股份有限公司旭美廠,68387705,"166,406.7491","29,109.0452","195,515.794",臺南市,塑膠及合成橡膠原料製造業,717台灣臺南市仁德區中正路一段398號,22.9272249,120.2431587
111,R1412418,統一實業股份有限公司二廠,73252657,"38,641.1514","73,548.5414","112,189.693",臺南市,金屬加工處理業,710台灣臺南市永康區中正北路837號,23.0505581,120.2667841
111,R14A1883,易昇鋼鐵股份有限公司,28098406,"20,600.8543","104,926.536","125,527.39",臺南市,鋼鐵製造業,710台灣臺南市永康區正南一街200號,23.0281573,120.2250601
111,R8400372,台灣史谷脫紙業股份有限公司新營廠,11820053,"12,614.3953","18,820.89","31,435.285",臺南市,其他紙製品製造業,730台灣臺南市新營區南紙街94號,23.2983704,120.2929109
111,R8400416,臺灣紙業股份有限公司新營紙廠,11912102,"6,510.2801","22,047.7992","28,558.079",臺南市,化學原材料製造業,730台灣臺南市新營區南紙街94號,23.2983704,120.2929109
111,R8400827,榮剛材料科技股份有限公司新營廠,84252697,"78,531.1249","76,606.992","155,138.117",臺南市,鋼鐵製造業,730台灣臺南市新營區新中路35號,23.3016583,120.2809331
111,R8500582,華新麗華股份有限公司鹽水廠,35412204,"91,369.6143","145,938.4329","237,308.047",臺南市,鋼鐵製造業,737台灣臺南市鹽水區3之10號,23.3340512,120.2905244
111,R9001597,能元科技股份有限公司南科廠,16441469,"5,864.7943","29,069.667","34,934.461",臺南市,其他電力設備及配備製造業,741台灣臺南市善化區大利二路10號,23.1145172,120.278318
111,R9001631,三福氣體股份有限公司南科廠,11072509,518.3517,"72,953.2305","73,471.582",臺南市,化學原材料製造業,745台灣臺南市安定區北園三路10號,23.1229044,120.2624825
111,R9001677,台灣積體電路製造股份有限公司十四廠,22099131,"269,767.4163","738,754.9612","1,008,522.378",臺南市,半導體製造業,741台灣臺南市善化區南科北路1號,23.1145277,120.2743889
111,R9001702,台灣康寧顯示玻璃股份有限公司南科分公司台南廠,4388145,"4,755.1194","69,483.744","74,238.863",臺南市,玻璃及其製品製造業,741台灣臺南市善化區環東路二段33號,23.1181074,120.2784595
111,R9004230,台灣積體電路製造股份有限公司六廠,22099131,"142,539.1385","189,085.149","331,624.288",臺南市,半導體製造業,744台灣臺南市新市區南科北路1號,23.1100289,120.2735232
111,R90A0302,晶元光電股份有限公司南科三廠,84149786,"1,893.6787","29,172.9022","31,066.581",臺南市,光電材料及元件製造業,741台灣臺南市善化區南科八路11號,23.1141327,120.2761632
111,R90A0401,誠美材料科技股份有限公司,27790294,"15,861.8292","31,082.04","46,943.869",臺南市,光電材料及元件製造業,741台灣臺南市善化區木柵港西路13號,23.106012,120.2581766
111,R90A0689,住華科技股份有限公司南科一廠,70848177,"13,503.7394","31,258.657","44,762.396",臺南市,其他電子零組件製造業,741台灣臺南市善化區環東路二段32號,23.1217605,120.2754575
111,R90A1360,台灣積體電路製造股份有限公司先進封測二廠,22099131,"29,743.152","96,008.3033","125,751.455",臺南市,半導體製造業,741台灣臺南市善化區南科北路1之1號,23.1098041,120.2712618
111,R90A1469,群創光電股份有限公司C廠,12800225,125.4902,"24,863.3193","24,988.81",臺南市,光電材料及元件製造業,741台灣臺南市善化區南科八路12號B棟,23.1154249,120.2762664
111,R9100522,東盟開發實業股份有限公司學甲廠,88121697,"26,189.5726","33,518.232","59,707.805",臺南市,鋼鐵製造業,726台灣臺南市學甲區754C+V4,23.2571395,120.1702826
111,R92A0659,榮剛材料科技股份有限公司柳營廠,84252697,"30,061.2608","10,934.895","40,996.156",臺南市,鋼鐵製造業,736台灣臺南市柳營區腳腿仔大道13號,23.2791244,120.3579883
111,R9700353,怡華實業股份有限公司,33144175,"13,259.87","39,478.2283","52,738.098",臺南市,紡紗業,720台灣臺南市官田區工業路11號,23.2075548,120.3239361
111,R9701056,大統益股份有限公司,20927014,"29,545.1271","64,871.3879","94,416.515",臺南市,動植物油脂製造業,720台灣臺南市官田區工業西路32號,23.2127212,120.320313
111,R9701341,威致鋼鐵工業股份有限公司官田廠,69771636,"95,634.5005","189,286.1056","284,920.606",臺南市,鋼鐵製造業,720台灣臺南市官田區南廍123號,23.2262982,120.3104239
111,R9702160,台灣汽電共生股份有限公司官田廠,86685142,"326,785.9976","6,011.28","332,797.278",臺南市,電力供應業,720台灣臺南市官田區工業西路28號,23.2107951,120.3201115
111,S1601178,晉禾企業股份有限公司,88680066,"6,401.1446","25,609.716","32,010.861",高雄市,金屬加工處理業,820台灣高雄市岡山區新樂街107號,22.8073315,120.2933827
111,S1601203,春雨工廠股份有限公司岡山廠,88187108,"10,023.3402","5,202.3681","15,225.708",高雄市,其他基本金屬製造業,820台灣高雄市岡山區新樂街169號,22.8092494,120.2923963
111,S1601570,燁興企業股份有限公司軋鋼廠,75992214,"12,796.2545","17,365.4108","30,161.665",高雄市,其他金屬製品製造業,820台灣高雄市岡山區寶米路369號,22.7707875,120.2740228
111,S1601990,燁聯鋼鐵股份有限公司,23218395,"239,648.8208","330,488.09","570,136.911",高雄市,鋼鐵製造業,820台灣高雄市岡山區興隆街600號,22.8309261,120.3005934
111,S1602102,中鴻鋼鐵股份有限公司熱軋廠,7838854,"129,502.7834","103,726.656","233,229.439",高雄市,其他基本金屬製造業,820台灣高雄市岡山區興隆街576號,22.82647,120.29961
111,S1900283,和益化學工業股份有限公司,4312878,"62,058.7541","19,646.1041","81,704.858",高雄市,化學原材料製造業,832台灣高雄市林園區石化三路9號,22.4876543,120.4058487
111,S1900372,台灣氯乙烯工業股份有限公司林園廠,19084015,"126,898.7992","51,940.836","178,839.635",高雄市,化學原材料製造業,832台灣高雄市林園區工業一路1號,22.499011,120.4069092
111,S1900578,東聯化學股份有限公司高雄林園廠,14057995,"30,434.4049","309,618.7916","340,053.197",高雄市,化學原材料製造業,832台灣高雄市林園區工業三路3號,22.493906,120.4147949
111,S1900596,亞洲聚合股份有限公司 林園廠,20747385,"10,393.4938","98,793.3404","109,186.834",高雄市,塑膠及合成橡膠原料製造業,832台灣高雄市林園區工業一路3號,22.501852,120.4068083
111,S1900612,聯成化學科技股份有限公司林園廠,4748660,"40,948.9315","14,702.985","55,651.917",高雄市,化學原材料製造業,832台灣高雄市林園區工業二路3號,22.5030674,120.4136687
111,S1900630,台達化學工業股份有限公司林園廠,11893409,"6,604.7081","31,738.4276","38,343.136",高雄市,塑膠及合成橡膠原料製造業,832台灣高雄市林園區工業一路5號,22.5060123,120.4057873
111,S1900649,南帝化學工業股份有限公司,12209807,"1,120.6375","31,164.7219","32,285.359",高雄市,塑膠及合成橡膠原料製造業,832台灣高雄市林園區工業一路9號,22.5103631,120.4048619
111,S1900658,台灣苯乙烯工業股份有限公司高雄廠,20844865,"199,683.073","28,712.376","228,395.449",高雄市,化學原材料製造業,832台灣高雄市林園區工業一路7號,22.5073491,120.405701
111,S1900676,李長榮化學工業股份有限公司林園廠,39054405,"31,012.1664","46,542.0028","77,554.169",高雄市,化學原材料製造業,832台灣高雄市林園區石化三路11號,22.487728,120.4047558
111,S1900685,台灣塑膠工業股份有限公司林園廠,75708007,"630,955.9973","99,103.95","730,059.947",高雄市,化學原材料製造業,832台灣高雄市林園區石化一路1號,22.5075475,120.4118101
111,S1900694,台灣石化合成股份有限公司林園廠,30974253,"52,348.671","49,863.7076","102,212.379",高雄市,未分類其他化學製品製造業,832台灣高雄市林園區工業二路1號,22.4988619,120.4144485
111,S1900701,台灣塑膠工業股份有限公司林園聚丙烯廠,75708007,269.2884,"107,672.1416","107,941.43",高雄市,化學原材料製造業,832台灣高雄市林園區石化一路1號,22.5075475,120.4118101
111,S1900710,台灣中油股份有限公司石化事業部,3707901,"1,946,769.2968","94,342.6598","2,041,111.957",高雄市,化學原材料製造業,832台灣高雄市林園區石化二路3號,22.4986779,120.406679
111,S1900729,聯華氣體工業股份有限公司林園工廠,5258865,"1,254.2201","57,202.2","58,456.42",高雄市,化學原材料製造業,832台灣高雄市林園區工業二路3-1號,22.5032373,120.4111654
111,S1901002,合興石化工業股份有限公司林園廠,23531178,"24,060.0028","26,648.8533","50,708.856",高雄市,未分類其他化學製品製造業,832台灣高雄市林園區工業二路1號,22.4988619,120.4144485
111,S1901066,信昌化學工業股份有限公司林園廠,86120031,"202,227.8789","87,876.4981","290,104.377",高雄市,化學原材料製造業,832台灣高雄市林園區工業三路9號,22.4970261,120.4150045
111,S2000424,台灣寶理塑膠股份有限公司大發廠,22853994,"6,323.6542","106,169.6032","112,493.257",高雄市,塑膠及合成橡膠原料製造業,831台灣高雄市大寮區建業路13號,22.5709206,120.4272615
111,S2001314,長春石油化學股份有限公司 大發廠,11384806,"513,538.1376","15,353.69","528,891.828",高雄市,化學原材料製造業,831台灣高雄市大寮區建業路11號,22.5710517,120.4276788
111,S2005081,長春人造樹脂廠股份有限公司大發廠,11384708,"322,092.033","235,757.3688","557,849.402",高雄市,化學原材料製造業,831台灣高雄市大寮區華西路8號,22.5751524,120.4229687
111,S2005652,大連化學工業股份有限公司大發廠,12233428,"91,975.2795","568,358.6617","660,333.941",高雄市,化學原材料製造業,831台灣高雄市大寮區華西路8之1號,22.5748121,120.4256747
111,S2015916,長春人造樹脂廠股份有限公司大發二廠,11384708,"67,588.9763","307,499.3178","375,088.294",高雄市,化學原材料製造業,831台灣高雄市大寮區華西路8號,22.5751524,120.4229687
111,S20A2878,國巨股份有限公司大發二廠,22636630,"1,398.5735","27,625.356","29,023.93",高雄市,被動電子元件製造業,815台灣高雄市大社區中正路291號,22.7394995,120.3484368
111,S2100223,中華紙漿股份有限公司久堂廠,85066002,"387,437.3072","30,671.0712","418,108.378",高雄市,紙漿、紙及紙板製造業,840台灣高雄市大樹區久堂路112號,22.6597566,120.4204955
111,S2201056,台灣聚合化學品股份有限公司高雄廠,11917107,"25,507.7626","114,342.624","139,850.387",高雄市,化學原材料製造業,814台灣高雄市仁武區鳳仁路330號,22.7139428,120.3376327
111,S2201092,長春人造樹脂廠股份有限公司高雄廠,11384708,"25,287.2521","67,738.4753","93,025.727",高雄市,塑膠及合成橡膠原料製造業,814台灣高雄市仁武區工業一路14號,22.7003373,120.34104
111,S2201109,台灣塑膠工業股份有限公司仁武廠,75708007,"2,091,371.4286","161,644.032","2,253,015.461",高雄市,化學原材料製造業,814台灣高雄市仁武區水管路100號,22.7057305,120.334949
111,S2201118,南亞塑膠工業股份有限公司仁武廠,75370905,990.5292,"30,316.2102","31,306.739",高雄市,塑膠製品製造業,814台灣高雄市仁武區水管路101號,22.7053081,120.3329138
111,S2201154,三芳化學工業股份有限公司,83387850,"8,190.135","21,656.25","29,846.385",高雄市,化學原材料製造業,814台灣高雄市仁武區鳳仁路402號,22.721594,120.3352089
111,S2300401,中國人造纖維股份有限公司高雄總廠,7066907,"428,636.1791","10,253.5197","438,889.699",高雄市,化學原材料製造業,815台灣高雄市大社區經建路8號,22.7247531,120.3360897
111,S2300410,中國石油化學工業開發股份有限公司大社廠,3084741,"128,899.4073","24,451.2413","153,350.649",高雄市,化學原材料製造業,815台灣高雄市大社區經建路1號,22.7258043,120.3403145
111,S2300429,國喬石油化學股份有限公司,4212250,"318,971.9774","35,884.728","354,856.705",高雄市,石油及煤製品製造業,815台灣高雄市大社區興工路4號,22.7210212,120.341794
111,S2300438,台橡股份有限公司高雄廠,3553737,"96,746.4284","52,404.0944","149,150.523",高雄市,塑膠及合成橡膠原料製造業,815台灣高雄市大社區興工路2號,22.7241632,120.3403621
111,S2300447,高雄塑酯化學工業股份有限公司,85803825,"68,089.7165","20,582.154","88,671.871",高雄市,化學原材料製造業,815台灣高雄市大社區興工路1號,22.7240417,120.3410755
111,S2300465,大連化學工業股份有限公司高雄廠,12233428,"35,613.4238","45,926.6289","81,540.053",高雄市,化學原材料製造業,815台灣高雄市大社區興工路1之3號,22.7202288,120.3424248
111,S23A0124,李長榮化學工業股份有限公司大社廠,39054405,"20,819.3931","60,143.688","80,963.081",高雄市,塑膠及合成橡膠原料製造業,815台灣高雄市大社區經建路2號,22.7276962,120.3425868
111,S2500527,中鴻鋼鐵股份有限公司冷軋廠,7838854,"8,661.898","16,526.2679","25,188.166",高雄市,鋼鐵製造業,825台灣高雄市橋頭區Q78G+99,22.7658889,120.2759492
111,S2500536,燁輝企業股份有限公司高雄一廠,75947936,"54,280.1744","63,011.52","117,291.694",高雄市,金屬加工處理業,825台灣高雄市橋頭區里芋寮路369號,22.7654048,120.2770969
111,S25A0144,欣建工業股份有限公司,28042430,"15,903.5789","14,295.798","30,199.377",高雄市,鋼鐵製造業,825台灣高雄市橋頭區芋林路301號,22.7648371,120.2834713
111,S2602473,裕鐵企業股份有限公司岡山二廠,85978401,"20,848.6528","35,443.3499","56,292.003",高雄市,金屬加工處理業,824台灣高雄市燕巢區安招路,22.7863349,120.3289808
111,S2603498,泓達化工股份有限公司燕巢廠,23418128,"16,577.0864","9,707.4074","26,284.494",高雄市,塑膠及合成橡膠原料製造業,824台灣高雄市燕巢區中興路922號,22.7761399,120.3604401
111,S26A0793,裕鐵企業股份有限公司岡山三廠,85978401,"14,985.4493","7,709.2736","22,694.723",高雄市,金屬加工處理業,824台灣高雄市燕巢區安招路,22.7863349,120.3289808
111,S2900821,長興材料工業股份有限公司路竹廠,75339004,"15,108.6344","18,415.782","33,524.416",高雄市,未分類其他化學製品製造業,821台灣高雄市路竹區長興路22號,22.8463472,120.2432493
111,S29A1607,群創光電股份有限公司F廠,12800225,"9,706.7539","337,335.5772","347,042.331",高雄市,光電材料及元件製造業,821台灣高雄市路竹區路科十路11號,22.8392912,120.2518516
111,S3200428,勝一化工股份有限公司,75970680,"22,452.3211","3,409.461","25,861.782",高雄市,化學原材料製造業,828台灣高雄市永安區永工一路5號,22.8119775,120.2542252
111,S3200688,台灣電力股份有限公司興達發電廠,3795904,"16,999,799.207","1,138.3297","17,000,937.537",高雄市,電力供應業,828台灣高雄市永安區興達路6號,22.8564943,120.2004541
111,S3200946,台灣中油股份有限公司天然氣事業部永安液化天然氣廠,3707901,"18,739.6191","90,162.072","108,901.691",高雄市,氣體燃料供應業,828台灣高雄市永安區新興路1-20號,22.8086278,120.2117127
111,S3200955,遠東氣體工業股份有限公司永安工廠,22956507,17.246,"37,720.782","37,738.028",高雄市,化學原材料製造業,828台灣高雄市永安區新興路1-21號,22.8131401,120.2113137
111,S3204695,勝一化工股份有限公司永安二廠,75970680,"30,049.2082","5,089.8672","35,139.075",高雄市,化學原材料製造業,828台灣高雄市永安區永工一路18號,22.8169102,120.2545588
111,T4203686,燁輝企業股份有限公司屏東廠,75947936,"14,896.4722","12,380.742","27,277.214",屏東縣,金屬加工處理業,900081台灣屏東縣屏東市工業六路6號,22.655541,120.4978056
111,U0100187,台灣水泥股份有限公司和平分公司和平廠,11913502,"3,204,108.2006","141,055.6651","3,345,163.866",花蓮縣,水泥及其製品製造業,972台灣花蓮縣秀林鄉和平村263號,24.3031223,121.7514351
111,U0100258,和平電力股份有限公司和平火力發電廠,16096852,"7,380,815.0862",749.628,"7,381,564.714",花蓮縣,電力供應業,972台灣花蓮縣秀林鄉和工二路7號,24.3088771,121.7633072
111,U9400115,亞洲水泥股份有限公司花蓮製造廠,3244509,"2,907,128.7884","166,587.6577","3,073,716.446",花蓮縣,水泥及其製品製造業,971台灣花蓮縣新城鄉新興路125號,24.1334551,121.6393111
111,U9500478,中華紙漿股份有限公司花蓮廠,94025264,"74,475.3092","109,628.64","184,103.949",花蓮縣,紙漿、紙及紙板製造業,973台灣花蓮縣吉安鄉光華街100號,23.9312034,121.5839363
111,V7500777,中華紙漿股份有限公司台東廠,85066002,"116,215.3337","48,016.8896","164,232.223",臺東縣,紙漿、紙及紙板製造業,950台灣臺東縣臺東市中興路四段371號,22.7742055,121.0953973
111,W0404930,台灣電力股份有限公司塔山發電廠夏興分廠,3795904,"1,198.7716",25.1688,"1,223.94",金門縣,電力供應業,891,24.440549,118.397934
111,W0504775,台灣電力股份有限公司塔山發電廠,3795904,"208,750.7699",119.691,"208,870.461",金門縣,電力供應業,893西海路一段2號,24.4143164,118.2821738
111,W0803559,台灣電力股份有限公司塔山發電廠麒麟分廠,3795904,"13,784.8708",9.7614,"13,794.632",金門縣,電力供應業,894,24.4304034,118.2511793
111,X0501232,台灣電力股份有限公司尖山發電廠,3795904,"204,399.6898",247.4936,"204,647.183",澎湖縣,電力供應業,880台灣澎湖縣馬公市新生路333號,23.5670483,119.5805389
111,Z6303328,台灣電力股份有限公司協和發電廠馬祖珠山分廠,3795904,"39,717.8646",,"39,717.865",連江縣,電力供應業,2094299之9號,26.1552886,119.9348373
110,B2311535,台灣康寧顯示玻璃股份有限公司,4388145,"42,153.18","338,021.606","380,174.786",臺中市,玻璃及其製品製造業,407台灣臺中市西屯區科園路1號,24.2012912,120.6177527
110,B2313780,友達光電股份有限公司台中廠,84149738,"20,977.682","1,008,566.636","1,029,544.318",臺中市,光電材料及元件製造業,421台灣臺中市后里區馬場路1號,24.2954401,120.7268487
110,B23B6125,台灣積體電路製造股份有限公司十五B廠,22099131,"319,327.214","1,670,451.674","1,989,778.888",臺中市,半導體製造業,407台灣台中市西屯区新科路1號,24.2118688,120.6086166
110,B9100709,華新麗華股份有限公司台中不銹鋼廠,35412204,"43,013.438","41,469.216","84,482.654",臺中市,金屬加工處理業,435台灣臺中市梧棲區經三路57號,24.2469644,120.5116444
110,B9202664,台灣美光記憶體股份有限公司台中二廠,28518076,"5,915.41","169,963.651","175,879.061",臺中市,半導體製造業,421台灣台中市后里区后科南路88號A棟,24.3172929,120.7253056
110,C1400170,台灣電力股份有限公司協和發電廠,3795904,"2,446,761.752","9,591.436","2,456,353.188",基隆市,電力供應業,203台灣基隆市中山區文化路80號,25.1534456,121.7348548
110,C1500291,敦南科技股份有限公司基隆廠,23528103,256.688,"9,636.999","9,893.687",基隆市,其他電子零組件製造業,231台灣新北市新店區寶橋路233之2號9樓,24.979519,121.5518969
110,D0301680,瀚宇彩晶南科觸控感應器廠,16450500,986.317,"45,936.802","46,923.119",臺南市,光電材料及元件製造業,741台灣臺南市新市區南科二路35號,23.09469,120.2800349
110,D0302141,聯華電子股份有限公司Fab12A廠第二廠區 ,47217677,"10,399.088","153,922.031","164,321.119",臺南市,半導體製造業,744台灣臺南市新市區南科二路18號,23.0956627,120.2790714
110,D0402208,台灣積體電路製造股份有限公司十八廠一期,22099131,"99,111.77","426,395.56","525,507.33",臺南市,半導體製造業,745台灣臺南市安定區北園二路20號,23.1179671,120.2627152
110,D0402431,台灣積體電路製造股份有限公司十八廠二期,22099131,"122,703.343","441,464.986","564,168.329",臺南市,半導體製造業,745台灣臺南市安定區北園二路20號,23.1179671,120.2627152
110,D0402904,台灣積體電路製造股分有限公司18廠三期,22099131,"71,031.751","414,852.535","485,884.286",臺南市,半導體製造業,745台灣臺南市安定區北園二路20號,23.1179671,120.2627152
110,D9000120,和鑫光電股份有限公司南科廠,70750217,"39,831.069","44,918.476","84,749.545",臺南市,光電材料及元件製造業,741台灣臺南市善化區北園一路7號,23.1232374,120.2663966
110,D9000746,台灣積體電路製造股份有限公司十四B廠,22099131,"130,999.158","608,234.27","739,233.428",臺南市,半導體製造業,741台灣臺南市善化區南科九路17號,23.1116704,120.2671479
110,D9001225,群創光電股份有限公司觸控模組廠,12800225,76.04,"16,881.168","16,957.208",臺南市,光電材料及元件製造業,741台灣臺南市善化區南科八路12號B棟,23.1154249,120.2762664
110,D9001396,台灣積體電路製造股份有限公司十四B廠七期,22099131,"73,566.064","347,139.629","420,705.693",臺南市,半導體製造業,741台灣臺南市善化區南科九路17號,23.1116704,120.2671479
110,E1901105,台合科技股份有限公司,12691423,"93,870.652","5,036.719","98,907.371",高雄市,未分類其他化學製品製造業,832台灣高雄市林園區工業二路1-1號,22.5006235,120.4141427
110,E1902497,林園先進材料科技股份有限公司,42818882,"277,885.701","7,902.225","285,787.926",高雄市,石油及煤製品製造業,832台灣高雄市林園區石化四路1號,22.4863542,120.4087585
110,E2000554,錦州科技股份有限公司大發廠,53520959,"668,481.237","1,094.554","669,575.791",高雄市,蒸汽供應業,831台灣高雄市大寮區華西路8號,22.5751524,120.4229687
110,E2902160,群創光電股份有限公司L6廠,12800225,"17,562.911","146,400.728","163,963.639",高雄市,光電材料及元件製造業,821台灣高雄市路竹區路科十路11號,22.8392912,120.2518516
110,E5400878,台灣電力股份有限公司南部發電廠,3795904,"3,165,697.23",435.584,"3,166,132.814",高雄市,電力供應業,806台灣高雄市前鎮區成功二路5號,22.601544,120.3019432
110,E5600056,台灣中油股份有限公司煉製事業部大林煉油廠,3707901,"2,602,615.262","634,565.106","3,237,180.368",高雄市,石油及煤製品製造業,812台灣高雄市小港區沿海四路50號,22.5290654,120.3472505
110,E5600092,中鋼鋁業股份有限公司臨海廠,96971313,"75,786.732","127,111","202,897.732",高雄市,鋁製造業,812台灣高雄市小港區東林路17號,22.5421711,120.3737001
110,E5600332,協勝發鋼鐵廠股份有限公司,79254702,"88,386.281","203,767.459","292,153.74",高雄市,鋼鐵製造業,812台灣高雄市小港區光陽街7號,22.5593181,120.3655639
110,E5600369,東和鋼鐵企業股份有限公司高雄廠,75280209,"27,194.309","16,544.88","43,739.189",高雄市,鋼鐵製造業,812台灣高雄市小港區嘉興街8號,22.5619942,120.3634959
110,E5600501,海光企業股份有限公司,75470524,"30,456.25","101,998.714","132,454.964",高雄市,鋼鐵製造業,812台灣高雄市小港區沿海二路12號,22.550625,120.365646
110,E5600565,盛餘股份有限公司,79837539,"30,830.953","57,141.347","87,972.3",高雄市,金屬加工處理業,812台灣高雄市小港區中林路11號,22.5370549,120.367025
110,E5600798,龍慶鋼鐵企業股份有限公司,85793919,"26,815.672","52,861.075","79,676.747",高雄市,鋼鐵製造業,812台灣高雄市小港區利昌街4號,22.5540037,120.3649057
110,E5600841,中國鋼鐵股份有限公司,30414175,"20,884,058.13","1,255,519.202","22,139,577.332",高雄市,鋼鐵製造業,824台灣高雄市燕巢區中興路500號,22.7817815,120.3595665
110,E5600850,中國石油化學工業開發股份有限公司小港廠,3084741,"643,361.369","152,948.74","796,310.109",高雄市,化學原材料製造業,812台灣高雄市小港區中林路34號,22.5360641,120.3642442
110,E5600869,台灣糖業股份有限公司小港廠,3794905,"80,882.006","2,941.336","83,823.342",高雄市,其他食品製造業,812台灣高雄市小港區小港路133號,22.5621832,120.3390414
110,E5600896,台灣電力股份有限公司大林發電廠,3795904,"13,055,806.35","2,592.71","13,058,399.06",高雄市,電力供應業,812台灣高雄市小港區大林路3號,22.5308911,120.3366197
110,E5601080,漢泰鋼鐵廠股份有限公司,75688109,"32,507.569","15,809.336","48,316.905",高雄市,鋼鐵製造業,812台灣高雄市小港區世全路4號,22.5474714,120.3705687
110,E5601197,唐榮鐵工廠股份有限公司,75460005,"53,405.741","98,343.258","151,748.999",高雄市,鋼鐵製造業,812台灣高雄市小港區沿海二路4號,22.5451216,120.3703228
110,E5602952,海光企業股份有限公司嘉興鋼鐵廠,75470524,"31,110.588","33,969.031","65,079.619",高雄市,鋼鐵製造業,812台灣高雄市小港區嘉興街5號,22.5606958,120.3614081
110,E56A2617,尚承鋼鐵股份有限公司,27208480,"108,995.537","90,279.44","199,274.977",高雄市,鋼鐵製造業,812台灣高雄市小港區大業南路7號,22.5211979,120.3606376
110,E56A4792,中國鋼鐵股份有限公司第三冷軋廠,30414175,"57,469.936","128,485.715","185,955.651",高雄市,鋼鐵製造業,812台灣高雄市小港區茂大街5號,22.5549226,120.3626755
110,E56A7340,源鋼企業股份有限公司,12745455,"25,822.818","10,637.974","36,460.792",高雄市,鋼鐵製造業,812台灣高雄市小港區嘉興街8號,22.5619942,120.3634959
110,F0622537,九滎股份有限公司瓊林廠,80629340,"10,035.945","3,920.216","13,956.161",新北市,染整業,242台灣新北市新莊區瓊林南路301巷13號,25.0058201,121.4351309
110,F0701702,南亞塑膠工業股份有限公司樹林廠,75370905,"388,933.265","3,022.238","391,955.503",新北市,塑膠及合成橡膠原料製造業,238台灣新北市樹林區味王街55號,24.9734285,121.4044056
110,F0801707,三洋窯業股份有限公司,34263157,"26,447.179","9,651.251","36,098.43",新北市,其他非金屬礦物製品製造業,23943台灣新北市鶯歌區八德路16號,24.9555063,121.3310637
110,F1507182,泰利實業股份有限公司五股廠,16007423,"18,384.132","4,994.41","23,378.542",新北市,染整業,248台灣新北市五股區凌雲路二段,25.1031441,121.4450866
110,F1600491,南亞塑膠工業股份有限公司林口二廠,75370905,"50,601.42","113,925.096","164,526.516",新北市,塑膠及合成橡膠原料製造業,243台灣新北市泰山區南林路102號,25.0447206,121.4069325
110,F1606662,南亞科技股份有限公司三廠,89390656,"56,409.396","378,740.886","435,150.282",新北市,半導體製造業,243台灣新北市泰山區南林路98號,25.0482461,121.4149629
110,F1700736,台灣電力股份有限公司林口發電廠,3795904,"14,667,777.36","1,188.853","14,668,966.213",新北市,電力供應業,244台灣新北市林口區106縣道139-1號,25.1194311,121.2986118
110,F2800075,台灣電力股份有限公司第二核能發電廠?,3795904,"31,600.001","7,035.515","38,635.516",新北市,電力供應業,207台灣新北市萬里區八斗60號,25.2063645,121.659595
110,G3200778,台灣水泥股份有限公司蘇澳廠,11913502,"1,132,756.188","63,810.112","1,196,566.3",宜蘭縣,水泥及其製品製造業,270台灣宜蘭縣蘇澳鎮永昌路46號,24.5882824,121.8527153
110,G3200849,信大水泥股份有限公司南聖湖廠,3279507,"574,039.838","44,356.296","618,396.134",宜蘭縣,水泥及其製品製造業,270台灣宜蘭縣蘇澳鎮中山路二段235號,24.6097827,121.8261511
110,G32A0540,羅東鋼鐵廠股份有限公司煉鋼廠,42010509,"44,056.012","112,006.689","156,062.701",宜蘭縣,鋼鐵製造業,270台灣宜蘭縣蘇澳鎮德興一路57號,24.623783,121.8202667
110,G3700791,臺灣化學纖維股份有限公司龍德廠,58650902,"1,309,469.995",136.819,"1,309,606.814",宜蘭縣,化學原材料製造業,269台灣宜蘭縣冬山鄉龍祥十路2號,24.624946,121.814179
110,G3700880,台灣塑膠工業股份有限公司冬山廠,75708007,"154,498.672","15,014.075","169,512.747",宜蘭縣,其他非金屬礦物製品製造業,269台灣宜蘭縣冬山鄉東福路201號,24.6217177,121.8086409
110,G37A0585,潤泰精密材料股份有限公司宜蘭冬山廠 ,86871981,"523,646.105","41,619.505","565,265.61",宜蘭縣,水泥及其製品製造業,269台灣宜蘭縣冬山鄉大安路357號,24.628994,121.7838112
110,G38A0540,台灣半導體股份有限公司利澤廠,34286449,27.805,"9,604.063","9,631.868",宜蘭縣,半導體製造業,268台灣宜蘭縣五結鄉利工一路二段31號,24.6485026,121.8363207
110,G4100017,幸福水泥股份有限公司東澳廠,40601248,"568,272.197","40,044.048","608,316.245",宜蘭縣,水泥及其製品製造業,272台灣宜蘭縣南澳鄉蘇花路三段101號,24.516755,121.829478
110,H4202215,新隆纖維染整股份有限公司桃園廠,7472834,"30,908.587","6,959.679","37,868.266",桃園市,染整業,330台灣桃園市桃園區春日路1733巷7號,25.027768,121.303838
110,H4204264,翔新企業股份有限公司桃園廠,84570243,"23,589.011","4,209.023","27,798.034",桃園市,染整業,330台灣台灣省桃園區興邦路43巷1號,24.9798519,121.3275455
110,H4301839,大鐘印染股份有限公司中壢廠,57002416,"33,501.409","8,135.16","41,636.569",桃園市,染整業,320台灣桃園市中壢區新生路三段741號,25.00012,121.21535
110,H4313348,精材科技股份有限公司中壢廠,16741846,"21,618.101","12,990.408","34,608.509",桃園市,其他電子零組件製造業,320台灣桃園市中壢區吉林路23號9樓,24.9795194,121.2450777
110,H43A2855,精材科技股份有限公司中壢二廠,16741846,"51,130.421","15,265.364","66,395.785",桃園市,其他電子零組件製造業,320台灣桃園市中壢區中園路188號,24.9824025,121.2375025
110,H43C0794,精材科技股份有限公司中壢三廠,16741846,643.737,"72,314.648","72,958.385",桃園市,其他電子零組件製造業,320台灣桃園市中壢區中園路188號,24.9824025,121.2375025
110,H4500458,力鵬企業股份有限公司楊梅廠,33955322,"63,871.071","21,474.779","85,345.85",桃園市,染整業,326台灣桃園市楊梅區新榮路339號,24.9554337,121.1570856
110,H4500743,中興紡織廠股份有限公司楊梅化纖廠,35082604,"73,700.155","79,931.731","153,631.886",桃園市,塑膠及合成橡膠原料製造業,326台灣桃園市楊梅區中山南路567號,24.9022389,121.131159
110,H4503575,合晶科技股份有限公司,16138282,"3,915.354","29,429.158","33,344.512",桃園市,其他電子零組件製造業,326台灣桃園市楊梅區蘋果路1號,24.9021905,121.1831785
110,H4600551,大統精密染整股份有限公司染整廠,22267777,"35,728.466","6,419.508","42,147.974",桃園市,染整業,338台灣桃園市蘆竹區榮安路9號,25.0610915,121.2832991
110,H4601227,義芳化學工業股份有限公司桃園廠,15395706,"366,098.175","74,123.118","440,221.293",桃園市,化學原材料製造業,338台灣桃園市蘆竹區海湖里海湖東路375號,25.1065564,121.2713767
110,H4601290,台硝股份有限公司桃園廠,38033305,"43,472.959","18,275.543","61,748.502",桃園市,未分類其他化學製品製造業,338台灣桃園市蘆竹區大坑街25號,25.1078696,121.2754835
110,H4601398,南亞塑膠工業股份有限公司錦興廠 ,75370905,"792,348.6","16,960.694","809,309.294",桃園市,其他非金屬礦物製品製造業,33859台灣桃园市芦竹区南崁路一段336號A棟宿舍一樓,25.0565392,121.283691
110,H4602313,環泰企業股份有限公司南崁廠,12529007,"26,479.719","4,490.777","30,970.496",桃園市,其他食品製造業,338台灣桃園市蘆竹區南青路1156巷75號,25.0557351,121.2718702
110,H4604488,環球水泥股份有限公司海湖石膏板廠,7568009,"27,509.065","5,484.984","32,994.049",桃園市,其他非金屬礦物製品製造業,338台灣桃園市蘆竹區海山中街18號,25.1069651,121.2611543
110,H4604568,長生電力股份有限公司 ,96933037,"1,853,092.602","2,606.08","1,855,698.682",桃園市,電力供應業,338台灣桃園市蘆竹區濱海路一段199號,25.116249,121.257084
110,H4605609,東明纖維工業股份有限公司蘆竹廠,7205416,"26,464.502","3,798.972","30,263.474",桃園市,染整業,338台灣桃園市蘆竹區長興路三段219巷13號,25.0703474,121.2789133
110,H46B0495,世界先進積體電路股份有限公司晶圓三廠,84149358,"58,602.601","191,557.121","250,159.722",桃園市,半導體製造業,338台灣桃園市蘆竹區南崁路一段338號,25.0553661,121.2826331
110,H4700645,正隆股份有限公司大園廠,33085508,"222,147.791","168,572.979","390,720.77",桃園市,紙漿、紙及紙板製造業,337台灣桃園市大園區大工路116號,25.0700511,121.1789244
110,H4702336,大園汽電共生股份有限公司,84526079,"582,168.237","6,774.994","588,943.231",桃園市,電力供應業,337台灣桃園市大園區潮音北路276號,25.0793269,121.1759049
110,H4801478,南亞塑膠工業股份有限公司工三廠,75370905,"172,697.229","284,728.624","457,425.853",桃園市,人造纖維製造業,333台灣桃園市龜山區文明路6號,25.0620289,121.3734827
110,H4802662,新瑞倡企業股份有限公司桃園廠,7620770,"24,158.617","5,135.845","29,294.462",桃園市,染整業,333台灣桃園市龜山區東舊路街100號,25.0149178,121.3665302
110,H4803507,台灣中油股份有限公司煉製事業部桃園煉油廠,3707901,"1,599,230.52","205,823.854","1,805,054.374",桃園市,石油及煤製品製造業,333台灣桃園市龜山區民生北路一段50號,25.033276,121.3059734
110,H4806348,穩懋半導體股份有限公司華亞廠,70752257,"21,523.454","21,029.654","42,553.108",桃園市,半導體製造業,333台灣桃園市龜山區科技七路69號,25.0433928,121.3754587
110,H4810799,國光電力股份有限公司,70833553,"893,187.508","2,602.008","895,789.516",桃園市,電力供應業,333台灣桃園市龜山區南上里北油1區11號,25.0404917,121.3440136
110,H4810851,華亞汽電股份有限公司華亞汽電廠,70783006,"2,078,057.961","28,732.032","2,106,789.993",桃園市,電力供應業,333台灣桃園市龜山區華亞一路98號,25.0344928,121.373079
110,H4886999,穩懋半導體股份有限公司華亞二廠,70752257,"39,831.955","50,861.484","90,693.439",桃園市,半導體製造業,333台灣桃園市龜山區科技七路69號,25.0433928,121.3754587
110,H4888493,友達光電股份有限公司桃園分公司華亞廠,84149738,"8,022.519","250,051.17","258,073.689",桃園市,光電材料及元件製造業,333台灣桃園市龜山區華亞二路189號,25.0469273,121.3731365
110,H4888582,台灣美光晶圓科技股份有限公司二廠 ,80353271,"67,821.112","648,134.355","715,955.467",桃園市,半導體製造業,"No. 2號, 里華亞五路, 龜山區桃園市台灣 333",25.0358706,121.3748919
110,H4889454,台灣美光晶圓科技股份有限公司一廠,80353271,"121,927.207","325,369.542","447,296.749",桃園市,半導體製造業,333台灣桃園市龜山區復興三路667號,25.0384005,121.3738286
110,H48B0554,穩懋半導體股份有限公司龜山廠,70752257,"26,513.06","46,569.428","73,082.488",桃園市,半導體製造業,333台灣桃園市龜山區山鶯路200-5號,24.9867749,121.3261721
110,H4903093,中華凸版電子股份有限公司,16083358,"4,665.508","18,905.773","23,571.281",桃園市,半導體製造業,334台灣桃園市八德區和平路1127-3號,24.9643888,121.322514
110,H49A2429,凌巨科技股份有限公司八德廠 ,16432742,"159,644.724","89,322.509","248,967.233",桃園市,光電材料及元件製造業,334台灣桃園市八德區和平路1127號,24.9668906,121.3208406
110,H5002362,友達光電股份有限公司桃園分公司,84149738,"9,135.858","224,950.369","234,086.227",桃園市,光電材料及元件製造業,333台灣桃園市龜山區華亞二路189號,25.0469273,121.3731365
110,H5008211,友達光電股份有限公司龍科廠,84149738,"10,700.612","289,419.325","300,119.937",桃園市,光電材料及元件製造業,325台灣桃園市龍潭區龍科街228號,24.8775881,121.1859654
110,H50A1985,合晶科技股份有限公司園區分公司龍潭廠,16138282,"4,580.348","37,121.166","41,701.514",桃園市,半導體製造業,325台灣桃園市龍潭區龍園一路100號,24.8849954,121.1873237
110,H50A6430,台灣積體電路製造股份有限公司先進封測三廠,22099131,"8,052.487","211,102.253","219,154.74",桃園市,半導體製造業,325台灣桃園市龍潭區龍園六路101號,24.8836369,121.1855573
110,H50A6777,美商蘋果電子股份有限公司台灣分公司,54393468,"3,067.673","18,891.637","21,959.31",桃園市,光電材料及元件製造業,325台灣桃園市龍潭區龍園十路55號,24.8874319,121.1857539
110,H5100952,新光合成纖維股份有限公司中壢廠 ,7435515,"112,287.855","179,598.307","291,886.162",桃園市,紡紗業,324台灣桃園市平鎮區延平路三段223號,24.9378588,121.2023161
110,H5103604,全新光電科技股份有限公司平鎮廠,97170472,532.799,"10,582.924","11,115.723",桃園市,光電材料及元件製造業,324台灣桃園市平鎮區工業一路16號,24.9056519,121.203415
110,H5200215,永豐餘工業用紙股份有限公司新屋廠,27719048,"636,584.833","49,514.825","686,099.658",桃園市,其他紙製品製造業,327台灣桃園市新屋區永福路281號,24.9810267,121.0400091
110,H5200617,聯成鋼鐵股份有限公司桃園廠,22822748,"31,299.266","66,811.747","98,111.013",桃園市,鋼鐵製造業,327台灣桃園市新屋區中華路996號,24.9887508,121.1034125
110,H5300078,亞東石化股份有限公司,22318678,"63,363.07","36,242.429","99,605.499",桃園市,化學原材料製造業,328台灣桃園市觀音區工業七路2號,25.0477421,121.1107732
110,H5300210,遠東新世紀股份有限公司觀音化纖廠,3522600,"139,133.989","97,677.67","236,811.659",桃園市,人造纖維製造業,328台灣桃園市觀音區經建六路3號,25.062973,121.116956
110,H5300425,錦美紙業股份有限公司觀音廠,34175598,"33,343.281","17,826.402","51,169.683",桃園市,紙漿、紙及紙板製造業,328台灣觀音區榮工北路10號,25.0588495,121.1289161
110,H5300916,台灣玻璃工業股份有限公司桃園廠,11914002,"44,135.587","63,459.677","107,595.264",桃園市,玻璃及其製品製造業,328台灣桃園市觀音區經建五路1號,25.0604724,121.1143722
110,H5301548,富順纖維工業股份有限公司觀音廠,7407200,"32,092.803","6,938.618","39,031.421",桃園市,染整業,337053台灣桃園市大園區大工路126號,25.0739522,121.1767528
110,H5307960,台灣電力股份有限公司大潭發電廠,3795904,"10,967,884.4","2,517.434","10,970,401.834",桃園市,電力供應業,328台灣桃園市觀音區電廠路1號,25.0309103,121.051866
110,H53A0675,東和鋼鐵企業股份有限公司桃園廠,75280209,"71,779.561","362,101.786","433,881.347",桃園市,鋼鐵製造業,328台灣桃園市觀音區保障里8鄰草漯116號,25.0694825,121.1394918
110,H53A2562,華亞汽電股份有限公司觀音公用廠,70783006,"184,509.233","3,916.857","188,426.09",桃園市,電力供應業,328台灣桃園市觀音區工業七路3號,25.04899,121.108374
110,H53A3580,亞東石化股份有限公司觀音二廠,22318678,"202,755.769","79,330.704","282,086.473",桃園市,化學原材料製造業,328台灣桃園市觀音區工業七路2號,25.0477421,121.1107732
110,H53A6138,東齊染整股份有限公司,54796568,"25,808.614","6,808.893","32,617.507",桃園市,染整業,328台灣桃園市觀音區新華路二段225號,25.0058704,121.1303886
110,H53A6653,台灣科慕股份有限公司觀音廠,24548079,"134,945.222","174,411.836","309,357.058",桃園市,化學原材料製造業,328台灣桃園市觀音區成功路二段566號,25.0450803,121.1063443
110,H53B8032,中華紙漿股份有限公司觀音廠,94025264,"6,889.951","3,405.821","10,295.772",桃園市,塑膠製品製造業,328台灣桃園市觀音區國瑞路16號,25.0600485,121.110776
110,J5500366,正隆股份有限公司竹北廠,33085508,"66,179.418","64,526.734","130,706.152",新竹縣,其他紙製品製造業,302台灣新竹縣竹北市長青路二段300號,24.8599588,120.9632033
110,J5500526,東華合纖股份有限公司新竹廠,11083148,13.711,786.405,800.116,新竹縣,人造纖維製造業,302台灣新竹縣竹北市中華路1005號,24.8499562,121.0043688
110,J5601064,新桃電力股份有限公司,16596337,"987,551.51","6,433.76","993,985.27",新竹縣,電力供應業,306台灣新竹縣關西鎮台電新村66號,24.8153621,121.197594
110,J5700222,遠東新世紀股份有限公司化學纖維總廠,3522600,"383,508.377","131,282.237","514,790.614",新竹縣,人造纖維製造業,305台灣新竹縣新埔鎮文山路亞東段369號,24.8252143,121.0577843
110,J5700231,大享容器工業股份有限公司,46007218,"79,979.376","20,888.546","100,867.922",新竹縣,玻璃及其製品製造業,305台灣新竹縣新埔鎮文山路犂頭山段1118號,24.8344204,121.0271184
110,J5800941,財團法人工業技術研究院,2750963,134.642,"5,526.645","5,661.287",新竹縣,綜合研究發展服務業,30011台灣新竹市東區光復路二段321號,24.8003599,120.9879606
110,J5901658,長春人造樹脂廠股份有限公司新竹廠,11384708,"363,811.944","17,956.502","381,768.446",新竹縣,塑膠及合成橡膠原料製造業,303台灣新竹縣湖口鄉中華路8號,24.8672478,121.0068787
110,J5905432,艾克爾先進科技股份有限公司,16847968,"2,528.381","12,058.006","14,586.387",新竹縣,半導體製造業,303台灣新竹縣湖口鄉光復北路39號,24.8742817,121.0307593
110,J5909823,帆宣系統科技股份有限公司,23145632,47.377,817.731,865.108,新竹縣,其他專用機械設備製造業,305台灣新竹縣新埔鎮文山路犂頭山段186號,24.8303917,121.0405646
110,J59A1577,辛耘企業股份有限公司,30901647,811.423,"9,785.988","10,597.411",新竹縣,其他專用機械設備製造業,303台灣新竹縣湖口鄉中華路16號,24.869372,121.008232
110,J6203071,台星科股份有限公司,70552666,"3,912.655","28,192.899","32,105.554",新竹縣,其他電子零組件製造業,307台灣新竹縣芎林鄉鹿寮坑176之5號,24.7439205,121.1362063
110,J6300146,漢磊科技股份有限公司創新廠 ,47299902,"5,195.469","7,875.842","13,071.311",新竹縣,半導體製造業,30076台灣新竹市東區科學園區新竹縣寶山鄉創新一路18號1樓,24.777619,120.996058
110,J6300155,台灣高技股份有限公司,22099343,412.127,"4,103.354","4,515.481",新竹縣,其他電子零組件製造業,330台灣桃園市桃園區興邦路43巷3號,24.9801394,121.3279995
110,J6300299,漢磊科技股份有限公司研發廠 ,47299902,"19,144.828","24,914.939","44,059.767",新竹縣,半導體製造業,30076台灣新竹市東區科學園區新竹縣寶山鄉創新一路18號1樓,24.777619,120.996058
110,J6300324,台灣積體電路製造股份有限公司三廠3E廠,22099131,"10,273.571","65,699.641","75,973.212",新竹縣,半導體製造業,308台灣新竹縣寶山鄉研新一路9號,24.7752198,120.9902335
110,J6300557,台灣積體電路製造股份有限公司二廠,22099131,"66,962.268","77,505.901","144,468.169",新竹縣,半導體製造業,308台灣新竹縣寶山鄉園區三路121號,24.7729556,120.9988381
110,J6300959,世界先進積體電路股份有限公司晶圓一廠,84149358,"98,002.597","116,715.771","214,718.368",新竹縣,半導體製造業,308台灣新竹縣寶山鄉園區三路123號,24.7755954,120.9962272
110,J6301107,台灣積體電路製造股份有限公司三廠,22099131,"122,926.956","169,323.533","292,250.489",新竹縣,半導體製造業,308台灣新竹縣寶山鄉研新一路9號,24.7752198,120.9902335
110,J6301447,台灣積體電路製造股份有限公司五廠,22099131,"66,121.694","95,986.138","162,107.832",新竹縣,半導體製造業,308台灣新竹縣寶山鄉園區三路121號,24.7742653,120.9981518
110,J63A0048,聯華電子股份有限公司Fab8S廠,47217677,"31,098.171","73,881.35","104,979.521",新竹縣,半導體製造業,300台灣新竹縣寶山鄉研新一路16號,24.7749701,120.9938198
110,J63A0107,台灣積體電路製造股份有限公司十二廠研新廠,22099131,"59,696.664","137,682.1","197,378.764",新竹縣,半導體製造業,308台灣新竹縣寶山鄉園區二路188號,24.7682233,121.0145867
110,J63A1056,台灣積體電路製造股份有限公司十二廠四期/五期,22099131,"45,402.067","308,368.488","353,770.555",新竹縣,半導體製造業,308台灣新竹縣寶山鄉園區二路168號,24.7702397,121.0123147
110,J63A1591,台灣積體電路製造股份有限公司十二廠六期 ,22099131,"28,038.637","243,805.738","271,844.375",新竹縣,半導體製造業,308台灣新竹縣寶山鄉園區二路166號,24.7713146,121.0111965
110,J63A1670,台灣積體電路製造股份有限公司十二廠七期,22099131,"54,587.188","377,577.014","432,164.202",新竹縣,半導體製造業,308台灣新竹縣寶山鄉園區二路188號,24.7682233,121.0145867
110,J63A1719,聯穎光電股份有限公司竹科廠,53170263,"18,985.415","37,877.306","56,862.721",新竹縣,半導體製造業,308台灣新竹縣寶山鄉創新一路10號,24.7764668,120.9976736
110,K6801089,長春石油化學股份有限公司苗栗廠,11384806,"1,404,921.713","75,972.529","1,480,894.242",苗栗縣,未分類其他化學製品製造業,360台灣苗栗縣苗栗市宜春路245號,24.5932743,120.8104072
110,K6801123,長春石油化學股份有限公司苗栗二廠,11384806,"111,178.842","1,152,321.442","1,263,500.284",苗栗縣,化學原材料製造業,360台灣苗栗縣苗栗市宜春路245號,24.5932743,120.8104072
110,K7000504,臺鹽實業股份有限公司通霄精鹽廠,89397503,"22,897.293",969.94,"23,867.233",苗栗縣,其他食品製造業,357台灣苗栗縣通霄鎮122號,24.55595,120.7035792
110,K7000513,建順煉鋼股份有限公司,55695790,"36,880.295","102,663.264","139,543.559",苗栗縣,鋼鐵製造業,357台灣苗栗縣通霄鎮五北里68之4號,24.4722161,120.6696128
110,K7000764,台灣電力股份有限公司通霄發電廠,3795904,"9,976,606.485",964.194,"9,977,570.679",苗栗縣,電力供應業,357台灣苗栗縣通霄鎮海濱路1-31號,24.489653,120.673746
110,K7104025,群創光電股份有限公司T1廠,12800225,"7,621.025","135,093.728","142,714.753",苗栗縣,光電材料及元件製造業,350台灣苗栗縣竹南鎮科中路12號,24.7095333,120.9162947
110,K71A1370,群創光電股份有限公司T2廠,12800225,"19,803.618","238,930.165","258,733.783",苗栗縣,光電材料及元件製造業,350台灣苗栗縣竹南鎮科學路160號,24.7144072,120.9146606
110,K71A2695,群創光電股份有限公司T3廠,12800225,"14,847.187","93,876.313","108,723.5",苗栗縣,光電材料及元件製造業,350台灣苗栗縣竹南鎮科中路12號,24.7095333,120.9162947
110,K71A8772,力晶積成電子製造股份有限公司8B,28112667,"3,539.743","36,099.636","39,639.379",苗栗縣,半導體製造業,350台灣苗栗縣竹南鎮科北二路6號,24.7093134,120.9202222
110,K7200933,華夏海灣塑膠股份有限公司頭份廠,11686106,"48,304.257","90,796.642","139,100.899",苗栗縣,化學原材料製造業,351台灣苗栗縣頭份市民族路571號,24.6851829,120.8895549
110,K7201001,中國石油化學工業開發股份有限公司頭份廠,3084741,"982,969.749","17,195.242","1,000,164.991",苗栗縣,化學原材料製造業,351台灣苗栗縣頭份市自強路二段217號,24.6822518,120.8923886
110,k8000366,立安東化工股份有限公司三義廠,20939460,"84,685.458","17,289.882","101,975.34",苗栗縣,化學原材料製造業,367台灣苗栗縣三義鄉99號,24.3507679,120.7410567
110,K8100129,東和鋼鐵企業股份有限公司苗栗廠,75280209,"117,211.755","296,515.71","413,727.465",苗栗縣,鋼鐵製造業,36842台灣苗栗縣西湖鄉22號,24.5692351,120.7394317
110,K8201149,冠軍建材股份有限公司第二廠,49701774,"61,346.461","27,583.321","88,929.782",苗栗縣,耐火、黏土建材及其他陶瓷製品製造業,361台灣苗栗縣造橋鄉乳姑山2號,24.6250076,120.8527989
110,L0200473,台灣電力股份有限公司台中發電廠,3795904,"27,429,097.61","49,264.899","27,478,362.509",臺中市,電力供應業,434台灣臺中市龍井區龍昌路1號,24.2145358,120.4921722
110,L0200633,中龍鋼鐵股份有限公司,84613756,"9,445,934.463","166,104.02","9,612,038.483",臺中市,鋼鐵製造業,434台灣臺中市龍井區龍昌路100號,24.2293309,120.501457
110,L02A0301,中聯資源股份有限公司台中廠,86119908,"31,553.516","25,096.701","56,650.217",臺中市,其他非金屬礦物製品製造業,434台灣臺中市龍井區南堤路2號,24.2269716,120.4794207
110,L8801052,廣源造紙股份有限公司台中廠,50301500,"127,703.822","48,425.446","176,129.268",臺中市,紙漿、紙及紙板製造業,437台灣臺中市大甲區工一路1號,24.4116758,120.6442857
110,L8900676,永豐餘消費品實業股份有限公司清水廠,22327037,"43,712.248","29,739.241","73,451.489",臺中市,其他紙製品製造業,436台灣臺中市清水區舊庄路258號,24.2974958,120.6327659
110,L8901039,中聯油脂股份有限公司,89480404,"31,402.942","16,260.251","47,663.193",臺中市,動植物油脂製造業,436台灣臺中市清水區北堤路1-8號,24.2919085,120.5243227
110,L9000666,味丹企業股份有限公司沙鹿第一工廠,56121907,"68,008.31","15,676.057","83,684.367",臺中市,其他食品製造業,433台灣臺中市沙鹿區興安路65號,24.228647,120.549604
110,L9100198,台灣玻璃工業股份有限公司台中廠,11914002,"101,413.127","19,216.379","120,629.506",臺中市,玻璃及其製品製造業,435台灣臺中市梧棲區自強路377號,24.2372238,120.5217875
110,L9100563,台灣玻璃工業股份有限公司台中廠平板三場,11914002,"40,304.006","23,938.474","64,242.48",臺中市,玻璃及其製品製造業,435台灣臺中市梧棲區自強路377號,24.2372238,120.5217875
110,L9101748,中美和石油化學股份有限公司台中廠,14040691,"168,789.61","25,767.312","194,556.922",臺中市,化學原材料製造業,435台灣臺中市梧棲區草湳里南堤路2段89號,24.2613362,120.4966377
110,L9200693,正隆股份有限公司后里分公司,33085508,"858,803.718","33,803.504","892,607.222",臺中市,紙漿、紙及紙板製造業,421台灣臺中市后里區三豐路三段2號,24.2845555,120.723059
110,L9200728,豐興鋼鐵股份有限公司,55389357,"284,289.212","558,878.949","843,168.161",臺中市,鋼鐵製造業,421台灣臺中市后里區甲后路一段998號,24.3108348,120.710959
110,L9202099,台灣美光記憶體股份有限公司台中一廠,28518076,"146,437.96","680,184.998","826,622.958",臺中市,半導體製造業,421台灣臺中市后里區三豐路四段369號,24.3185835,120.7247905
110,L92A0931,友達光電股份有限公司后里廠,84149738,"7,118.967","342,857.564","349,976.531",臺中市,光電材料及元件製造業,421台灣臺中市后里區馬場路1號,24.2954401,120.7268487
110,L9506056,華邦電子股份有限公司中科廠,22099218,"38,760.434","281,150.426","319,910.86",臺中市,半導體製造業,428台灣臺中市大雅區科雅一路8號,24.211258,120.6187403
110,L95A2041,台灣積體電路製造股份有限公司15廠,22099131,"252,137.171","848,841.82","1,100,978.991",臺中市,半導體製造業,428台灣臺中市大雅區科雅六路1號,24.2117205,120.6166094
110,N0803765,台灣玻璃工業股份有限公司鹿港廠 ,11914002,"42,166.743","94,003.013","136,169.756",彰化縣,玻璃及其製品製造業,505台灣彰化縣鹿港鎮鹿工路52號,24.0772777,120.388258
110,N08A1098,台灣玻璃工業股份有限公司鹿港平板廠,11914002,"131,403.994","16,292.808","147,696.802",彰化縣,玻璃及其製品製造業,505台灣彰化縣鹿港鎮鹿工路52號,24.0772777,120.388258
110,N1400562,榮成紙業股份有限公司,34202841,"241,573.733","271,612.216","513,185.949",彰化縣,紙漿、紙及紙板製造業,526台灣彰化縣二林鎮廣興巷1-1號,23.8653186,120.3620492
110,N14A1507,榮成紙業股份有限公司蒸汽廠,34202841,"252,429.052","3,243.218","255,672.27",彰化縣,紙漿、紙及紙板製造業,526台灣彰化縣二林鎮廣興巷1-1號,23.8653186,120.3620492
110,N1504207,星能電力股份有限公司,70783765,"1,009,006.4","3,734.024","1,012,740.424",彰化縣,電力供應業,507台灣彰化縣線西鄉線工南二路2號,24.126898,120.4307108
110,N1505633,星元電力股份有限公司,27945086,"615,250.077","2,915.552","618,165.629",彰化縣,電力供應業,507台灣彰化縣線西鄉慶安南二路2號,24.1281484,120.4209471
110,N1601229,慶欣欣鋼鐵股份有限公司,80354671,"142,387.55","229,822.051","372,209.601",彰化縣,其他金屬製品製造業,509台灣彰化縣伸港鄉工西二路2號,24.1686451,120.5061652
110,N1601854,獻麒紡織工業股份有限公司,22474430,"23,298.645","5,387.052","28,685.697",彰化縣,染整業,509台灣彰化縣伸港鄉工八路9號,24.1714588,120.5069935
110,N1607141,台灣鋼聯股份有限公司,89528054,"71,774.809","9,665.337","81,440.146",彰化縣,化學原材料製造業,50953台灣彰化縣伸港鄉線工北一路36號,24.1545395,120.4511077
110,N2100552,正新橡膠工業股份有限公司 ,59504506,"29,922.574","38,972.705","68,895.279",彰化縣,橡膠製品製造業,515台灣彰化縣大村鄉美港路215號,23.9828825,120.5749074
110,N2902234,力麗企業股份有限公司彰化化纖總廠,7663290,"130,276.702","61,173.787","191,450.489",彰化縣,人造纖維製造業,528台灣彰化縣芳苑鄉工業路38號,23.923622,120.3551431
110,N2904318,力鵬企業股份有限公司彰化尼龍總廠,33955322,"30,830.954","124,530.806","155,361.76",彰化縣,人造纖維製造業,528台灣彰化縣芳苑鄉工業路33號,23.9210974,120.3538421
110,O1700798,元隆電子股份有限公司,22099174,"60,264.443","20,107.598","80,372.041",新竹市,半導體製造業,300台灣新竹市東區研發二路14號,24.778291,121.0023453
110,O1701115,漢磊科技股份有限公司研新廠,47299902,"19,876.358","8,963.128","28,839.486",新竹市,半導體製造業,30076台灣新竹市東區科學園區新竹縣寶山鄉創新一路18號1樓,24.777619,120.996058
110,O1703315,華夏玻璃股份有限公司,47109348,"90,332.229","27,972.808","118,305.037",新竹市,玻璃及其製品製造業,300台灣新竹市香山區埔前路49號,24.7957197,120.9383569
110,O1703351,台灣玻璃工業股份有限公司新竹廠,11914002,"124,330.669","44,627.491","168,958.16",新竹市,玻璃及其製品製造業,300台灣新竹市香山區中華路四段470號,24.7911338,120.9373214
110,O1704787,旺宏電子股份有限公司晶圓一廠,22099548,"10,759.547","17,058.728","27,818.275",新竹市,半導體製造業,300台灣新竹市東區力行路19號,24.7654899,121.0240148
110,O1704812,台灣茂矽電子股份有限公司,22099110,"160,285.06","49,918.936","210,203.996",新竹市,半導體製造業,300台灣新竹市東區研新一路1號,24.7765338,120.9883338
110,O1706049,元太科技工業股份有限公司,22099890,195.029,"14,718.569","14,913.598",新竹市,光電材料及元件製造業,300台灣新竹市東區力行一路3號元太科技新竹廠A棟,24.770449,121.0186284
110,O1706209,聯華電子股份有限公司Fab8A廠 ,47217677,"108,523.863","119,898.352","228,422.215",新竹市,半導體製造業,300台灣新竹市東區力行二路3號,24.7708157,121.0192901
110,O1706307,旺宏電子股份有限公司晶圓二廠,22099548,"55,736.815","91,985.258","147,722.073",新竹市,半導體製造業,300台灣新竹市東區力行路19號,24.7654899,121.0240148
110,O1706692,聯華電子股份有限公司Fab8E廠,47217677,"39,166.826","77,982.003","117,148.829",新竹市,半導體製造業,300台灣新竹縣寶山鄉研新一路16號,24.7749701,120.9938198
110,O1707395,友達光電股份有限公司L5廠,84149738,"1,062.411","42,714.669","43,777.08",新竹市,光電材料及元件製造業,300台灣新竹市東區力行路23號,24.7606283,121.0208895
110,O1708632,聯華電子股份有限公司Fab8F廠 ,47217677,"40,971.058","85,460.693","126,431.751",新竹市,半導體製造業,300台灣新竹市東區力行二路3號,24.7708157,121.0192901
110,O1709148,聯華電子股份有限公司Fab8D廠,47217677,"154,161.219","167,436.71","321,597.929",新竹市,半導體製造業,300台灣新竹市東區力行二路3號,24.7708157,121.0192901
110,O1709193,友達光電股份有限公司L3B廠,84149738,"1,540.67","18,464.28","20,004.95",新竹市,光電材料及元件製造業,300台灣新竹市東區力行路23號,24.7606283,121.0208895
110,O1709308,台灣積體電路製造股份有限公司十二廠,22099131,"73,931.458","280,744.04","354,675.498",新竹市,半導體製造業,308台灣新竹縣寶山鄉園區二路168號,24.7702397,121.0123147
110,O1713311,台灣積體電路製造股份有限公司八廠,22099131,"113,675.082","185,129.571","298,804.653",新竹市,半導體製造業,300台灣新竹市東區力行路25號,24.7624399,121.01981
110,o1745831,敦南科技股份有限公司新竹分公司廠,12800750,"72,772.13","23,339.89","96,112.02",新竹市,半導體製造業,300台灣新竹市東區竹村三路24號,24.7778901,121.0089957
110,O1749526,采鈺科技股份有限公司,80601119,"7,721.774","36,560.086","44,281.86",新竹市,其他電子零組件製造業,"No. 12號, No. 12篤行一路東區新竹市台灣 300",24.7735196,121.0232457
110,O1751197,世界先進積體電路股份有限公司晶圓二廠,84149358,"89,973.57","139,155.09","229,128.66",新竹市,半導體製造業,300台灣新竹市東區力行路9號,24.7714636,121.0281827
110,O1753306,力晶積成電子製造股份有限公司8A ,28112667,"33,392.351","88,178.508","121,570.859",新竹市,半導體製造業,300台灣新竹市東區力行一路18號4樓,24.7681886,121.0170081
110,O17A0968,新唐科技股份有限公司,28112646,"37,743.749","37,251.332","74,995.081",新竹市,半導體製造業,300台灣新竹市東區研新三路4號三樓,24.7792616,120.9906641
110,O17A6887,旺宏電子股份有限公司晶圓五廠,22099548,"82,011.614","134,804.863","216,816.477",新竹市,半導體製造業,300台灣新竹市東區力行路19號,24.7654899,121.0240148
110,O17K7818,力晶積成電子製造股份有限公司8AD,28112667,308.242,"6,897.373","7,205.615",新竹市,半導體製造業,300台灣新竹市東區力行一路18號4樓,24.7681886,121.0170081
110,O17M3896,力晶積成電子製造股份有限公司P3,28112667,"17,301.419","146,650.505","163,951.924",新竹市,半導體製造業,300台灣新竹市東區力行路16-1號,24.7669451,121.0243215
110,O17M3925,力晶積成電子製造股份有限公司P1/2 ,28112667,"40,453.733","300,306.579","340,760.312",新竹市,半導體製造業,300台灣新竹市東區力行一路12號,24.7698161,121.01764
110,P4600987,福懋興業股份有限公司,14001199,"237,411.143","40,562.006","277,973.149",雲林縣,染整業,640台灣雲林縣斗六市石榴路317號,23.7272352,120.5880423
110,P4602758,富喬工業股份有限公司,16834268,"35,938.25","57,216.263","93,154.513",雲林縣,其他非金屬礦物製品製造業,640台灣雲林縣斗六市斗工十六路8號,23.7098924,120.5965904
110,P46A0693,艾杰旭顯示玻璃股份有限公司斗六二廠 ,70584724,"81,157.029","152,745.606","233,902.635",雲林縣,玻璃及其製品製造業,640台灣雲林縣斗六市科工八路8號,23.7232951,120.515006
110,P48A0851,富喬工業股份有限公司雲林分公司,16834268,"38,752.728","43,557.37","82,310.098",雲林縣,玻璃及其製品製造業,640台灣雲林縣斗六市斗工十六路8號,23.7098924,120.5965904
110,P5500191,合眾紙業股份有限公司林內廠,4380087,"36,494.27","28,399.546","64,893.816",雲林縣,紙漿、紙及紙板製造業,643台灣雲林縣林內鄉瑞農65號,23.7670948,120.6046704
110,P5801513,南亞塑膠工業股份有限公司麥寮總廠,75370905,"329,757.158","954,754.424","1,284,511.582",雲林縣,化學原材料製造業,638台灣雲林縣麥寮鄉中山高速公路,23.79864,120.21748
110,P5801602,台灣塑膠工業股份有限公司麥寮廠 ,75708007,"478,205.214","3,866,387.402","4,344,592.616",雲林縣,未分類其他化學製品製造業,638台灣雲林縣麥寮鄉台塑工業園區1號,23.8002145,120.2157963
110,P5801719,麥寮汽電股份有限公司,96975970,"8,681,846.738","1,565.478","8,683,412.216",雲林縣,電力供應業,638台灣雲林縣麥寮鄉7號,23.8041865,120.1914995
110,P5801728,台塑石化股份有限公司麥寮二廠,86522210,"4,524,696.591","152,024.564","4,676,721.155",雲林縣,未分類其他化學製品製造業,638台灣雲林縣麥寮鄉工業路17號,23.7771766,120.1874829
110,P5801773,台灣化學纖維股份有限公司麥寮廠,58650902,"563,628.717","1,097,523.549","1,661,152.266",雲林縣,化學原材料製造業,"638台灣雲林縣麥寮鄉5號, 台 塑 工業 園區",23.8136467,120.2098154
110,P5802092,台灣化學纖維股份有限公司海豐廠,58650902,"1,268,787.036","1,959,465.513","3,228,252.549",雲林縣,化學原材料製造業,638台灣雲林縣麥寮鄉638,23.761906,120.1759649
110,P5802421,台塑石化股份有限公司麥寮一廠,86522210,"14,558,251.47",,"14,558,251.47",雲林縣,化學原材料製造業,638台灣雲林縣麥寮鄉中山高速公路,23.79864,120.21748
110,P5802430,台塑石化股份有限公司麥寮三廠,86522210,"7,399,772.937","46,069.401","7,445,842.338",雲林縣,未分類其他化學製品製造業,638台灣雲林縣麥寮鄉麥寮鄉台塑工業園區39號,23.762269,120.187877
110,P5805244,南亞塑膠工業股份有限公司海豐總廠,75370905,"362,547.351","1,215,224.433","1,577,771.784",雲林縣,化學原材料製造業,"638台灣雲林縣麥寮鄉42號, 台塑工業園區",23.7737178,120.1913452
110,Q6900821,上評科技實業股份有限公司嘉義廠,23667505,"25,017.872","16,110.257","41,128.129",嘉義縣,紙漿、紙及紙板製造業,621台灣嘉義縣民雄鄉工業一路10號,23.5190922,120.426951
110,Q6901613,福隆玻璃纖維股份有限公司,22663571,"23,155.476","31,986.782","55,142.258",嘉義縣,其他非金屬礦物製品製造業,621台灣嘉義縣民雄鄉中華路89號,23.526617,120.456131
110,Q6907286,嘉惠電力股份有限公司,96976990,"1,578,617.098","12,525.055","1,591,142.153",嘉義縣,電力供應業,62148台灣嘉義縣民雄鄉松山村松子腳688號,23.5317971,120.4726806
110,Q7100245,台灣必成股份有限公司新港廠,22662355,"68,854.053","188,720.353","257,574.406",嘉義縣,玻璃及其製品製造業,616台灣嘉義縣新港鄉2-1號,23.5111242,120.3695728
110,Q7100254,台灣化學纖維股份有限公司新港廠,58650902,"2,213,659.857","67,900.824","2,281,560.681",嘉義縣,人造纖維製造業,616002台灣嘉義縣新港鄉1號,23.5221981,120.3825302
110,Q7100272,南亞塑膠工業股份有限公司新港廠,75370905,"47,668.144","973,018.59","1,020,686.734",嘉義縣,塑膠製品製造業,616台灣嘉義縣新港鄉三間厝38號,23.5216367,120.3824802
110,Q7600375,南亞塑膠工業股份有限公司嘉義廠,75370905,"332,041.974","5,223.562","337,265.536",嘉義縣,塑膠製品製造業,612台灣嘉義縣太保市北港路二段201號,23.4970118,120.3783989
110,Q76A0767,曜智實業股份有限公司嘉義廠,12617727,"23,941.946","5,630.4","29,572.346",嘉義縣,染整業,612台灣嘉義縣太保市中興路11號,23.5085886,120.3592999
110,R0300606,得力實業股份有限公司,73686632,"39,072.478","33,459.152","72,531.63",臺南市,染整業,744台灣臺南市新市區復興路820號,23.1047554,120.2949128
110,R0301603,宏捷科技股份有限公司南科大利廠,16130423,"18,544.832","17,861.217","36,406.049",臺南市,半導體製造業,744台灣臺南市新市區大利一路6號,23.1079748,120.2797648
110,R0304131,聯華電子股份有限公司Fab12A廠 ,47217677,"72,376.816","419,393.343","491,770.159",臺南市,半導體製造業,744台灣臺南市新市區南科二路18號,23.0956627,120.2790714
110,R0305156,瀚宇彩晶南科TFT-LCD三廠,16450500,"105,105.001","219,422.25","324,527.251",臺南市,光電材料及元件製造業,741台灣臺南市新市區南科二路35號,23.09469,120.2800349
110,R03A0450,群創光電股份有限公司樹谷分公司,12800225,"41,755.805","413,617.837","455,373.642",臺南市,光電材料及元件製造業,74148台灣臺南市新市區紫楝路21號,23.1007961,120.2624638
110,R03A1894,群創光電股份有限公司B廠,12800225,"83,134.467","464,928.371","548,062.838",臺南市,光電材料及元件製造業,741台灣臺南市善化區南科八路12號B棟,23.1154249,120.2762664
110,R03A1903,群創光電股份有限公司A廠,12800225,"16,469.127","60,571.212","77,040.339",臺南市,光電材料及元件製造業,744台灣臺南市新市區奇業路1號,23.0875622,120.2815577
110,R03A1913,群創光電股份有限公司D廠 ,12800225,"60,103.876","696,147.304","756,251.18",臺南市,光電材料及元件製造業,744台灣臺南市新市區環西路一段3號,23.090312,120.277275
110,R0500240,宏遠興業股份有限公司,22817999,"75,930.544","63,489.514","139,420.058",臺南市,染整業,743台灣臺南市山上區256號,23.1133126,120.3422775
110,R0503072,森霸電力股份有限公司,70783499,"2,116,205.828","2,924.098","2,119,129.926",臺南市,電力供應業,743台灣臺南市山上區66號,23.0842713,120.3559143
110,R1001719,臺南紡織股份有限公司仁德廠,68919301,"35,216.045","26,261.957","61,478.002",臺南市,紡紗業,717台灣臺南市仁德區中正路二段1034巷6號,22.9642474,120.2559933
110,R1002065,奇美實業股份有限公司,68387705,"170,065.963","283,016.564","453,082.527",臺南市,塑膠及合成橡膠原料製造業,717台灣臺南市仁德區中正路一段398號,22.9272249,120.2431587
110,R1002547,豐年豐和企業股份有限公司上崙一廠,16635562,"29,299.088","9,594.854","38,893.942",臺南市,動植物油脂製造業,717台灣臺南市仁德區崑崙路201號,22.9328505,120.2508391
110,R10A3047,奇美實業股份有限公司旭美廠,68387705,"203,204.245","35,407.321","238,611.566",臺南市,塑膠及合成橡膠原料製造業,717台灣臺南市仁德區中正路一段398號,22.9272249,120.2431587
110,R1412418,統一實業股份有限公司二廠,73252657,"44,109.653","85,311.649","129,421.302",臺南市,金屬加工處理業,710台灣臺南市永康區中正北路837號,23.0505581,120.2667841
110,R14A1883,易昇鋼鐵股份有限公司,28098406,"27,973.815","110,071.046","138,044.861",臺南市,鋼鐵製造業,710台灣臺南市永康區正南一街200號,23.0281573,120.2250601
110,R8400827,榮剛材料科技股份有限公司新營廠,84252697,"70,809.37","70,155.504","140,964.874",臺南市,鋼鐵製造業,730台灣臺南市新營區新中路35號,23.3016583,120.2809331
110,R8500582,華新麗華股份有限公司鹽水廠,35412204,"99,749.45","164,719.986","264,469.436",臺南市,鋼鐵製造業,737台灣臺南市鹽水區3之10號,23.3340512,120.2905244
110,R9001677,台灣積體電路製造股份有限公司十四廠,22099131,"284,917.942","723,144.444","1,008,062.386",臺南市,半導體製造業,741台灣臺南市善化區南科北路1號,23.1145277,120.2743889
110,R9004230,台灣積體電路製造股份有限公司六廠,22099131,"167,996.305","191,868.514","359,864.819",臺南市,半導體製造業,744台灣臺南市新市區南科北路1號,23.1100289,120.2735232
110,R90A1360,台灣積體電路製造股份有限公司先進封裝廠,22099131,"28,314.915","98,600.416","126,915.331",臺南市,半導體製造業,741台灣臺南市善化區南科北路1之1號,23.1098041,120.2712618
110,R90A1469,群創光電股份有限公司C廠 ,12800225,176.97,"29,792.023","29,968.993",臺南市,光電材料及元件製造業,741台灣臺南市善化區南科八路12號B棟,23.1154249,120.2762664
110,R90A1716,群創光電股份有限公司觸控南科廠,12800225,.11,"2,162.959","2,163.069",臺南市,光電材料及元件製造業,741台灣臺南市善化區南科八路12號B棟,23.1154249,120.2762664
110,R9100522,東盟開發實業股份有限公司學甲廠,88121697,"29,175.157","37,128.089","66,303.246",臺南市,鋼鐵製造業,726台灣臺南市學甲區754C+V4,23.2571395,120.1702826
110,R9701341,威致鋼鐵工業股份有限公司官田廠,69771636,"104,751.161","206,414.566","311,165.727",臺南市,鋼鐵製造業,720台灣臺南市官田區南廍123號,23.2262982,120.3104239
110,R9701850,官田鋼鐵股份有限公司官田廠,72065240,52.857,"3,084.056","3,136.913",臺南市,金屬加工處理業,72046台灣臺南市官田區119-5號,23.2183221,120.3061311
110,R9702160,台灣汽電共生股份有限公司官田廠,86685142,"378,803.467","3,195.706","381,999.173",臺南市,電力供應業,720台灣臺南市官田區工業西路28號,23.2107951,120.3201115
110,S1601990,燁聯鋼鐵股份有限公司,23218395,"298,140.172","407,616.602","705,756.774",高雄市,鋼鐵製造業,820台灣高雄市岡山區興隆街600號,22.8309261,120.3005934
110,S1602102,中鴻鋼鐵股份有限公司熱軋廠,7838854,"147,756.051","122,174.809","269,930.86",高雄市,鋼鐵製造業,820台灣高雄市岡山區興隆街576號,22.82647,120.29961
110,S1900283,和益化學工業股份有限公司,4312878,"67,429.008","23,308.002","90,737.01",高雄市,化學原材料製造業,832台灣高雄市林園區石化三路9號,22.4876543,120.4058487
110,S1900372,台灣氯乙烯工業股份有限公司林園廠,19084015,"120,403.927","78,746.652","199,150.579",高雄市,化學原材料製造業,832台灣高雄市林園區工業一路1號,22.499011,120.4069092
110,S1900612,聯成化學科技股份有限公司林園廠,4748660,"28,627.81","11,081.868","39,709.678",高雄市,化學原材料製造業,832台灣高雄市林園區工業二路3號,22.5030674,120.4136687
110,S1900658,台灣苯乙烯工業股份有限公司高雄廠,20844865,"331,800.814","33,901.945","365,702.759",高雄市,化學原材料製造業,832台灣高雄市林園區工業一路7號,22.5073491,120.405701
110,S1900685,台灣塑膠工業股份有限公司林園廠,75708007,"677,079.08","117,960.954","795,040.034",高雄市,化學原材料製造業,832台灣高雄市林園區石化一路1號,22.5075475,120.4118101
110,S1900694,台灣石化合成股份有限公司林園廠,30974253,"29,745.11","105,494.821","135,239.931",高雄市,未分類其他化學製品製造業,832台灣高雄市林園區工業二路1號,22.4988619,120.4144485
110,S1900710,台灣中油股份有限公司石化事業部,3707901,"2,110,835.085","99,430.031","2,210,265.116",高雄市,化學原材料製造業,832台灣高雄市林園區石化二路3號,22.4986779,120.406679
110,S1901002,合興石化工業股份有限公司林園廠,23531178,"29,293.124","33,459.374","62,752.498",高雄市,未分類其他化學製品製造業,832台灣高雄市林園區工業二路1號,22.4988619,120.4144485
110,S1901066,信昌化學工業股份有限公司林園廠,86120031,"173,800.007","98,488.558","272,288.565",高雄市,化學原材料製造業,832台灣高雄市林園區工業三路9號,22.4970261,120.4150045
110,S2001314,長春石油化學股份有限公司大發廠,11384806,"599,425.593","11,363.323","610,788.916",高雄市,蒸汽供應業,831台灣高雄市大寮區建業路11號,22.5710517,120.4276788
110,S2005081,長春人造樹脂廠股份有限公司大發廠 ,11384708,"342,740.967","275,032.753","617,773.72",高雄市,化學原材料製造業,831台灣高雄市大寮區華西路8號,22.5751524,120.4229687
110,S2005652,大連化學工業股份有限公司大發廠,12233428,"116,839.014","794,447.079","911,286.093",高雄市,化學原材料製造業,831台灣高雄市大寮區華西路8之1號,22.5748121,120.4256747
110,S2015916,長春人造樹脂廠股份有限公司大發二廠,11384708,"81,930.879","331,172.366","413,103.245",高雄市,化學原材料製造業,831台灣高雄市大寮區華西路8號,22.5751524,120.4229687
110,S2100223,中華紙漿股份有限公司久堂廠,94025264,"437,753.726","21,595.445","459,349.171",高雄市,紙漿、紙及紙板製造業,840台灣高雄市大樹區久堂路112號,22.6597566,120.4204955
110,S2201092,長春人造樹脂廠股份有限公司高雄廠,11384708,"31,136.737","84,247.23","115,383.967",高雄市,塑膠及合成橡膠原料製造業,814台灣高雄市仁武區工業一路14號,22.7003373,120.34104
110,S2201109,台灣塑膠工業股份有限公司仁武廠,75708007,"2,529,333.511","73,335.091","2,602,668.602",高雄市,化學原材料製造業,814台灣高雄市仁武區水管路100號,22.7057305,120.334949
110,S2300401,中國人造纖維股份有限公司高雄總廠,7066907,"429,277.656","13,586.313","442,863.969",高雄市,化學原材料製造業,815台灣高雄市大社區經建路8號,22.7247531,120.3360897
110,S2300410,中國石油化學工業開發股份有限公司大社廠,3084741,"126,891.678","23,527.68","150,419.358",高雄市,化學原材料製造業,815台灣高雄市大社區經建路1號,22.7258043,120.3403145
110,S2300429,國喬石油化學股份有限公司高雄廠,4212250,"526,801.987","14,238.97","541,040.957",高雄市,石油及煤製品製造業,815台灣高雄市大社區興工路4號,22.7210212,120.341794
110,S2300438,台橡股份有限公司高雄廠 ,3553737,"89,909.924","69,469.613","159,379.537",高雄市,塑膠及合成橡膠原料製造業,815台灣高雄市大社區興工路2號,22.7241632,120.3403621
110,S2300447,高雄塑酯化學工業股份有限公司,85803825,"80,594.002","21,335.401","101,929.403",高雄市,化學原材料製造業,815台灣高雄市大社區興工路1號,22.7240417,120.3410755
110,S2300465,大連化學工業股份有限公司高雄廠,12233428,"33,326.843","60,828.362","94,155.205",高雄市,化學原材料製造業,815台灣高雄市大社區興工路1之3號,22.7202288,120.3424248
110,S2500536,燁輝企業股份有限公司高雄一廠,75947936,"69,156.581","75,099.082","144,255.663",高雄市,金屬加工處理業,825台灣高雄市橋頭區里芋寮路369號,22.7654048,120.2770969
110,S2602473,裕鐵企業股份有限公司岡山二廠,85978401,"41,434.002","48,840.296","90,274.298",高雄市,金屬加工處理業,824台灣高雄市燕巢區安招路,22.7863349,120.3289808
110,S26A0793,裕鐵企業股份有限公司岡山三廠,85978401,"19,718.936","9,216.758","28,935.694",高雄市,金屬加工處理業,824台灣高雄市燕巢區安招路,22.7863349,120.3289808
110,S29A1607,群創光電股份有限公司F廠,12800225,"37,715.896","354,783.042","392,498.938",高雄市,光電材料及元件製造業,821台灣高雄市路竹區路科十路11號,22.8392912,120.2518516
110,S3200688,台灣電力股份有限公司興達發電廠,3795904,"16,230,563.37","20,261.618","16,250,824.988",高雄市,電力供應業,828台灣高雄市永安區興達路6號,22.8564943,120.2004541
110,U0100187,台灣水泥股份有限公司和平分公司和平廠,11913502,"3,664,539.577","150,669.153","3,815,208.73",花蓮縣,水泥及其製品製造業,972台灣花蓮縣秀林鄉和平村263號,24.3031223,121.7514351
110,U0100258,和平電力股份有限公司和平火力發電廠,16096852,"7,530,599.061",333.09,"7,530,932.151",花蓮縣,電力供應業,972台灣花蓮縣秀林鄉和工二路7號,24.3088771,121.7633072
110,U9100978,台灣水泥股份有限公司花蓮廠,11913502,1.856,983.388,985.244,花蓮縣,水泥及其製品製造業,970台灣花蓮縣花蓮市花蓮市華東103號,24.0091191,121.6366762
110,U9400115,亞洲水泥股份有限公司花蓮製造廠,3244509,"2,911,257.305","162,336.6","3,073,593.905",花蓮縣,水泥及其製品製造業,971台灣花蓮縣新城鄉新興路125號,24.1334551,121.6393111
110,U9500478,中華紙漿股份有限公司花蓮廠 ,94025264,"83,099.474","113,581.925","196,681.399",花蓮縣,紙漿、紙及紙板製造業,973台灣花蓮縣吉安鄉光華街100號,23.9312034,121.5839363
110,V7500777,中華紙漿股份有限公司台東廠,94025264,"125,187.428","47,929.552","173,116.98",臺東縣,紙漿、紙及紙板製造業,950台灣臺東縣臺東市中興路四段371號,22.7742055,121.0953973
110,W0404930,台灣電力股份有限公司塔山發電廠夏興分廠,3795904,"1,992.537",,"1,992.537",金門縣,電力供應業,891,24.440549,118.397934
110,W0504775,台灣電力股份有限公司塔山發電廠,3795904,"195,380.597",182.814,"195,563.411",金門縣,電力供應業,893西海路一段2號,24.4143164,118.2821738
110,W0803559,台灣電力股份有限公司塔山發電廠麒麟分廠,3795904,"13,706.851",,"13,706.851",金門縣,電力供應業,894,24.4304034,118.2511793
110,X0501232,台灣電力股份有限公司尖山發電廠,3795904,"278,530.115",266.648,"278,796.763",澎湖縣,電力供應業,880台灣澎湖縣馬公市新生路333號,23.5670483,119.5805389
110,Z6303328,台灣電力(股)公司協和發電廠馬祖珠山分廠-珠山機組 ,3795904,"35,287.731",,"35,287.731",連江縣,電力供應業,2094299之9號,26.1552886,119.9348373
109,B2311535,台灣康寧顯示玻璃股份有限公司,4388145,"43,883","332,030","375,913",臺中市,玻璃及其製品製造業,407台灣臺中市西屯區科園路1號,24.2012912,120.6177527
109,B2313780,友達光電股份有限公司台中廠,84149738,"21,457","1,010,853","1,032,310",臺中市,光電材料及元件製造業,421台灣臺中市后里區馬場路1號,24.2954401,120.7268487
109,B23B6125,台灣積體電路製造股份有限公司十五B廠,22099131,"383,912","1,549,029","1,932,941",臺中市,半導體製造業,407台灣台中市西屯区新科路1號,24.2118688,120.6086166
109,B9100709,華新麗華股份有限公司台中不銹鋼廠,35412204,"38,518","39,808","78,326",臺中市,金屬加工處理業,435台灣臺中市梧棲區經三路57號,24.2469644,120.5116444
109,B9202664,台灣美光記憶體股份有限公司台中二廠,28518076,"5,695","145,567","151,262",臺中市,半導體製造業,421台灣台中市后里区后科南路88號A棟,24.3172929,120.7253056
109,C1400170,台灣電力股份有限公司協和發電廠,3795904,"1,811,033","16,963","1,827,996",基隆市,電力供應業,203台灣基隆市中山區文化路80號,25.1534456,121.7348548
109,C1500291,敦南科技股份有限公司基隆廠,23528103,560,"11,100","11,660",基隆市,其他電子零組件製造業,231台灣新北市新店區寶橋路233之2號9樓,24.979519,121.5518969
109,D0301680,瀚宇彩晶南科觸控感應器廠,16450500,"1,003","47,402","48,405",臺南市,光電材料及元件製造業,741台灣臺南市新市區南科二路35號,23.09469,120.2800349
109,D0302141,聯華電子股份有限公司Fab12A廠第二廠區,47217677,"16,059","132,776","148,835",臺南市,半導體製造業,744台灣臺南市新市區南科二路18號,23.0956627,120.2790714
109,D0402208,台灣積體電路製造股份有限公司十八廠一期,22099131,"77,990","457,412","535,402",臺南市,半導體製造業,745台灣臺南市安定區北園二路20號,23.1179671,120.2627152
109,D0402431,台灣積體電路製造股份有限公司十八廠二期,22099131,"89,429","397,174","486,603",臺南市,半導體製造業,745台灣臺南市安定區北園二路20號,23.1179671,120.2627152
109,D9000120,和鑫光電股份有限公司南科廠,70750217,"36,258","41,706","77,964",臺南市,光電材料及元件製造業,741台灣臺南市善化區北園一路7號,23.1232374,120.2663966
109,D9000746,台灣積體電路製造股份有限公司十四B廠,22099131,"163,408","635,080","798,488",臺南市,半導體製造業,741台灣臺南市善化區南科九路17號,23.1116704,120.2671479
109,D9001225,群創光電股份有限公司觸控模組廠,12800225,71,"18,610","18,681",臺南市,光電材料及元件製造業,741台灣臺南市善化區南科八路12號B棟,23.1154249,120.2762664
109,D9001396,台灣積體電路製造股份有限公司十四B廠七期,22099131,"66,609","306,389","372,998",臺南市,半導體製造業,741台灣臺南市善化區南科九路17號,23.1116704,120.2671479
109,E1902497,林園先進材料科技股份有限公司,42818882,"245,245","11,485","256,730",高雄市,石油及煤製品製造業,832台灣高雄市林園區石化四路1號,22.4863542,120.4087585
109,E2000554,錦州科技股份有限公司大發廠,53520959,"563,196","10,455","573,651",高雄市,蒸汽供應業,831台灣高雄市大寮區華西路8號,22.5751524,120.4229687
109,E2902160,群創光電股份有限公司L6廠,12800225,"16,266","144,704","160,970",高雄市,光電材料及元件製造業,821台灣高雄市路竹區路科十路11號,22.8392912,120.2518516
109,E4900333,台灣中油股份有限公司煉製事業部高雄煉油廠,3707901,308,"17,249","17,557",高雄市,石油及煤製品製造業,812台灣高雄市小港區沿海四路50號,22.5290654,120.3472505
109,E5400878,台灣電力股份有限公司南部發電廠,3795904,"3,316,385","1,453","3,317,838",高雄市,電力供應業,806台灣高雄市前鎮區成功二路5號,22.601544,120.3019432
109,E5600056,台灣中油股份有限公司煉製事業部大林煉油廠,3707901,"2,435,518","684,866","3,120,384",高雄市,石油及煤製品製造業,812台灣高雄市小港區沿海四路50號,22.5290654,120.3472505
109,E5600092,中鋼鋁業股份有限公司臨海廠,96971313,"66,086","113,620","179,706",高雄市,鋁製造業,812台灣高雄市小港區東林路17號,22.5421711,120.3737001
109,E5600332,協勝發鋼鐵廠股份有限公司,79254702,"86,048","185,721","271,769",高雄市,鋼鐵製造業,812台灣高雄市小港區光陽街7號,22.5593181,120.3655639
109,E5600369,東和鋼鐵企業股份有限公司高雄廠,75280209,"20,067","12,832","32,899",高雄市,鋼鐵製造業,812台灣高雄市小港區嘉興街8號,22.5619942,120.3634959
109,E5600501,海光企業股份有限公司,75470524,"31,434","110,225","141,659",高雄市,鋼鐵製造業,812台灣高雄市小港區沿海二路12號,22.550625,120.365646
109,E5600565,盛餘股份有限公司,79837539,"26,364","52,213","78,577",高雄市,金屬加工處理業,812台灣高雄市小港區中林路11號,22.5370549,120.367025
109,E5600798,龍慶鋼鐵企業股份有限公司,85793919,"21,574","51,276","72,850",高雄市,鋼鐵製造業,812台灣高雄市小港區利昌街4號,22.5540037,120.3649057
109,E5600841,中國鋼鐵股份有限公司,30414175,"18,267,150","1,149,538","19,416,688",高雄市,鋼鐵製造業,824台灣高雄市燕巢區中興路500號,22.7817815,120.3595665
109,E5600850,中國石油化學工業開發股份有限公司小港廠,3084741,"404,462","120,986","525,448",高雄市,化學原材料製造業,812台灣高雄市小港區中林路34號,22.5360641,120.3642442
109,E5600869,台灣糖業股份有限公司小港廠,3794905,"80,137","3,412","83,549",高雄市,其他食品製造業,812台灣高雄市小港區小港路133號,22.5621832,120.3390414
109,E5600896,台灣電力股份有限公司大林發電廠,3795904,"11,128,887","3,246","11,132,133",高雄市,電力供應業,812台灣高雄市小港區大林路3號,22.5308911,120.3366197
109,E5601080,漢泰鋼鐵廠股份有限公司,75688109,"32,728","14,990","47,718",高雄市,鋼鐵製造業,812台灣高雄市小港區世全路4號,22.5474714,120.3705687
109,E5601197,唐榮鐵工廠股份有限公司,75460005,"75,083","97,636","172,719",高雄市,鋼鐵製造業,812台灣高雄市小港區沿海二路4號,22.5451216,120.3703228
109,E5602952,海光企業股份有限公司嘉興鋼鐵廠,75470524,"28,313","33,489","61,802",高雄市,鋼鐵製造業,812台灣高雄市小港區嘉興街5號,22.5606958,120.3614081
109,E56A2617,尚承鋼鐵股份有限公司,27208480,"78,493","72,863","151,356",高雄市,鋼鐵製造業,812台灣高雄市小港區大業南路7號,22.5211979,120.3606376
109,E56A4792,中國鋼鐵股份有限公司第三冷軋廠,30414175,"51,278","118,620","169,898",高雄市,鋼鐵製造業,812台灣高雄市小港區茂大街5號,22.5549226,120.3626755
109,E56A7340,源鋼企業股份有限公司,12745455,"34,985","14,250","49,235",高雄市,鋼鐵製造業,812台灣高雄市小港區嘉興街8號,22.5619942,120.3634959
109,F0622537,九滎股份有限公司瓊林廠,80629340,"8,376","3,034","11,410",新北市,染整業,242台灣新北市新莊區瓊林南路301巷13號,25.0058201,121.4351309
109,F0701702,南亞塑膠工業股份有限公司樹林廠,75370905,"350,854","2,655","353,509",新北市,塑膠及合成橡膠原料製造業,238台灣新北市樹林區味王街55號,24.9734285,121.4044056
109,F0801707,三洋窯業股份有限公司,34263157,"27,659","9,440","37,099",新北市,其他非金屬礦物製品製造業,23943台灣新北市鶯歌區八德路16號,24.9555063,121.3310637
109,F1507182,泰利實業股份有限公司五股廠,16007423,"7,894","3,108","11,002",新北市,染整業,248台灣新北市五股區凌雲路二段,25.1031441,121.4450866
109,F1600491,南亞塑膠工業股份有限公司林口二廠,75370905,"239,543","21,852","261,395",新北市,塑膠及合成橡膠原料製造業,243台灣新北市泰山區南林路102號,25.0447206,121.4069325
109,F1606662,南亞科技股份有限公司三廠,89390656,"90,327","374,427","464,754",新北市,半導體製造業,243台灣新北市泰山區南林路98號,25.0482461,121.4149629
109,F1700736,台灣電力股份有限公司林口發電廠,3795904,"14,088,448","7,845","14,096,293",新北市,電力供應業,244台灣新北市林口區106縣道139-1號,25.1194311,121.2986118
109,F2200084,台灣電力股份有限公司第一核能發電廠,3795904,"13,722","49,535","63,257",新北市,電力供應業,253台灣新北市石門區12號,25.2907134,121.5913744
109,F2800075,台灣電力股份有限公司第二核能發電廠,3795904,"12,864","6,848","19,712",新北市,電力供應業,207台灣新北市萬里區八斗60號,25.2063645,121.659595
109,G3200778,台灣水泥股份有限公司蘇澳廠,11913502,"1,132,232","65,545","1,197,777",宜蘭縣,水泥及其製品製造業,270台灣宜蘭縣蘇澳鎮永昌路46號,24.5882824,121.8527153
109,G3200849,信大水泥股份有限公司南聖湖廠,3279507,"563,669","41,881","605,550",宜蘭縣,水泥及其製品製造業,270台灣宜蘭縣蘇澳鎮中山路二段235號,24.6097827,121.8261511
109,G32A0540,羅東鋼鐵廠股份有限公司煉鋼廠,42010509,"30,109","86,388","116,497",宜蘭縣,鋼鐵製造業,270台灣宜蘭縣蘇澳鎮德興一路57號,24.623783,121.8202667
109,G3700791,臺灣化學纖維股份有限公司龍德廠,58650902,"1,006,580","2,564","1,009,144",宜蘭縣,化學原材料製造業,269台灣宜蘭縣冬山鄉龍祥十路2號,24.624946,121.814179
109,G3700880,台灣塑膠工業股份有限公司冬山廠,75708007,"131,731","13,227","144,958",宜蘭縣,其他非金屬礦物製品製造業,269台灣宜蘭縣冬山鄉東福路201號,24.6217177,121.8086409
109,G37A0585,潤泰精密材料股份有限公司宜蘭冬山廠,86871981,"553,345","42,628","595,973",宜蘭縣,水泥及其製品製造業,269台灣宜蘭縣冬山鄉大安路357號,24.628994,121.7838112
109,G38A0540,台灣半導體股份有限公司利澤廠,34286449,46,"9,436","9,482",宜蘭縣,半導體製造業,268台灣宜蘭縣五結鄉利工一路二段31號,24.6485026,121.8363207
109,G4100017,幸福水泥股份有限公司東澳廠,40601248,"629,995","42,652","672,647",宜蘭縣,水泥及其製品製造業,272台灣宜蘭縣南澳鄉蘇花路三段101號,24.516755,121.829478
109,H4202215,新隆纖維染整股份有限公司桃園廠,7472834,"25,641","6,116","31,757",桃園市,染整業,330台灣桃園市桃園區春日路1733巷7號,25.027768,121.303838
109,H4301839,大鐘印染股份有限公司中壢廠,57002416,"39,630","7,933","47,563",桃園市,染整業,320台灣桃園市中壢區新生路三段741號,25.00012,121.21535
109,H4313348,精材科技股份有限公司中壢廠,16741846,"25,779","13,535","39,314",桃園市,其他電子零組件製造業,320台灣桃園市中壢區吉林路23號9樓,24.9795194,121.2450777
109,H43A2855,精材科技股份有限公司中壢二廠,16741846,"49,528","16,414","65,942",桃園市,其他電子零組件製造業,320台灣桃園市中壢區中園路188號,24.9824025,121.2375025
109,H43C0794,精材科技股份有限公司中壢三廠,16741846,917,"52,879","53,796",桃園市,其他電子零組件製造業,320台灣桃園市中壢區中園路188號,24.9824025,121.2375025
109,H4500458,力鵬企業股份有限公司楊梅廠,33955322,"59,457","18,281","77,738",桃園市,染整業,326台灣桃園市楊梅區新榮路339號,24.9554337,121.1570856
109,H4500743,中興紡織廠股份有限公司楊梅化纖廠,35082604,"67,357","71,222","138,579",桃園市,塑膠及合成橡膠原料製造業,326台灣桃園市楊梅區中山南路567號,24.9022389,121.131159
109,H4503575,合晶科技股份有限公司,16138282,"2,973","27,784","30,757",桃園市,其他電子零組件製造業,326台灣桃園市楊梅區蘋果路1號,24.9021905,121.1831785
109,H4600551,大統精密染整股份有限公司染整廠,22267777,"28,454","5,192","33,646",桃園市,染整業,338台灣桃園市蘆竹區榮安路9號,25.0610915,121.2832991
109,H4600579,大同染整股份有限公司桃園廠,7014916,"19,222","5,332","24,554",桃園市,染整業,338台灣桃園市蘆竹區新南路一段338-1號,25.0412055,121.2960452
109,H4601227,義芳化學工業股份有限公司桃園廠,15395706,"408,216","56,932","465,148",桃園市,化學原材料製造業,338台灣桃園市蘆竹區海湖里海湖東路375號,25.1065564,121.2713767
109,H4601290,台硝股份有限公司桃園廠,38033305,"44,751","18,629","63,380",桃園市,未分類其他化學製品製造業,338台灣桃園市蘆竹區大坑街25號,25.1078696,121.2754835
109,H4601398,南亞塑膠工業股份有限公司錦興廠,75370905,"810,190","14,125","824,315",桃園市,其他非金屬礦物製品製造業,33859台灣桃园市芦竹区南崁路一段336號A棟宿舍一樓,25.0565392,121.283691
109,H4602313,環泰企業股份有限公司南崁廠,12529007,"28,162","4,623","32,785",桃園市,其他食品製造業,338台灣桃園市蘆竹區南青路1156巷75號,25.0557351,121.2718702
109,H4604568,長生電力股份有限公司,96933037,"1,503,439","4,594","1,508,033",桃園市,電力供應業,338台灣桃園市蘆竹區濱海路一段199號,25.116249,121.257084
109,H46A9391,台光染整股份有限公司海湖二廠,43834853,"22,980",589,"23,569",桃園市,染整業,338台灣桃園市蘆竹區海湖北路309巷100號,25.1135577,121.2625797
109,H46B0495,世界先進積體電路股份有限公司晶圓三廠,84149358,"56,244","181,979","238,223",桃園市,半導體製造業,338台灣桃園市蘆竹區南崁路一段338號,25.0553661,121.2826331
109,H4700645,正隆股份有限公司大園廠,33085508,"221,693","136,677","358,370",桃園市,紙漿、紙及紙板製造業,337台灣桃園市大園區大工路116號,25.0700511,121.1789244
109,H4702336,大園汽電共生股份有限公司,84526079,"451,586","12,906","464,492",桃園市,電力供應業,337台灣桃園市大園區潮音北路276號,25.0793269,121.1759049
109,H4801478,南亞塑膠工業股份有限公司工三廠,75370905,"154,774","252,217","406,991",桃園市,紡紗業,333台灣桃園市龜山區文明路6號,25.0620289,121.3734827
109,H4803507,台灣中油股份有限公司煉製事業部桃園煉油廠,3707901,"1,241,900","189,560","1,431,460",桃園市,石油及煤製品製造業,333台灣桃園市龜山區民生北路一段50號,25.033276,121.3059734
109,H4806348,穩懋半導體股份有限公司華亞廠,70752257,"18,190","22,188","40,378",桃園市,半導體製造業,333台灣桃園市龜山區科技七路69號,25.0433928,121.3754587
109,H4810799,國光電力股份有限公司,70833553,"778,113","3,106","781,219",桃園市,電力供應業,333台灣桃園市龜山區南上里北油1區11號,25.0404917,121.3440136
109,H4810851,華亞汽電股份有限公司華亞汽電廠,70783006,"2,247,257","25,812","2,273,069",桃園市,電力供應業,333台灣桃園市龜山區華亞一路98號,25.0344928,121.373079
109,H4886999,穩懋半導體股份有限公司華亞二廠,70752257,"38,405","51,312","89,717",桃園市,半導體製造業,333台灣桃園市龜山區科技七路69號,25.0433928,121.3754587
109,H4888493,友達光電股份有限公司桃園分公司華亞廠,84149738,"7,118","265,616","272,734",桃園市,光電材料及元件製造業,333台灣桃園市龜山區華亞二路189號,25.0469273,121.3731365
109,H4888582,台灣美光晶圓科技股份有限公司二廠,80353271,"63,779","621,229","685,008",桃園市,半導體製造業,"No. 2號, 里華亞五路, 龜山區桃園市台灣 333",25.0358706,121.3748919
109,H4889454,台灣美光晶圓科技股份有限公司一廠,80353271,"121,574","557,352","678,926",桃園市,半導體製造業,333台灣桃園市龜山區復興三路667號,25.0384005,121.3738286
109,H48B0554,穩懋半導體股份有限公司龜山廠,70752257,"20,294","40,882","61,176",桃園市,半導體製造業,333台灣桃園市龜山區山鶯路200-5號,24.9867749,121.3261721
109,H4903093,中華凸版電子股份有限公司,16083358,"5,072","18,091","23,163",桃園市,半導體製造業,334台灣桃園市八德區和平路1127-3號,24.9643888,121.322514
109,H49A2429,凌巨科技股份有限公司八德廠,16432742,"101,040","81,078","182,118",桃園市,光電材料及元件製造業,334台灣桃園市八德區和平路1127號,24.9668906,121.3208406
109,H5002362,友達光電股份有限公司桃園分公司,84149738,"8,403","219,889","228,292",桃園市,光電材料及元件製造業,333台灣桃園市龜山區華亞二路189號,25.0469273,121.3731365
109,H5008211,友達光電股份有限公司龍科廠,84149738,"10,115","302,767","312,882",桃園市,光電材料及元件製造業,325台灣桃園市龍潭區龍科街228號,24.8775881,121.1859654
109,H50A1985,合晶科技股份有限公司園區分公司龍潭廠,16138282,"5,169","33,403","38,572",桃園市,半導體製造業,325台灣桃園市龍潭區龍園一路100號,24.8849954,121.1873237
109,H50A6430,台灣積體電路製造股份有限公司先進封測三廠,22099131,"6,162","193,189","199,351",桃園市,半導體製造業,325台灣桃園市龍潭區龍園六路101號,24.8836369,121.1855573
109,H50A6777,美商蘋果電子股份有限公司台灣分公司,54393468,"3,552","18,820","22,372",桃園市,光電材料及元件製造業,325台灣桃園市龍潭區龍園十路55號,24.8874319,121.1857539
109,H5100952,新光合成纖維股份有限公司中壢廠,7435515,"101,030","155,131","256,161",桃園市,紡紗業,324台灣桃園市平鎮區延平路三段223號,24.9378588,121.2023161
109,H5103604,全新光電科技股份有限公司平鎮廠,97170472,458,"9,632","10,090",桃園市,光電材料及元件製造業,324台灣桃園市平鎮區工業一路16號,24.9056519,121.203415
109,H5200215,永豐餘工業用紙股份有限公司新屋廠,27719048,"684,296","31,031","715,327",桃園市,其他紙製品製造業,327台灣桃園市新屋區永福路281號,24.9810267,121.0400091
109,H5200617,聯成鋼鐵股份有限公司桃園廠,22822748,"28,729","61,936","90,665",桃園市,鋼鐵製造業,327台灣桃園市新屋區中華路996號,24.9887508,121.1034125
109,H5300078,亞東石化股份有限公司,22318678,"67,174","38,023","105,197",桃園市,化學原材料製造業,328台灣桃園市觀音區工業七路2號,25.0477421,121.1107732
109,H5300210,遠東新世紀股份有限公司觀音化纖廠,3522600,"138,870","89,562","228,432",桃園市,人造纖維製造業,328台灣桃園市觀音區經建六路3號,25.062973,121.116956
109,H5300425,錦美紙業股份有限公司觀音廠,34175598,"26,011","16,403","42,414",桃園市,紙漿、紙及紙板製造業,328台灣觀音區榮工北路10號,25.0588495,121.1289161
109,H5300916,台灣玻璃工業股份有限公司桃園廠,11914002,"46,456","60,898","107,354",桃園市,玻璃及其製品製造業,328台灣桃園市觀音區經建五路1號,25.0604724,121.1143722
109,H5301548,富順纖維工業股份有限公司觀音廠,7407200,"27,964","6,033","33,997",桃園市,染整業,337053台灣桃園市大園區大工路126號,25.0739522,121.1767528
109,H5302063,日皓造紙工業股份有限公司觀音廠,24001900,"26,633","20,225","46,858",桃園市,紙漿、紙及紙板製造業,328台灣桃園市觀音區國建三路5號,25.0591006,121.1076492
109,H5307960,台灣電力股份有限公司大潭發電廠,3795904,"10,681,222","2,224","10,683,446",桃園市,電力供應業,328台灣桃園市觀音區電廠路1號,25.0309103,121.051866
109,H53A0675,東和鋼鐵企業股份有限公司桃園廠,75280209,"62,987","351,305","414,292",桃園市,鋼鐵製造業,328台灣桃園市觀音區保障里8鄰草漯116號,25.0694825,121.1394918
109,H53A2255,利芃國際股份有限公司觀音廠,53121117,"25,836","11,632","37,468",桃園市,未分類其他化學製品製造業,328台灣桃園市觀音區環科路180號,25.0345381,121.0567062
109,H53A2562,華亞汽電股份有限公司觀音公用廠,70783006,"142,924","4,321","147,245",桃園市,電力供應業,328台灣桃園市觀音區工業七路3號,25.04899,121.108374
109,H53A3580,亞東石化股份有限公司觀音二廠,22318678,"197,993","95,933","293,926",桃園市,化學原材料製造業,328台灣桃園市觀音區工業七路2號,25.0477421,121.1107732
109,H53A6138,東齊染整股份有限公司,54796568,"27,800","6,302","34,102",桃園市,染整業,328台灣桃園市觀音區新華路二段225號,25.0058704,121.1303886
109,H53A6653,台灣科慕股份有限公司觀音廠,24548079,"91,556","122,630","214,186",桃園市,化學原材料製造業,328台灣桃園市觀音區成功路二段566號,25.0450803,121.1063443
109,J5500366,正隆股份有限公司竹北廠,33085508,"70,251","65,508","135,759",新竹縣,其他紙製品製造業,302台灣新竹縣竹北市長青路二段300號,24.8599588,120.9632033
109,J5500526,東華合纖股份有限公司新竹廠,11083148,"9,549","2,134","11,683",新竹縣,人造纖維製造業,302台灣新竹縣竹北市中華路1005號,24.8499562,121.0043688
109,J5601064,新桃電力股份有限公司,16596337,"943,208","6,104","949,312",新竹縣,電力供應業,306台灣新竹縣關西鎮台電新村66號,24.8153621,121.197594
109,J5700222,遠東新世紀股份有限公司化學纖維總廠,3522600,"396,277","121,208","517,485",新竹縣,人造纖維製造業,305台灣新竹縣新埔鎮文山路亞東段369號,24.8252143,121.0577843
109,J5700231,大享容器工業股份有限公司,46007218,"83,737","21,038","104,775",新竹縣,玻璃及其製品製造業,305台灣新竹縣新埔鎮文山路犂頭山段1118號,24.8344204,121.0271184
109,J5800941,財團法人工業技術研究院,2750963,111,"5,286","5,397",新竹縣,綜合研究發展服務業,30011台灣新竹市東區光復路二段321號,24.8003599,120.9879606
109,J5901658,長春人造樹脂廠股份有限公司新竹廠,11384708,"346,721","16,629","363,350",新竹縣,塑膠及合成橡膠原料製造業,303台灣新竹縣湖口鄉中華路8號,24.8672478,121.0068787
109,J5905432,艾克爾先進科技股份有限公司,16847968,"2,252","12,096","14,348",新竹縣,半導體製造業,303台灣新竹縣湖口鄉光復北路39號,24.8742817,121.0307593
109,J5909823,帆宣系統科技股份有限公司,23145632,103,833,936,新竹縣,其他專用機械設備製造業,305台灣新竹縣新埔鎮文山路犂頭山段186號,24.8303917,121.0405646
109,J59A1577,辛耘企業股份有限公司,30901647,542,"9,240","9,782",新竹縣,其他專用機械設備製造業,303台灣新竹縣湖口鄉中華路16號,24.869372,121.008232
109,J6203071,台星科股份有限公司,70552666,"3,913","25,711","29,624",新竹縣,其他電子零組件製造業,307台灣新竹縣芎林鄉鹿寮坑176之5號,24.7439205,121.1362063
109,J6300146,漢磊科技股份有限公司創新廠,47299902,"3,123","8,298","11,421",新竹縣,半導體製造業,30076台灣新竹市東區科學園區新竹縣寶山鄉創新一路18號1樓,24.777619,120.996058
109,J6300155,台灣高技股份有限公司,22099343,206,"4,212","4,418",新竹縣,其他電子零組件製造業,330台灣桃園市桃園區興邦路43巷3號,24.9801394,121.3279995
109,J6300299,漢磊科技股份有限公司研發廠,47299902,"8,837","24,332","33,169",新竹縣,半導體製造業,30076台灣新竹市東區科學園區新竹縣寶山鄉創新一路18號1樓,24.777619,120.996058
109,J6300324,台灣積體電路製造股份有限公司三廠3E廠,22099131,"9,655","64,927","74,582",新竹縣,半導體製造業,308台灣新竹縣寶山鄉研新一路9號,24.7752198,120.9902335
109,J6300557,台灣積體電路製造股份有限公司二廠,22099131,"57,080","74,764","131,844",新竹縣,半導體製造業,308台灣新竹縣寶山鄉園區三路121號,24.7729556,120.9988381
109,J6300959,世界先進積體電路股份有限公司晶圓一廠,84149358,"104,299","114,802","219,101",新竹縣,半導體製造業,308台灣新竹縣寶山鄉園區三路123號,24.7755954,120.9962272
109,J6301107,台灣積體電路製造股份有限公司三廠,22099131,"126,607","165,101","291,708",新竹縣,半導體製造業,308台灣新竹縣寶山鄉研新一路9號,24.7752198,120.9902335
109,J6301447,台灣積體電路製造股份有限公司五廠,22099131,"73,922","96,504","170,426",新竹縣,半導體製造業,308台灣新竹縣寶山鄉園區三路121號,24.7742653,120.9981518
109,J63A0048,聯華電子股份有限公司Fab8S廠,47217677,"29,465","70,945","100,410",新竹縣,半導體製造業,300台灣新竹縣寶山鄉研新一路16號,24.7749701,120.9938198
109,J63A0107,台灣積體電路製造股份有限公司十二廠研新廠,22099131,"60,932","132,556","193,488",新竹縣,半導體製造業,308台灣新竹縣寶山鄉園區二路188號,24.7682233,121.0145867
109,J63A1056,台灣積體電路製造股份有限公司十二廠四期/五期,22099131,"44,271","285,930","330,201",新竹縣,半導體製造業,308台灣新竹縣寶山鄉園區二路168號,24.7702397,121.0123147
109,J63A1591,台灣積體電路製造股份有限公司十二廠六期,22099131,"28,575","233,601","262,176",新竹縣,半導體製造業,308台灣新竹縣寶山鄉園區二路166號,24.7713146,121.0111965
109,J63A1670,台灣積體電路製造股份有限公司十二廠七期,22099131,"54,717","353,758","408,475",新竹縣,半導體製造業,308台灣新竹縣寶山鄉園區二路188號,24.7682233,121.0145867
109,J63A1719,聯穎光電股份有限公司竹科廠,53170263,"19,770","37,981","57,751",新竹縣,半導體製造業,308台灣新竹縣寶山鄉創新一路10號,24.7764668,120.9976736
109,K6801089,長春石油化學股份有限公司苗栗廠,11384806,"1,504,658","53,733","1,558,391",苗栗縣,未分類其他化學製品製造業,360台灣苗栗縣苗栗市宜春路245號,24.5932743,120.8104072
109,K6801123,長春石油化學股份有限公司苗栗二廠,11384806,"95,708","1,269,956","1,365,664",苗栗縣,化學原材料製造業,360台灣苗栗縣苗栗市宜春路245號,24.5932743,120.8104072
109,K7000504,臺鹽實業股份有限公司通霄精鹽廠,89397503,"23,709",817,"24,526",苗栗縣,其他食品製造業,357台灣苗栗縣通霄鎮122號,24.55595,120.7035792
109,K7000513,建順煉鋼股份有限公司,55695790,"31,799","90,138","121,937",苗栗縣,鋼鐵製造業,357台灣苗栗縣通霄鎮五北里68之4號,24.4722161,120.6696128
109,K7000764,台灣電力股份有限公司通霄發電廠,3795904,"8,358,820","1,039","8,359,859",苗栗縣,電力供應業,357台灣苗栗縣通霄鎮海濱路1-31號,24.489653,120.673746
109,K7104025,群創光電股份有限公司T1廠,12800225,"7,280","130,754","138,034",苗栗縣,光電材料及元件製造業,350台灣苗栗縣竹南鎮科中路12號,24.7095333,120.9162947
109,K71A1370,群創光電股份有限公司T2廠,12800225,"19,049","230,800","249,849",苗栗縣,光電材料及元件製造業,350台灣苗栗縣竹南鎮科學路160號,24.7144072,120.9146606
109,K71A2695,群創光電股份有限公司T3廠,12800225,"10,221","84,684","94,905",苗栗縣,光電材料及元件製造業,350台灣苗栗縣竹南鎮科中路12號,24.7095333,120.9162947
109,K7200933,華夏海灣塑膠股份有限公司頭份廠,11686106,"44,564","85,975","130,539",苗栗縣,化學原材料製造業,351台灣苗栗縣頭份市民族路571號,24.6851829,120.8895549
109,K7201001,中國石油化學工業開發股份有限公司頭份廠,3084741,"375,278","16,764","392,042",苗栗縣,化學原材料製造業,351台灣苗栗縣頭份市自強路二段217號,24.6822518,120.8923886
109,k8000366,立安東化工股份有限公司三義廠,20939460,"87,065","17,116","104,181",苗栗縣,化學原材料製造業,367台灣苗栗縣三義鄉99號,24.3507679,120.7410567
109,K8100129,東和鋼鐵企業股份有限公司苗栗廠,75280209,"103,458","254,985","358,443",苗栗縣,鋼鐵製造業,36842台灣苗栗縣西湖鄉22號,24.5692351,120.7394317
109,K8201149,冠軍建材股份有限公司第二廠,49701774,"64,242","27,865","92,107",苗栗縣,耐火、黏土建材及其他陶瓷製品製造業,361台灣苗栗縣造橋鄉乳姑山2號,24.6250076,120.8527989
109,L0000624,永豐餘工業用紙股份有限公司成功廠,27719048,"21,827","8,560","30,387",臺中市,紙漿、紙及紙板製造業,414台灣臺中市烏日區中山路三段546號,24.1142801,120.5924996
109,L0200473,台灣電力股份有限公司台中發電廠,3795904,"26,100,261","46,197","26,146,458",臺中市,電力供應業,434台灣臺中市龍井區龍昌路1號,24.2145358,120.4921722
109,L0200633,中龍鋼鐵股份有限公司,84613756,"8,959,413","182,862","9,142,275",臺中市,鋼鐵製造業,434台灣臺中市龍井區龍昌路100號,24.2293309,120.501457
109,L02A0301,中聯資源股份有限公司台中廠,86119908,"34,200","25,610","59,810",臺中市,其他非金屬礦物製品製造業,434台灣臺中市龍井區南堤路2號,24.2269716,120.4794207
109,L8801052,廣源造紙股份有限公司台中廠,50301500,"110,558","49,628","160,186",臺中市,紙漿、紙及紙板製造業,437台灣臺中市大甲區工一路1號,24.4116758,120.6442857
109,L8900676,永豐餘消費品實業股份有限公司清水廠,22327037,"43,506","28,174","71,680",臺中市,其他紙製品製造業,436台灣臺中市清水區舊庄路258號,24.2974958,120.6327659
109,L9000666,味丹企業股份有限公司沙鹿第一工廠,56121907,"93,019","18,315","111,334",臺中市,其他食品製造業,433台灣臺中市沙鹿區興安路65號,24.228647,120.549604
109,L9100198,台灣玻璃工業股份有限公司台中廠,11914002,"101,142","19,527","120,669",臺中市,玻璃及其製品製造業,435台灣臺中市梧棲區自強路377號,24.2372238,120.5217875
109,L9100563,台灣玻璃工業股份有限公司台中廠平板三場,11914002,"38,479","23,323","61,802",臺中市,玻璃及其製品製造業,435台灣臺中市梧棲區自強路377號,24.2372238,120.5217875
109,L9101748,中美和石油化學股份有限公司台中廠,14040691,"136,159","32,628","168,787",臺中市,化學原材料製造業,435台灣臺中市梧棲區草湳里南堤路2段89號,24.2613362,120.4966377
109,L9200693,正隆股份有限公司后里分公司,33085508,"807,654","34,499","842,153",臺中市,紙漿、紙及紙板製造業,421台灣臺中市后里區三豐路三段2號,24.2845555,120.723059
109,L9200728,豐興鋼鐵股份有限公司,55389357,"251,942","510,589","762,531",臺中市,鋼鐵製造業,421台灣臺中市后里區甲后路一段998號,24.3108348,120.710959
109,L9202099,台灣美光記憶體股份有限公司台中一廠,28518076,"113,281","538,812","652,093",臺中市,半導體製造業,421台灣臺中市后里區三豐路四段369號,24.3185835,120.7247905
109,L92A0931,友達光電股份有限公司后里廠,84149738,"7,319","345,234","352,553",臺中市,光電材料及元件製造業,421台灣臺中市后里區馬場路1號,24.2954401,120.7268487
109,L9506056,華邦電子股份有限公司中科廠,22099218,"53,271","274,222","327,493",臺中市,半導體製造業,428台灣臺中市大雅區科雅一路8號,24.211258,120.6187403
109,L95A2041,台灣積體電路製造股份有限公司15廠,22099131,"252,105","801,414","1,053,519",臺中市,半導體製造業,428台灣臺中市大雅區科雅六路1號,24.2117205,120.6166094
109,N0803765,台灣玻璃工業股份有限公司鹿港廠,11914002,"40,693","93,350","134,043",彰化縣,玻璃及其製品製造業,505台灣彰化縣鹿港鎮鹿工路52號,24.0772777,120.388258
109,N08A1098,台灣玻璃工業股份有限公司鹿港平板廠,11914002,"53,213","9,002","62,215",彰化縣,玻璃及其製品製造業,505台灣彰化縣鹿港鎮鹿工路52號,24.0772777,120.388258
109,N1400562,榮成紙業股份有限公司,34202841,"242,543","3,018","245,561",彰化縣,紙漿、紙及紙板製造業,526台灣彰化縣二林鎮廣興巷1-1號,23.8653186,120.3620492
109,N14A1507,榮成紙業股份有限公司蒸汽廠,34202841,"248,140","3,814","251,954",彰化縣,紙漿、紙及紙板製造業,526台灣彰化縣二林鎮廣興巷1-1號,23.8653186,120.3620492
109,N1504207,星能電力股份有限公司,70783765,"884,261","4,653","888,914",彰化縣,電力供應業,507台灣彰化縣線西鄉線工南二路2號,24.126898,120.4307108
109,N1505633,星元電力股份有限公司,27945086,"914,026","5,277","919,303",彰化縣,電力供應業,507台灣彰化縣線西鄉慶安南二路2號,24.1281484,120.4209471
109,N1601229,慶欣欣鋼鐵股份有限公司,80354671,"164,361","245,890","410,251",彰化縣,鋼鐵製造業,509台灣彰化縣伸港鄉工西二路2號,24.1686451,120.5061652
109,N1607141,台灣鋼聯股份有限公司,89528054,"88,986","9,776","98,762",彰化縣,化學原材料製造業,50953台灣彰化縣伸港鄉線工北一路36號,24.1545395,120.4511077
109,N2100552,正新橡膠工業股份有限公司,59504506,"30,187","40,743","70,930",彰化縣,橡膠製品製造業,515台灣彰化縣大村鄉美港路215號,23.9828825,120.5749074
109,N2902234,力麗企業股份有限公司彰化化纖總廠,7663290,"128,251","59,795","188,046",彰化縣,人造纖維製造業,528台灣彰化縣芳苑鄉工業路38號,23.923622,120.3551431
109,N2904318,力鵬企業股份有限公司彰化尼龍總廠,33955322,"31,450","131,363","162,813",彰化縣,人造纖維製造業,528台灣彰化縣芳苑鄉工業路33號,23.9210974,120.3538421
109,O1700798,元隆電子股份有限公司,22099174,"56,990","20,382","77,372",新竹市,半導體製造業,300台灣新竹市東區研發二路14號,24.778291,121.0023453
109,O1701115,漢磊科技股份有限公司研新廠,47299902,"13,960","8,742","22,702",新竹市,半導體製造業,30076台灣新竹市東區科學園區新竹縣寶山鄉創新一路18號1樓,24.777619,120.996058
109,O1703315,華夏玻璃股份有限公司,47109348,"96,558","28,825","125,383",新竹市,玻璃及其製品製造業,300台灣新竹市香山區埔前路49號,24.7957197,120.9383569
109,O1703351,台灣玻璃工業股份有限公司新竹廠,11914002,"125,327","49,750","175,077",新竹市,玻璃及其製品製造業,300台灣新竹市香山區中華路四段470號,24.7911338,120.9373214
109,O1704787,旺宏電子股份有限公司晶圓一廠,22099548,"41,146","32,357","73,503",新竹市,半導體製造業,300台灣新竹市東區力行路19號,24.7654899,121.0240148
109,O1704812,台灣茂矽電子股份有限公司,22099110,"173,389","50,233","223,622",新竹市,半導體製造業,300台灣新竹市東區研新一路1號,24.7765338,120.9883338
109,O1706049,元太科技工業股份有限公司,22099890,115,"15,894","16,009",新竹市,光電材料及元件製造業,300台灣新竹市東區力行一路3號元太科技新竹廠A棟,24.770449,121.0186284
109,O1706209,聯華電子股份有限公司Fab8A廠,47217677,"102,959","117,189","220,148",新竹市,半導體製造業,300台灣新竹縣寶山鄉研新一路16號,24.7749701,120.9938198
109,O1706307,旺宏電子股份有限公司晶圓二廠,22099548,"51,075","89,576","140,651",新竹市,半導體製造業,300台灣新竹市東區力行路19號,24.7654899,121.0240148
109,O1706692,聯華電子股份有限公司Fab8E廠,47217677,"44,258","78,788","123,046",新竹市,半導體製造業,300台灣新竹縣寶山鄉研新一路16號,24.7749701,120.9938198
109,O1707395,友達光電股份有限公司L5廠,84149738,946,"41,247","42,193",新竹市,光電材料及元件製造業,300台灣新竹市東區力行路23號,24.7606283,121.0208895
109,O1708632,聯華電子股份有限公司Fab8F廠,47217677,"40,936","83,084","124,020",新竹市,半導體製造業,300台灣新竹市東區力行二路3號,24.7708157,121.0192901
109,O1709148,聯華電子股份有限公司Fab8D廠,47217677,"111,524","163,868","275,392",新竹市,半導體製造業,300台灣新竹市東區力行二路3號,24.7708157,121.0192901
109,O1709193,友達光電股份有限公司L3B廠,84149738,"1,991","19,846","21,837",新竹市,光電材料及元件製造業,300台灣新竹市東區力行路23號,24.7606283,121.0208895
109,O1709308,台灣積體電路製造股份有限公司十二廠,22099131,"71,831","269,987","341,818",新竹市,半導體製造業,308台灣新竹縣寶山鄉園區二路168號,24.7702397,121.0123147
109,O1713311,台灣積體電路製造股份有限公司八廠,22099131,"121,475","179,765","301,240",新竹市,半導體製造業,300台灣新竹市東區力行路25號,24.7624399,121.01981
109,o1745831,敦南科技股份有限公司新竹分公司廠,12800750,"42,921","21,798","64,719",新竹市,半導體製造業,300台灣新竹市東區竹村三路24號,24.7778901,121.0089957
109,O1749526,采鈺科技股份有限公司,80601119,"8,164","29,494","37,658",新竹市,其他電子零組件製造業,"No. 12號, No. 12篤行一路東區新竹市台灣 300",24.7735196,121.0232457
109,O1751197,世界先進積體電路股份有限公司晶圓二廠,84149358,"75,744","134,378","210,122",新竹市,半導體製造業,300台灣新竹市東區力行路9號,24.7714636,121.0281827
109,O1753306,力晶積成電子製造股份有限公司8A,28112667,"34,867","88,008","122,875",新竹市,半導體製造業,300台灣新竹市東區力行一路18號4樓,24.7681886,121.0170081
109,O17A0968,新唐科技股份有限公司,28112646,"36,152","36,819","72,971",新竹市,半導體製造業,300台灣新竹市東區研新三路4號三樓,24.7792616,120.9906641
109,O17A6887,旺宏電子股份有限公司晶圓五廠,22099548,"82,240","126,648","208,888",新竹市,半導體製造業,300台灣新竹市東區力行路19號,24.7654899,121.0240148
109,O17K7818,力晶積成電子製造股份有限公司8AD,28112667,392,"6,853","7,245",新竹市,半導體製造業,300台灣新竹市東區力行一路18號4樓,24.7681886,121.0170081
109,O17M3896,力晶積成電子製造股份有限公司P3,28112667,"23,660","140,932","164,592",新竹市,半導體製造業,300台灣新竹市東區力行路16-1號,24.7669451,121.0243215
109,O17M3925,力晶積成電子製造股份有限公司P1/2,28112667,"45,668","288,188","333,856",新竹市,半導體製造業,300台灣新竹市東區力行一路12號,24.7698161,121.01764
109,P4600987,福懋興業股份有限公司,14001199,"289,049","19,843","308,892",雲林縣,染整業,640台灣雲林縣斗六市石榴路317號,23.7272352,120.5880423
109,P4602374,展頌股份有限公司斗六廠,22927617,"18,609","13,423","32,032",雲林縣,人造纖維製造業,640台灣雲林縣斗六市斗工十路156-1號,23.7146742,120.5976034
109,P4602758,富喬工業股份有限公司,16834268,"30,088","47,415","77,503",雲林縣,其他非金屬礦物製品製造業,640台灣雲林縣斗六市斗工十六路8號,23.7098924,120.5965904
109,P46A0693,艾杰旭顯示玻璃股份有限公司斗六二廠,70584724,"95,664","174,881","270,545",雲林縣,玻璃及其製品製造業,640台灣雲林縣斗六市科工八路8號,23.7232951,120.515006
109,P48A0851,富喬工業股份有限公司雲林分公司,16834268,"37,912","42,019","79,931",雲林縣,玻璃及其製品製造業,640台灣雲林縣斗六市斗工十六路8號,23.7098924,120.5965904
109,P5500191,合眾紙業股份有限公司林內廠,4380087,"34,806","27,883","62,689",雲林縣,紙漿、紙及紙板製造業,643台灣雲林縣林內鄉瑞農65號,23.7670948,120.6046704
109,P5801513,南亞塑膠工業股份有限公司麥寮總廠,75370905,"348,488","829,366","1,177,854",雲林縣,化學原材料製造業,638台灣雲林縣麥寮鄉中山高速公路,23.79864,120.21748
109,P5801602,台灣塑膠工業股份有限公司麥寮廠,75708007,"482,457","3,898,504","4,380,961",雲林縣,未分類其他化學製品製造業,638台灣雲林縣麥寮鄉台塑工業園區1號,23.8002145,120.2157963
109,P5801719,麥寮汽電股份有限公司,96975970,"10,690,414",,"10,690,414",雲林縣,電力供應業,638台灣雲林縣麥寮鄉7號,23.8041865,120.1914995
109,P5801728,台塑石化股份有限公司麥寮二廠,86522210,"4,706,921","228,526","4,935,447",雲林縣,未分類其他化學製品製造業,638台灣雲林縣麥寮鄉工業路17號,23.7771766,120.1874829
109,P5801773,台灣化學纖維股份有限公司麥寮廠,58650902,"506,712","1,118,959","1,625,671",雲林縣,化學原材料製造業,"638台灣雲林縣麥寮鄉5號, 台 塑 工業 園區",23.8136467,120.2098154
109,P5802092,台灣化學纖維股份有限公司海豐廠,58650902,"1,224,238","1,991,456","3,215,694",雲林縣,化學原材料製造業,638台灣雲林縣麥寮鄉638,23.761906,120.1759649
109,P5802421,台塑石化股份有限公司麥寮一廠,86522210,"13,406,280",,"13,406,280",雲林縣,化學原材料製造業,638台灣雲林縣麥寮鄉中山高速公路,23.79864,120.21748
109,P5802430,台塑石化股份有限公司麥寮三廠,86522210,"7,216,533","75,501","7,292,034",雲林縣,未分類其他化學製品製造業,638台灣雲林縣麥寮鄉麥寮鄉台塑工業園區39號,23.762269,120.187877
109,P5805244,南亞塑膠工業股份有限公司海豐總廠,75370905,"339,979","1,313,422","1,653,401",雲林縣,化學原材料製造業,"638台灣雲林縣麥寮鄉42號, 台塑工業園區",23.7737178,120.1913452
109,Q6900821,上評科技實業股份有限公司嘉義廠,23667505,"24,777","14,838","39,615",嘉義縣,紙漿、紙及紙板製造業,621台灣嘉義縣民雄鄉工業一路10號,23.5190922,120.426951
109,Q6901613,福隆玻璃纖維股份有限公司,22663571,"23,475","31,568","55,043",嘉義縣,其他非金屬礦物製品製造業,621台灣嘉義縣民雄鄉中華路89號,23.526617,120.456131
109,Q6907286,嘉惠電力股份有限公司,96976990,"896,953","9,543","906,496",嘉義縣,電力供應業,62148台灣嘉義縣民雄鄉松山村松子腳688號,23.5317971,120.4726806
109,Q7100245,台灣必成股份有限公司新港廠,22662355,"57,970","172,465","230,435",嘉義縣,玻璃及其製品製造業,616台灣嘉義縣新港鄉2-1號,23.5111242,120.3695728
109,Q7100254,台灣化學纖維股份有限公司新港廠,58650902,"2,468,056","8,792","2,476,848",嘉義縣,人造纖維製造業,616002台灣嘉義縣新港鄉1號,23.5221981,120.3825302
109,Q7100272,南亞塑膠工業股份有限公司新港廠,75370905,"35,888","809,281","845,169",嘉義縣,塑膠製品製造業,616台灣嘉義縣新港鄉三間厝38號,23.5216367,120.3824802
109,Q7600375,南亞塑膠工業股份有限公司嘉義廠,75370905,"295,790","10,219","306,009",嘉義縣,塑膠製品製造業,612台灣嘉義縣太保市北港路二段201號,23.4970118,120.3783989
109,Q76A0767,曜智實業股份有限公司嘉義廠,12617727,"18,812","4,716","23,528",嘉義縣,染整業,612台灣嘉義縣太保市中興路11號,23.5085886,120.3592999
109,R0300606,得力實業股份有限公司,73686632,"38,718","28,651","67,369",臺南市,染整業,744台灣臺南市新市區復興路820號,23.1047554,120.2949128
109,R0301603,宏捷科技股份有限公司南科大利廠,16130423,"17,839","12,420","30,259",臺南市,半導體製造業,744台灣臺南市新市區大利一路6號,23.1079748,120.2797648
109,R0304131,聯華電子股份有限公司Fab12A廠,47217677,"117,201","410,820","528,021",臺南市,半導體製造業,744台灣臺南市新市區南科二路18號,23.0956627,120.2790714
109,R0305156,瀚宇彩晶南科TFT-LCD三廠,16450500,"113,781","214,240","328,021",臺南市,光電材料及元件製造業,741台灣臺南市新市區南科二路35號,23.09469,120.2800349
109,R03A0450,群創光電股份有限公司樹谷分公司,12800225,"39,367","410,830","450,197",臺南市,光電材料及元件製造業,74148台灣臺南市新市區紫楝路21號,23.1007961,120.2624638
109,R03A1894,群創光電股份有限公司B廠,12800225,"110,530","455,552","566,082",臺南市,光電材料及元件製造業,741台灣臺南市善化區南科八路12號B棟,23.1154249,120.2762664
109,R03A1903,群創光電股份有限公司A廠,12800225,"19,401","63,621","83,022",臺南市,光電材料及元件製造業,744台灣臺南市新市區奇業路1號,23.0875622,120.2815577
109,R03A1913,群創光電股份有限公司D廠,12800225,"59,758","694,304","754,062",臺南市,光電材料及元件製造業,744台灣臺南市新市區環西路一段3號,23.090312,120.277275
109,R0500240,宏遠興業股份有限公司,22817999,"70,709","53,847","124,556",臺南市,染整業,743台灣臺南市山上區256號,23.1133126,120.3422775
109,R0503072,森霸電力股份有限公司,70783499,"1,671,556","5,147","1,676,703",臺南市,電力供應業,743台灣臺南市山上區66號,23.0842713,120.3559143
109,R1001719,臺南紡織股份有限公司仁德廠,68919301,"37,782","28,814","66,596",臺南市,紡紗業,717台灣臺南市仁德區中正路二段1034巷6號,22.9642474,120.2559933
109,R1002065,奇美實業股份有限公司,68387705,"154,798","259,603","414,401",臺南市,塑膠及合成橡膠原料製造業,717台灣臺南市仁德區中正路一段398號,22.9272249,120.2431587
109,R1002547,豐年豐和企業股份有限公司上崙一廠,16635562,"27,095","9,232","36,327",臺南市,動植物油脂製造業,717台灣臺南市仁德區崑崙路201號,22.9328505,120.2508391
109,R10A3047,奇美實業股份有限公司旭美廠,68387705,"169,221","30,282","199,503",臺南市,塑膠及合成橡膠原料製造業,717台灣臺南市仁德區中正路一段398號,22.9272249,120.2431587
109,R1412418,統一實業股份有限公司二廠,73252657,"38,172","79,587","117,759",臺南市,金屬加工處理業,710台灣臺南市永康區中正北路837號,23.0505581,120.2667841
109,R14A1883,易昇鋼鐵股份有限公司,28098406,"23,490","89,536","113,026",臺南市,鋼鐵製造業,710台灣臺南市永康區正南一街200號,23.0281573,120.2250601
109,R8400827,榮剛材料科技股份有限公司新營廠,84252697,"65,881","66,971","132,852",臺南市,鋼鐵製造業,730台灣臺南市新營區新中路35號,23.3016583,120.2809331
109,R8500582,華新麗華股份有限公司鹽水廠,35412204,"87,099","149,489","236,588",臺南市,鋼鐵製造業,737台灣臺南市鹽水區3之10號,23.3340512,120.2905244
109,R9001677,台灣積體電路製造股份有限公司十四廠,22099131,"278,688","743,722","1,022,410",臺南市,半導體製造業,741台灣臺南市善化區南科北路1號,23.1145277,120.2743889
109,R9004230,台灣積體電路製造股份有限公司六廠,22099131,"141,820","188,312","330,132",臺南市,半導體製造業,744台灣臺南市新市區南科北路1號,23.1100289,120.2735232
109,R90A1360,台灣積體電路製造股份有限公司先進封裝廠,22099131,"40,187","97,977","138,164",臺南市,半導體製造業,741台灣臺南市善化區南科北路1之1號,23.1098041,120.2712618
109,R90A1469,群創光電股份有限公司C廠,12800225,146,"19,302","19,448",臺南市,光電材料及元件製造業,741台灣臺南市善化區南科八路12號B棟,23.1154249,120.2762664
109,R90A1716,群創光電股份有限公司觸控南科廠,12800225,131,"16,194","16,325",臺南市,光電材料及元件製造業,741台灣臺南市善化區南科八路12號B棟,23.1154249,120.2762664
109,R9701341,威致鋼鐵工業股份有限公司官田廠,69771636,"92,328","180,373","272,701",臺南市,鋼鐵製造業,720台灣臺南市官田區南廍123號,23.2262982,120.3104239
109,R9701850,官田鋼鐵股份有限公司官田廠,72065240,"14,195","12,629","26,824",臺南市,鋼鐵製造業,72046台灣臺南市官田區119-5號,23.2183221,120.3061311
109,R9702160,台灣汽電共生股份有限公司官田廠,86685142,"369,209","3,525","372,734",臺南市,電力供應業,720台灣臺南市官田區工業西路28號,23.2107951,120.3201115
109,S1601990,燁聯鋼鐵股份有限公司,23218395,"239,075","340,218","579,293",高雄市,鋼鐵製造業,820台灣高雄市岡山區興隆街600號,22.8309261,120.3005934
109,S1602102,中鴻鋼鐵股份有限公司熱軋廠,7838854,"156,752","128,435","285,187",高雄市,鋼鐵製造業,820台灣高雄市岡山區興隆街576號,22.82647,120.29961
109,S1900283,和益化學工業股份有限公司,4312878,"62,022","22,222","84,244",高雄市,化學原材料製造業,832台灣高雄市林園區石化三路9號,22.4876543,120.4058487
109,S1900372,台灣氯乙烯工業股份有限公司林園廠,19084015,"104,548","68,158","172,706",高雄市,化學原材料製造業,832台灣高雄市林園區工業一路1號,22.499011,120.4069092
109,S1900578,東聯化學股份有限公司高雄林園廠,14057995,"39,788","293,019","332,807",高雄市,化學原材料製造業,832台灣高雄市林園區工業三路3號,22.493906,120.4147949
109,S1900612,聯成化學科技股份有限公司林園廠,4748660,"80,997","16,291","97,288",高雄市,化學原材料製造業,832台灣高雄市林園區工業二路3號,22.5030674,120.4136687
109,S1900658,台灣苯乙烯工業股份有限公司高雄廠,20844865,"332,197","32,486","364,683",高雄市,化學原材料製造業,832台灣高雄市林園區工業一路7號,22.5073491,120.405701
109,S1900685,台灣塑膠工業股份有限公司林園廠,75708007,"719,348","101,338","820,686",高雄市,化學原材料製造業,832台灣高雄市林園區石化一路1號,22.5075475,120.4118101
109,S1900694,台灣石化合成股份有限公司林園廠,30974253,"30,312","85,557","115,869",高雄市,未分類其他化學製品製造業,832台灣高雄市林園區工業二路1號,22.4988619,120.4144485
109,S1900710,台灣中油股份有限公司石化事業部,3707901,"2,014,413","85,448","2,099,861",高雄市,化學原材料製造業,832台灣高雄市林園區石化二路3號,22.4986779,120.406679
109,S1901002,合興石化工業股份有限公司林園廠,23531178,"27,552","27,562","55,114",高雄市,未分類其他化學製品製造業,832台灣高雄市林園區工業二路1號,22.4988619,120.4144485
109,S1901066,信昌化學工業股份有限公司林園廠,86120031,"163,754","111,388","275,142",高雄市,化學原材料製造業,832台灣高雄市林園區工業三路9號,22.4970261,120.4150045
109,S2001314,長春石油化學股份有限公司大發廠,11384806,"536,528","10,120","546,648",高雄市,蒸汽供應業,831台灣高雄市大寮區建業路11號,22.5710517,120.4276788
109,S2005081,長春人造樹脂廠股份有限公司大發廠,11384708,"338,726","225,129","563,855",高雄市,化學原材料製造業,831台灣高雄市大寮區華西路8號,22.5751524,120.4229687
109,S2005652,大連化學工業股份有限公司大發廠,12233428,"91,978","646,829","738,807",高雄市,化學原材料製造業,831台灣高雄市大寮區華西路8之1號,22.5748121,120.4256747
109,S2015916,長春人造樹脂廠股份有限公司大發二廠,11384708,"79,052","305,270","384,322",高雄市,化學原材料製造業,831台灣高雄市大寮區華西路8號,22.5751524,120.4229687
109,S2100223,中華紙漿股份有限公司久堂廠,94025264,"440,190","15,344","455,534",高雄市,紙漿、紙及紙板製造業,840台灣高雄市大樹區久堂路112號,22.6597566,120.4204955
109,S2201092,長春人造樹脂廠股份有限公司高雄廠,11384708,"24,301","77,828","102,129",高雄市,塑膠及合成橡膠原料製造業,814台灣高雄市仁武區工業一路14號,22.7003373,120.34104
109,S2201109,台灣塑膠工業股份有限公司仁武廠,75708007,"2,568,101","19,123","2,587,224",高雄市,化學原材料製造業,814台灣高雄市仁武區水管路100號,22.7057305,120.334949
109,S2300401,中國人造纖維股份有限公司高雄總廠,7066907,"424,802","5,070","429,872",高雄市,化學原材料製造業,815台灣高雄市大社區經建路8號,22.7247531,120.3360897
109,S2300410,中國石油化學工業開發股份有限公司大社廠,3084741,"135,421","25,144","160,565",高雄市,化學原材料製造業,815台灣高雄市大社區經建路1號,22.7258043,120.3403145
109,S2300429,國喬石油化學股份有限公司高雄廠,4212250,"558,189","3,643","561,832",高雄市,石油及煤製品製造業,815台灣高雄市大社區興工路4號,22.7210212,120.341794
109,S2300438,台橡股份有限公司高雄廠,3553737,"84,141","61,125","145,266",高雄市,塑膠及合成橡膠原料製造業,815台灣高雄市大社區興工路2號,22.7241632,120.3403621
109,S2300447,高雄塑酯化學工業股份有限公司,85803825,"69,462","21,879","91,341",高雄市,化學原材料製造業,815台灣高雄市大社區興工路1號,22.7240417,120.3410755
109,S2300465,大連化學工業股份有限公司高雄廠,12233428,"29,035","55,988","85,023",高雄市,化學原材料製造業,815台灣高雄市大社區興工路1之3號,22.7202288,120.3424248
109,S2500536,燁輝企業股份有限公司高雄一廠,75947936,"62,048","67,112","129,160",高雄市,金屬加工處理業,825台灣高雄市橋頭區里芋寮路369號,22.7654048,120.2770969
109,S2602473,裕鐵企業股份有限公司岡山二廠,85978401,"41,843","46,047","87,890",高雄市,金屬加工處理業,824台灣高雄市燕巢區安招路,22.7863349,120.3289808
109,S26A0793,裕鐵企業股份有限公司岡山三廠,85978401,"20,573","10,326","30,899",高雄市,金屬加工處理業,824台灣高雄市燕巢區安招路,22.7863349,120.3289808
109,S29A1607,群創光電股份有限公司F廠,12800225,"36,118","349,479","385,597",高雄市,光電材料及元件製造業,821台灣高雄市路竹區路科十路11號,22.8392912,120.2518516
109,S3200688,台灣電力股份有限公司興達發電廠,3795904,"17,008,852","21,221","17,030,073",高雄市,電力供應業,828台灣高雄市永安區興達路6號,22.8564943,120.2004541
109,U0100187,台灣水泥股份有限公司和平分公司和平廠,11913502,"3,278,854","134,886","3,413,740",花蓮縣,水泥及其製品製造業,972台灣花蓮縣秀林鄉和平村263號,24.3031223,121.7514351
109,U0100258,和平電力股份有限公司和平火力發電廠,16096852,"7,907,407",463,"7,907,870",花蓮縣,電力供應業,972台灣花蓮縣秀林鄉和工二路7號,24.3088771,121.7633072
109,U9100978,台灣水泥股份有限公司花蓮廠,11913502,16,"1,116","1,132",花蓮縣,水泥及其製品製造業,970台灣花蓮縣花蓮市花蓮市華東103號,24.0091191,121.6366762
109,U9400115,亞洲水泥股份有限公司花蓮製造廠,3244509,"2,998,903","163,824","3,162,727",花蓮縣,水泥及其製品製造業,971台灣花蓮縣新城鄉新興路125號,24.1334551,121.6393111
109,U9500478,中華紙漿股份有限公司花蓮廠,94025264,"73,087","97,851","170,938",花蓮縣,紙漿、紙及紙板製造業,973台灣花蓮縣吉安鄉光華街100號,23.9312034,121.5839363
109,V7500777,中華紙漿股份有限公司台東廠,94025264,"120,161","46,685","166,846",臺東縣,紙漿、紙及紙板製造業,950台灣臺東縣臺東市中興路四段371號,22.7742055,121.0953973
109,W0404930,台灣電力股份有限公司塔山發電廠夏興分廠,3795904,"11,750",,"11,750",金門縣,電力供應業,891,24.440549,118.397934
109,W0504775,台灣電力股份有限公司塔山發電廠,3795904,"185,004",179,"185,183",金門縣,電力供應業,893西海路一段2號,24.4143164,118.2821738
109,W0803559,台灣電力股份有限公司塔山發電廠麒麟分廠,3795904,"13,137",,"13,137",金門縣,電力供應業,894,24.4304034,118.2511793
109,X0501232,台灣電力股份有限公司尖山發電廠,3795904,"290,478",259,"290,737",澎湖縣,電力供應業,880台灣澎湖縣馬公市新生路333號,23.5670483,119.5805389
109,Z6303328,台灣電力(股)公司協和發電廠馬祖珠山分廠-珠山機組,3795904,"32,544",,"32,544",連江縣,電力供應業,2094299之9號,26.1552886,119.9348373
108,B2311535,台灣康寧顯示玻璃股份有限公司,4388145,"47,951","341,840","389,791",臺中市,玻璃及其製品製造業,407台灣臺中市西屯區科園路1號,24.2012912,120.6177527
108,B2313780,友達光電股份有限公司台中廠,84149738,"18,299","1,031,644","1,049,943",臺中市,光電材料及元件製造業,421台灣臺中市后里區馬場路1號,24.2954401,120.7268487
108,B23B6125,台灣積體電路製造股份有限公司十五B廠,22099131,"286,269","1,276,683","1,562,952",臺中市,半導體製造業,407台灣台中市西屯区新科路1號,24.2118688,120.6086166
108,B9100709,華新麗華股份有限公司台中不銹鋼廠,35412204,"39,246","39,769","79,015",臺中市,金屬加工處理業,435台灣臺中市梧棲區經三路57號,24.2469644,120.5116444
108,B9202664,台灣美光記憶體股份有限公司台中二廠,28518076,"4,426","113,852","118,278",臺中市,半導體製造業,421台灣台中市后里区后科南路88號A棟,24.3172929,120.7253056
108,C1400170,台灣電力股份有限公司協和發電廠,3795904,"2,918,707","24,945","2,943,652",基隆市,電力供應業,203台灣基隆市中山區文化路80號,25.1534456,121.7348548
108,C1500291,敦南科技股份有限公司基隆廠,23528103,538,"10,623","11,161",基隆市,其他電子零組件製造業,231台灣新北市新店區寶橋路233之2號9樓,24.979519,121.5518969
108,D0301680,瀚宇彩晶南科觸控感應器廠,16450500,"2,980","44,181","47,161",臺南市,光電材料及元件製造業,741台灣臺南市新市區南科二路35號,23.09469,120.2800349
108,D0302141,聯華電子股份有限公司Fab12A廠第二廠區,47217677,"15,601","128,906","144,507",臺南市,半導體製造業,744台灣臺南市新市區南科二路18號,23.0956627,120.2790714
108,D9000120,和鑫光電股份有限公司南科廠,70750217,"51,953","43,592","95,545",臺南市,光電材料及元件製造業,741台灣臺南市善化區北園一路7號,23.1232374,120.2663966
108,D9000746,台灣積體電路製造股份有限公司十四B廠,22099131,"141,265","672,193","813,458",臺南市,半導體製造業,741台灣臺南市善化區南科九路17號,23.1116704,120.2671479
108,D9001225,群創光電股份有限公司觸控模組廠,12800225,85,"25,811","25,896",臺南市,光電材料及元件製造業,741台灣臺南市善化區南科八路12號B棟,23.1154249,120.2762664
108,D9001396,台灣積體電路製造股份有限公司十四B廠七期,22099131,"51,249","267,741","318,990",臺南市,半導體製造業,741台灣臺南市善化區南科九路17號,23.1116704,120.2671479
108,E1902497,林園先進材料科技股份有限公司,42818882,"202,107","14,402","216,509",高雄市,石油及煤製品製造業,832台灣高雄市林園區石化四路1號,22.4863542,120.4087585
108,E2000554,錦州科技股份有限公司大發廠,53520959,"591,738","5,489","597,227",高雄市,蒸汽供應業,831台灣高雄市大寮區華西路8號,22.5751524,120.4229687
108,E2902160,群創光電股份有限公司L6廠,12800225,"16,091","142,853","158,944",高雄市,光電材料及元件製造業,821台灣高雄市路竹區路科十路11號,22.8392912,120.2518516
108,E4900333,台灣中油股份有限公司煉製事業部高雄煉油廠,3707901,345,"18,286","18,631",高雄市,石油及煤製品製造業,812台灣高雄市小港區沿海四路50號,22.5290654,120.3472505
108,E5400878,台灣電力股份有限公司南部發電廠,3795904,"3,019,106","3,163","3,022,269",高雄市,電力供應業,806台灣高雄市前鎮區成功二路5號,22.601544,120.3019432
108,E5600056,台灣中油股份有限公司煉製事業部大林煉油廠,3707901,"2,812,448","682,026","3,494,474",高雄市,石油及煤製品製造業,812台灣高雄市小港區沿海四路50號,22.5290654,120.3472505
108,E5600092,中鋼鋁業股份有限公司,96971313,"69,520","132,279","201,799",高雄市,鋁製造業,812台灣高雄市小港區東林路17號,22.5421711,120.3737001
108,E5600305,李長榮化學工業股份有限公司高雄廠,39054405,"23,066","112,706","135,772",高雄市,未分類其他化學製品製造業,812台灣高雄市小港區中林路3號,22.5383366,120.3685808
108,E5600332,協勝發鋼鐵廠股份有限公司,79254702,"87,961","197,684","285,645",高雄市,鋼鐵製造業,812台灣高雄市小港區光陽街7號,22.5593181,120.3655639
108,E5600369,東和鋼鐵企業股份有限公司高雄廠,75280209,"15,469","10,879","26,348",高雄市,鋼鐵製造業,812台灣高雄市小港區嘉興街8號,22.5619942,120.3634959
108,E5600501,海光企業股份有限公司,75470524,"28,287","110,635","138,922",高雄市,鋼鐵製造業,812台灣高雄市小港區沿海二路12號,22.550625,120.365646
108,E5600565,盛餘股份有限公司,79837539,"26,232","50,739","76,971",高雄市,金屬加工處理業,812台灣高雄市小港區中林路11號,22.5370549,120.367025
108,E5600798,龍慶鋼鐵企業股份有限公司,85793919,"17,459","45,893","63,352",高雄市,鋼鐵製造業,812台灣高雄市小港區利昌街4號,22.5540037,120.3649057
108,E5600841,中國鋼鐵股份有限公司,30414175,"20,304,215","1,087,969","21,392,184",高雄市,鋼鐵製造業,824台灣高雄市燕巢區中興路500號,22.7817815,120.3595665
108,E5600850,中國石油化學工業開發股份有限公司小港廠,3084741,"634,549","142,115","776,664",高雄市,化學原材料製造業,812台灣高雄市小港區中林路34號,22.5360641,120.3642442
108,E5600869,台灣糖業股份公司小港廠,3794905,"90,210","2,873","93,083",高雄市,其他食品製造業,812台灣高雄市小港區小港路133號,22.5621832,120.3390414
108,E5600896,台灣電力股份有限公司大林發電廠,3795904,"11,525,868","2,961","11,528,829",高雄市,電力供應業,812台灣高雄市小港區大林路3號,22.5308911,120.3366197
108,E5601080,漢泰鋼鐵股份有限公司,75688109,"28,641","13,382","42,023",高雄市,鋼鐵製造業,812台灣高雄市小港區世全路4號,22.5474714,120.3705687
108,E5601197,唐榮鐵工廠股份有限公司,75460005,"54,935","101,127","156,062",高雄市,鋼鐵製造業,812台灣高雄市小港區沿海二路4號,22.5451216,120.3703228
108,E5602952,海光企業股份有限公司嘉興鋼鐵廠,75470524,"25,780","30,801","56,581",高雄市,鋼鐵製造業,812台灣高雄市小港區嘉興街5號,22.5606958,120.3614081
108,E56A2617,尚承鋼鐵股份有限公司,27208480,"77,291","73,404","150,695",高雄市,鋼鐵製造業,812台灣高雄市小港區大業南路7號,22.5211979,120.3606376
108,E56A4792,中國鋼鐵股份有限公司第三冷軋廠,30414175,"47,600","120,365","167,965",高雄市,鋼鐵製造業,812台灣高雄市小港區茂大街5號,22.5549226,120.3626755
108,E56A7340,源鋼企業股份有限公司,12745455,"33,078","14,683","47,761",高雄市,鋼鐵製造業,812台灣高雄市小港區嘉興街8號,22.5619942,120.3634959
108,F0622537,九滎股份有限公司瓊林廠,80629340,"21,564","4,424","25,988",新北市,染整業,242台灣新北市新莊區瓊林南路301巷13號,25.0058201,121.4351309
108,F0701702,南亞塑膠工業股份有限公司樹林廠,75370905,"329,117","3,818","332,935",新北市,塑膠及合成橡膠原料製造業,238台灣新北市樹林區味王街55號,24.9734285,121.4044056
108,F0801707,三洋窯業股份有限公司,34263157,"24,396","8,470","32,866",新北市,其他非金屬礦物製品製造業,23943台灣新北市鶯歌區八德路16號,24.9555063,121.3310637
108,F1507182,泰利實業股份有限公司五股廠,16007423,"30,805","5,335","36,140",新北市,染整業,248台灣新北市五股區凌雲路二段,25.1031441,121.4450866
108,F1600491,南亞塑膠工業股份有限公司林口二廠,75370905,"288,143","32,784","320,927",新北市,塑膠及合成橡膠原料製造業,243台灣新北市泰山區南林路102號,25.0447206,121.4069325
108,F1606662,南亞科技股份有限公司三廠,89390656,"88,701","373,008","461,709",新北市,半導體製造業,243台灣新北市泰山區南林路98號,25.0482461,121.4149629
108,F1700736,台灣電力股份有限公司林口發電廠,3795904,"12,170,563","19,495","12,190,058",新北市,電力供應業,244台灣新北市林口區106縣道139-1號,25.1194311,121.2986118
108,F2200084,台灣電力股份有限公司第一核能發電廠,3795904,"5,063","58,492","63,555",新北市,電力供應業,253台灣新北市石門區12號,25.2907134,121.5913744
108,F2800075,台灣電力股份有限公司第二核能發電廠,3795904,"12,349","6,477","18,826",新北市,電力供應業,207台灣新北市萬里區八斗60號,25.2063645,121.659595
108,G3200778,台灣水泥股份有限公司蘇澳廠,11913502,"1,043,184","61,952","1,105,136",宜蘭縣,水泥及其製品製造業,270台灣宜蘭縣蘇澳鎮永昌路46號,24.5882824,121.8527153
108,G3200849,信大水泥股份有限公司南聖湖廠,3279507,"488,374","38,887","527,261",宜蘭縣,水泥及其製品製造業,270台灣宜蘭縣蘇澳鎮中山路二段235號,24.6097827,121.8261511
108,G32A0540,羅東鋼鐵廠股份有限公司煉鋼廠,42010509,"30,213","89,220","119,433",宜蘭縣,鋼鐵製造業,270台灣宜蘭縣蘇澳鎮德興一路57號,24.623783,121.8202667
108,G3700791,台灣化學纖維股份有限公司龍德廠,58650902,"1,270,124","1,049","1,271,173",宜蘭縣,化學原材料製造業,269台灣宜蘭縣冬山鄉龍祥十路2號,24.624946,121.814179
108,G3700880,台灣塑膠工業股份有限公司冬山廠,75708007,"136,882","14,863","151,745",宜蘭縣,其他非金屬礦物製品製造業,269台灣宜蘭縣冬山鄉東福路201號,24.6217177,121.8086409
108,G37A0585,潤泰精密材料股份有限公司宜蘭冬山廠,86871981,"597,780","46,355","644,135",宜蘭縣,水泥及其製品製造業,269台灣宜蘭縣冬山鄉大安路357號,24.628994,121.7838112
108,g38a0540,台灣半導體股份有限公司利澤廠,34286449,35,"8,762","8,797",宜蘭縣,半導體製造業,268台灣宜蘭縣五結鄉利工一路二段31號,24.6485026,121.8363207
108,G4100017,幸福水泥股份有限公司東澳廠,40601248,"604,114","40,452","644,566",宜蘭縣,水泥及其製品製造業,272台灣宜蘭縣南澳鄉蘇花路三段101號,24.516755,121.829478
108,H4202215,新隆纖維染整股份有限公司桃園廠,7472834,"35,769","8,167","43,936",桃園市,染整業,330台灣桃園市桃園區春日路1733巷7號,25.027768,121.303838
108,H4301839,大鐘印染股份有限公司中壢廠,57002416,"41,571","8,853","50,424",桃園市,染整業,320台灣桃園市中壢區新生路三段741號,25.00012,121.21535
108,H4313348,精材科技股份有限公司中壢廠,16741846,"20,324","14,714","35,038",桃園市,其他電子零組件製造業,320台灣桃園市中壢區吉林路23號9樓,24.9795194,121.2450777
108,H43A2855,精材科技股份有限公司中壢二廠,16741846,"39,246","16,308","55,554",桃園市,其他電子零組件製造業,320台灣桃園市中壢區中園路188號,24.9824025,121.2375025
108,H43C0794,精材科技股份有限公司中壢三廠,16741846,"1,408","19,930","21,338",桃園市,其他電子零組件製造業,320台灣桃園市中壢區中園路188號,24.9824025,121.2375025
108,H4500458,力鵬企業股份有限公司楊梅廠,33955322,"69,804","21,388","91,192",桃園市,染整業,326台灣桃園市楊梅區新榮路339號,24.9554337,121.1570856
108,H4500743,中興紡織廠股份有限公司楊梅化纖廠,35082604,"71,729","91,425","163,154",桃園市,塑膠及合成橡膠原料製造業,326台灣桃園市楊梅區中山南路567號,24.9022389,121.131159
108,H45A1887,永豐餘消費品實業股份有限公司楊梅廠,22327037,"24,290","18,089","42,379",桃園市,其他紙製品製造業,326台灣桃園市楊梅區梅高路二段668巷70號,24.9482628,121.1507052
108,H4600551,大統新創股份有限公司染整廠,22267777,"29,230","6,563","35,793",桃園市,染整業,338台灣桃園市蘆竹區榮安路9號,25.0610915,121.2832991
108,H4600579,大同染整股份有限公司桃園廠,7014916,"28,396","7,897","36,293",桃園市,染整業,338台灣桃園市蘆竹區新南路一段338-1號,25.0412055,121.2960452
108,H4601227,義芳化學工業股份有限公司桃園廠,15395706,"378,797","59,919","438,716",桃園市,化學原材料製造業,338台灣桃園市蘆竹區海湖里海湖東路375號,25.1065564,121.2713767
108,H4601290,台硝股份有限公司桃園廠,38033305,"45,958","18,721","64,679",桃園市,未分類其他化學製品製造業,338台灣桃園市蘆竹區大坑街25號,25.1078696,121.2754835
108,H4601398,南亞塑膠工業股份有限公司錦興廠,75370905,"754,408","14,261","768,669",桃園市,其他非金屬礦物製品製造業,33859台灣桃园市芦竹区南崁路一段336號A棟宿舍一樓,25.0565392,121.283691
108,H4602313,環泰企業股份有限公司南崁廠,12529007,"26,744","4,688","31,432",桃園市,其他食品製造業,338台灣桃園市蘆竹區南青路1156巷75號,25.0557351,121.2718702
108,H4604568,長生電力股份有限公司,96933037,"1,653,190","3,991","1,657,181",桃園市,電力供應業,338台灣桃園市蘆竹區濱海路一段199號,25.116249,121.257084
108,H46A9391,台光染整股份有限公司海湖二廠,43834853,"27,052",744,"27,796",桃園市,染整業,338台灣桃園市蘆竹區海湖北路309巷100號,25.1135577,121.2625797
108,H46B0495,世界先進積體電路股份有限公司晶圓三廠,84149358,"71,451","180,577","252,028",桃園市,半導體製造業,338台灣桃園市蘆竹區南崁路一段338號,25.0553661,121.2826331
108,H4700645,正隆股份有限公司大園廠,33085508,"213,926","130,360","344,286",桃園市,紙漿、紙及紙板製造業,337台灣桃園市大園區大工路116號,25.0700511,121.1789244
108,H4702336,大園汽電共生股份有限公司,84526079,"418,836","18,427","437,263",桃園市,電力供應業,337台灣桃園市大園區潮音北路276號,25.0793269,121.1759049
108,H4801478,南亞塑膠工業股份有限公司工三廠,75370905,"160,690","274,378","435,068",桃園市,紡紗業,333台灣桃園市龜山區文明路6號,25.0620289,121.3734827
108,H4803507,台灣中油股份有限公司煉製事業部桃園煉油廠,3707901,"1,734,115","200,560","1,934,675",桃園市,石油及煤製品製造業,333台灣桃園市龜山區民生北路一段50號,25.033276,121.3059734
108,H4806348,穩懋半導體股份有限公司華亞廠,70752257,"15,134","21,317","36,451",桃園市,半導體製造業,333台灣桃園市龜山區科技七路69號,25.0433928,121.3754587
108,H4810799,國光電力股份有限公司,70833553,"771,432","3,170","774,602",桃園市,電力供應業,333台灣桃園市龜山區南上里北油1區11號,25.0404917,121.3440136
108,H4810851,華亞汽電股份有限公司華亞汽電廠,70783006,"2,249,128","47,203","2,296,331",桃園市,電力供應業,333台灣桃園市龜山區華亞一路98號,25.0344928,121.373079
108,H4886999,穩懋半導體股份有限公司華亞二廠,70752257,"37,711","47,179","84,890",桃園市,半導體製造業,333台灣桃園市龜山區科技七路69號,25.0433928,121.3754587
108,H4888493,友達光電股份有限公司,84149738,"7,573","280,314","287,887",桃園市,光電材料及元件製造業,333台灣桃園市龜山區華亞二路189號,25.0469273,121.3731365
108,H4888582,台灣美光晶圓科技股份有限公司二廠,80353271,"67,075","611,618","678,693",桃園市,半導體製造業,"No. 2號, 里華亞五路, 龜山區桃園市台灣 333",25.0358706,121.3748919
108,H4889454,台灣美光晶圓科技股份有限公司一廠,80353271,"114,868","552,428","667,296",桃園市,半導體製造業,333台灣桃園市龜山區復興三路667號,25.0384005,121.3738286
108,H48B0554,穩懋半導體股份有限公司龜山廠,70752257,"13,498","34,049","47,547",桃園市,半導體製造業,333台灣桃園市龜山區山鶯路200-5號,24.9867749,121.3261721
108,H4903093,中華凸版電子股份有限公司,16083358,"4,719","17,674","22,393",桃園市,半導體製造業,334台灣桃園市八德區和平路1127-3號,24.9643888,121.322514
108,H49A2429,凌巨科技股份有限公司八德廠,16432742,"111,620","84,221","195,841",桃園市,光電材料及元件製造業,334台灣桃園市八德區和平路1127號,24.9668906,121.3208406
108,H5002362,友達光電股份有限公司桃園分公司,84149738,"14,851","230,818","245,669",桃園市,光電材料及元件製造業,333台灣桃園市龜山區華亞二路189號,25.0469273,121.3731365
108,H5008211,友達光電股份有限公司龍科廠,84149738,"7,429","321,699","329,128",桃園市,光電材料及元件製造業,325台灣桃園市龍潭區龍科街228號,24.8775881,121.1859654
108,H50A1985,合晶科技股份有限公司園區分公司,16138282,"3,554","32,972","36,526",桃園市,半導體製造業,325台灣桃園市龍潭區龍園一路100號,24.8849954,121.1873237
108,H50A6430,台灣積體電路製造股份有限公司先進封測三廠,22099131,"6,140","193,606","199,746",桃園市,半導體製造業,325台灣桃園市龍潭區龍園六路101號,24.8836369,121.1855573
108,H50A6777,美商蘋果電子股份有限公司台灣分公司,54393468,"3,105","18,665","21,770",桃園市,光電材料及元件製造業,325台灣桃園市龍潭區龍園十路55號,24.8874319,121.1857539
108,H5100952,新光合成纖維股份有限公司中壢廠,7435515,"106,519","162,921","269,440",桃園市,紡紗業,324台灣桃園市平鎮區延平路三段223號,24.9378588,121.2023161
108,h5103604,全新光電科技股份有限公司平鎮廠,97170472,470,"9,412","9,882",桃園市,光電材料及元件製造業,324台灣桃園市平鎮區工業一路16號,24.9056519,121.203415
108,H5200215,永豐餘工業用紙股份有限公司新屋廠,27719048,"642,531","39,682","682,213",桃園市,其他紙製品製造業,327台灣桃園市新屋區永福路281號,24.9810267,121.0400091
108,H5200617,聯成鋼鐵股份有限公司桃園廠,22822748,"29,835","63,198","93,033",桃園市,鋼鐵製造業,327台灣桃園市新屋區中華路996號,24.9887508,121.1034125
108,H5300078,亞東石化股份有限公司,22318678,"92,660","41,490","134,150",桃園市,化學原材料製造業,328台灣桃園市觀音區工業七路2號,25.0477421,121.1107732
108,H5300210,遠東新世紀股份有限公司觀音化纖廠,3522600,"132,980","91,185","224,165",桃園市,人造纖維製造業,328台灣桃園市觀音區經建六路3號,25.062973,121.116956
108,H5300425,錦美紙業股份有限公司觀音廠,34175598,"27,936","18,931","46,867",桃園市,紙漿、紙及紙板製造業,328台灣觀音區榮工北路10號,25.0588495,121.1289161
108,H5300916,台灣玻璃工業股份有限公司桃園廠,11914002,"60,588","56,543","117,131",桃園市,玻璃及其製品製造業,328台灣桃園市觀音區經建五路1號,25.0604724,121.1143722
108,H5301548,富順纖維工業股份有限公司觀音廠,7407200,"35,166","7,597","42,763",桃園市,染整業,337053台灣桃園市大園區大工路126號,25.0739522,121.1767528
108,h5302063,日皓造紙工業股份有限公司,24001900,"31,747","21,288","53,035",桃園市,紙漿、紙及紙板製造業,328台灣桃園市觀音區國建三路5號,25.0591006,121.1076492
108,H5307960,台灣電力股份有限公司大潭發電廠,3795904,"10,744,102","1,936","10,746,038",桃園市,電力供應業,328台灣桃園市觀音區電廠路1號,25.0309103,121.051866
108,H53A0675,東和鋼鐵企業股份有限公司桃園廠,75280209,"66,156","358,286","424,442",桃園市,鋼鐵製造業,328台灣桃園市觀音區保障里8鄰草漯116號,25.0694825,121.1394918
108,H53A2255,利芃國際股份有限公司觀音,53121117,"40,617","16,799","57,416",桃園市,未分類其他化學製品製造業,找不到結果,,
108,H53A2562,華亞汽電股份有限公司觀音公用廠,70783006,"154,415","3,864","158,279",桃園市,電力供應業,328台灣桃園市觀音區工業七路3號,25.04899,121.108374
108,H53A3580,亞東石化股份有限公司觀音二廠,22318678,"211,648","86,346","297,994",桃園市,化學原材料製造業,328台灣桃園市觀音區工業七路2號,25.0477421,121.1107732
108,H53A6138,東齊染整股份有限公司,54796568,"25,952","6,482","32,434",桃園市,染整業,328台灣桃園市觀音區新華路二段225號,25.0058704,121.1303886
108,H53A6653,台灣科慕股份有限公司觀音廠,24548079,"94,024","113,651","207,675",桃園市,化學原材料製造業,328台灣桃園市觀音區成功路二段566號,25.0450803,121.1063443
108,J5500366,正隆股份有限公司竹北廠,33085508,"71,092","64,641","135,733",新竹縣,其他紙製品製造業,302台灣新竹縣竹北市長青路二段300號,24.8599588,120.9632033
108,J5500526,東華合纖股份有限公司l新竹廠,11083148,"15,786","2,640","18,426",新竹縣,人造纖維製造業,302台灣新竹縣竹北市中華路1005號,24.8499562,121.0043688
108,J5601064,新桃電力股份有限公司,16596337,"953,409","5,945","959,354",新竹縣,電力供應業,306台灣新竹縣關西鎮台電新村66號,24.8153621,121.197594
108,J5700222,遠東新世紀股份有限公司化學纖維總廠,3522600,"263,663","186,099","449,762",新竹縣,人造纖維製造業,305台灣新竹縣新埔鎮文山路亞東段369號,24.8252143,121.0577843
108,J5700231,大享容器工業股份有限公司,46007218,"76,548","19,421","95,969",新竹縣,玻璃及其製品製造業,305台灣新竹縣新埔鎮文山路犂頭山段1118號,24.8344204,121.0271184
108,J5800941,財團法人工業技術研究院,2750963,140,"5,315","5,455",新竹縣,綜合研究發展服務業,30011台灣新竹市東區光復路二段321號,24.8003599,120.9879606
108,J5901658,長春人造樹脂廠股份有限公司新竹廠,11384708,"366,920","9,205","376,125",新竹縣,塑膠及合成橡膠原料製造業,303台灣新竹縣湖口鄉中華路8號,24.8672478,121.0068787
108,J5905432,艾克爾先進科技股份有限公司,16847968,"1,182","11,939","13,121",新竹縣,半導體製造業,303台灣新竹縣湖口鄉光復北路39號,24.8742817,121.0307593
108,J5909823,帆宣系統科技股份有限公司,23145632,172,795,967,新竹縣,其他專用機械設備製造業,305台灣新竹縣新埔鎮文山路犂頭山段186號,24.8303917,121.0405646
108,J59A1577,辛耘企業股份有限公司,30901647,264,"9,129","9,393",新竹縣,其他專用機械設備製造業,303台灣新竹縣湖口鄉中華路16號,24.869372,121.008232
108,J6203071,台星科股份有限公司,70552666,"2,516","25,180","27,696",新竹縣,其他電子零組件製造業,307台灣新竹縣芎林鄉鹿寮坑176之5號,24.7439205,121.1362063
108,J6300146,漢磊科技股份有限公司創新廠,47299902,"3,159","7,333","10,492",新竹縣,半導體製造業,30076台灣新竹市東區科學園區新竹縣寶山鄉創新一路18號1樓,24.777619,120.996058
108,J6300155,台灣高技股份有限公司,22099343,402,"3,826","4,228",新竹縣,其他電子零組件製造業,330台灣桃園市桃園區興邦路43巷3號,24.9801394,121.3279995
108,J6300299,漢磊科技股份有限公司研發廠,47299902,"16,457","24,380","40,837",新竹縣,半導體製造業,30076台灣新竹市東區科學園區新竹縣寶山鄉創新一路18號1樓,24.777619,120.996058
108,J6300324,台灣積體電路製造股份有限公司三廠3E廠,22099131,"14,819","64,647","79,466",新竹縣,半導體製造業,308台灣新竹縣寶山鄉研新一路9號,24.7752198,120.9902335
108,J6300557,台灣積體電路製造股份有限公司二廠,22099131,"43,899","73,110","117,009",新竹縣,半導體製造業,308台灣新竹縣寶山鄉園區三路121號,24.7729556,120.9988381
108,J6300959,世界先進積體電路股份有限公司晶圓一廠,84149358,"146,857","115,382","262,239",新竹縣,半導體製造業,308台灣新竹縣寶山鄉園區三路123號,24.7755954,120.9962272
108,J6301107,台灣積體電路製造股份有限公司三廠,22099131,"119,391","165,138","284,529",新竹縣,半導體製造業,308台灣新竹縣寶山鄉研新一路9號,24.7752198,120.9902335
108,J6301447,台灣積體電路製造股份有限公司五廠,22099131,"54,661","95,577","150,238",新竹縣,半導體製造業,308台灣新竹縣寶山鄉園區三路121號,24.7742653,120.9981518
108,J63A0048,聯華電子股份有限公司Fab8S廠,47217677,"27,676","69,901","97,577",新竹縣,半導體製造業,300台灣新竹縣寶山鄉研新一路16號,24.7749701,120.9938198
108,J63A0107,台灣積體電路製造股份有限公司十二廠研新廠,22099131,"54,963","132,207","187,170",新竹縣,半導體製造業,308台灣新竹縣寶山鄉園區二路188號,24.7682233,121.0145867
108,J63A1056,台灣積體電路製造股份有限公司十二廠四期/五期,22099131,"41,464","305,058","346,522",新竹縣,半導體製造業,308台灣新竹縣寶山鄉園區二路168號,24.7702397,121.0123147
108,J63A1591,台灣積體電路製造股份有限公司十二廠六期,22099131,"20,848","211,205","232,053",新竹縣,半導體製造業,308台灣新竹縣寶山鄉園區二路166號,24.7713146,121.0111965
108,J63A1670,台灣積體電路製造股份有限公司十二廠七期,22099131,"48,366","353,824","402,190",新竹縣,半導體製造業,308台灣新竹縣寶山鄉園區二路188號,24.7682233,121.0145867
108,J63A1719,聯穎光電股份有限公司竹科廠,53170263,"15,066","36,970","52,036",新竹縣,半導體製造業,308台灣新竹縣寶山鄉創新一路10號,24.7764668,120.9976736
108,K6801089,長春石油化學股份有限公司苗栗廠,11384806,"1,465,740","47,703","1,513,443",苗栗縣,未分類其他化學製品製造業,360台灣苗栗縣苗栗市宜春路245號,24.5932743,120.8104072
108,K6801123,長春石油化學股份有限公司苗栗二廠,11384806,"83,531","1,081,761","1,165,292",苗栗縣,化學原材料製造業,360台灣苗栗縣苗栗市宜春路245號,24.5932743,120.8104072
108,K7000504,臺鹽實業股份有限公司通霄精鹽廠,89397503,"23,113",861,"23,974",苗栗縣,其他食品製造業,357台灣苗栗縣通霄鎮122號,24.55595,120.7035792
108,K7000513,建順煉鋼股份有限公司,55695790,"26,211","87,274","113,485",苗栗縣,鋼鐵製造業,357台灣苗栗縣通霄鎮五北里68之4號,24.4722161,120.6696128
108,K7000764,台灣電力股份有限公司通霄發電廠,3795904,"5,666,197","11,520","5,677,717",苗栗縣,電力供應業,357台灣苗栗縣通霄鎮海濱路1-31號,24.489653,120.673746
108,K7104025,群創光電股份有限公司T1廠,12800225,"6,864","131,125","137,989",苗栗縣,光電材料及元件製造業,350台灣苗栗縣竹南鎮科中路12號,24.7095333,120.9162947
108,K71A1370,群創光電股份有限公司T2廠,12800225,"19,519","229,400","248,919",苗栗縣,光電材料及元件製造業,350台灣苗栗縣竹南鎮科學路160號,24.7144072,120.9146606
108,K71A2695,群創光電股份有限公司T3廠,12800225,"16,644","90,883","107,527",苗栗縣,光電材料及元件製造業,350台灣苗栗縣竹南鎮科中路12號,24.7095333,120.9162947
108,K7200933,華夏海灣塑膠股份有限公司頭份廠,11686106,"50,660","90,007","140,667",苗栗縣,化學原材料製造業,351台灣苗栗縣頭份市民族路571號,24.6851829,120.8895549
108,K7201001,中國石油化學工業開發股份有限公司頭份廠,3084741,"956,414","4,048","960,462",苗栗縣,化學原材料製造業,351台灣苗栗縣頭份市自強路二段217號,24.6822518,120.8923886
108,k8000366,立安東化工股份有限公司三義廠,20939460,"99,158","19,456","118,614",苗栗縣,化學原材料製造業,367台灣苗栗縣三義鄉99號,24.3507679,120.7410567
108,K8100129,東和鋼鐵企業股份有限公司苗栗廠,75280209,"100,208","244,360","344,568",苗栗縣,鋼鐵製造業,36842台灣苗栗縣西湖鄉22號,24.5692351,120.7394317
108,K8201149,冠軍建材股份有限公司第二廠,49701774,"63,779","27,660","91,439",苗栗縣,耐火、黏土建材及其他陶瓷製品製造業,361台灣苗栗縣造橋鄉乳姑山2號,24.6250076,120.8527989
108,L0000624,永豐餘工業用紙股份有限公司成功廠,27719048,"29,259","14,128","43,387",臺中市,紙漿、紙及紙板製造業,414台灣臺中市烏日區中山路三段546號,24.1142801,120.5924996
108,L0200473,台灣電力股份有限公司台中發電廠,3795904,"26,920,261","52,055","26,972,316",臺中市,電力供應業,434台灣臺中市龍井區龍昌路1號,24.2145358,120.4921722
108,L0200633,中龍鋼鐵股份有限公司,84613756,"8,833,210","204,387","9,037,597",臺中市,鋼鐵製造業,434台灣臺中市龍井區龍昌路100號,24.2293309,120.501457
108,L02A0301,中聯資源股份有限公司台中廠,86119908,"27,925","24,374","52,299",臺中市,其他非金屬礦物製品製造業,434台灣臺中市龍井區南堤路2號,24.2269716,120.4794207
108,L8801052,廣源造紙股份有限公司台中廠,50301500,"114,114","46,180","160,294",臺中市,紙漿、紙及紙板製造業,437台灣臺中市大甲區工一路1號,24.4116758,120.6442857
108,L8900676,永豐餘消費品實業股份有限公司清水廠,22327037,"36,546","28,189","64,735",臺中市,其他紙製品製造業,436台灣臺中市清水區舊庄路258號,24.2974958,120.6327659
108,L9000666,味丹企業股份有限公司沙鹿第一工廠,56121907,"139,478","39,421","178,899",臺中市,其他食品製造業,433台灣臺中市沙鹿區興安路65號,24.228647,120.549604
108,L9100198,台灣玻璃工業股份有限公司台中廠,11914002,"95,797","18,196","113,993",臺中市,玻璃及其製品製造業,435台灣臺中市梧棲區自強路377號,24.2372238,120.5217875
108,L9100563,台灣玻璃工業股份有限公司台中廠平板三場,11914002,"38,812","23,929","62,741",臺中市,玻璃及其製品製造業,435台灣臺中市梧棲區自強路377號,24.2372238,120.5217875
108,L9101748,中美和石油化學股份有限公司台中廠,14040691,"158,328","30,832","189,160",臺中市,化學原材料製造業,435台灣臺中市梧棲區草湳里南堤路2段89號,24.2613362,120.4966377
108,L9200693,正隆股份有限公司后里分公司,33085508,"828,073","28,684","856,757",臺中市,紙漿、紙及紙板製造業,421台灣臺中市后里區三豐路三段2號,24.2845555,120.723059
108,L9200728,豐興鋼鐵股份有限公司,55389357,"227,615","486,381","713,996",臺中市,鋼鐵製造業,421台灣臺中市后里區甲后路一段998號,24.3108348,120.710959
108,L9202099,台灣美光記憶體股份有限公司台中一廠,28518076,"93,942","444,099","538,041",臺中市,半導體製造業,421台灣臺中市后里區三豐路四段369號,24.3185835,120.7247905
108,L92A0931,友達光電股份有限公司后里廠,84149738,"7,212","360,706","367,918",臺中市,光電材料及元件製造業,421台灣臺中市后里區馬場路1號,24.2954401,120.7268487
108,L9506056,華邦電子股份有限公司中科廠,22099218,"65,749","268,947","334,696",臺中市,半導體製造業,428台灣臺中市大雅區科雅一路8號,24.211258,120.6187403
108,L95A2041,台灣積體電路製造股份有限公司15廠,22099131,"185,290","785,576","970,866",臺中市,半導體製造業,428台灣臺中市大雅區科雅六路1號,24.2117205,120.6166094
108,N0803765,台灣玻璃工業股份有限公司鹿港廠,11914002,"50,232","96,275","146,507",彰化縣,玻璃及其製品製造業,505台灣彰化縣鹿港鎮鹿工路52號,24.0772777,120.388258
108,N08A1098,台灣玻璃工業股份有限公司鹿港平板廠,11914002,"116,361","17,053","133,414",彰化縣,玻璃及其製品製造業,505台灣彰化縣鹿港鎮鹿工路52號,24.0772777,120.388258
108,N1400562,榮成紙業股份有限公司,34202841,"246,228","1,663","247,891",彰化縣,紙漿、紙及紙板製造業,526台灣彰化縣二林鎮廣興巷1-1號,23.8653186,120.3620492
108,N14A1507,榮成紙業股份有限公司蒸汽廠,34202841,"260,779","2,212","262,991",彰化縣,紙漿、紙及紙板製造業,526台灣彰化縣二林鎮廣興巷1-1號,23.8653186,120.3620492
108,N1504207,星能電力股份有限公司,70783765,"861,838","5,188","867,026",彰化縣,電力供應業,507台灣彰化縣線西鄉線工南二路2號,24.126898,120.4307108
108,N1505633,星元電力股份有限公司(星元天然氣發電廠),27945086,"1,005,458","3,923","1,009,381",彰化縣,電力供應業,507台灣彰化縣線西鄉慶安南二路2號,24.1281484,120.4209471
108,N1601229,慶欣欣鋼鐵股份有限公司,80354671,"136,878","218,369","355,247",彰化縣,鋼鐵製造業,509台灣彰化縣伸港鄉工西二路2號,24.1686451,120.5061652
108,N1607141,台灣鋼聯股份有限公司,89528054,"90,129","9,991","100,120",彰化縣,化學原材料製造業,50953台灣彰化縣伸港鄉線工北一路36號,24.1545395,120.4511077
108,N2100552,正新橡膠工業股份有限公司,59504506,"31,452","42,513","73,965",彰化縣,橡膠製品製造業,515台灣彰化縣大村鄉美港路215號,23.9828825,120.5749074
108,N2902234,力麗企業股份有限公司彰化化纖總廠,7663290,"147,044","62,805","209,849",彰化縣,人造纖維製造業,528台灣彰化縣芳苑鄉工業路38號,23.923622,120.3551431
108,N2904318,力鵬企業股份有限公司彰化尼龍總廠,33955322,"34,757","153,607","188,364",彰化縣,人造纖維製造業,528台灣彰化縣芳苑鄉工業路33號,23.9210974,120.3538421
108,O1700798,元隆電子股份有限公司,22099174,"48,096","20,203","68,299",新竹市,半導體製造業,300台灣新竹市東區研發二路14號,24.778291,121.0023453
108,O1701115,漢磊科技股份有限公司研新廠(元件二廠),47299902,"10,071","8,862","18,933",新竹市,半導體製造業,30076台灣新竹市東區科學園區新竹縣寶山鄉創新一路18號1樓,24.777619,120.996058
108,O1703315,華夏玻璃股份有限公司,47109348,"89,034","28,740","117,774",新竹市,玻璃及其製品製造業,300台灣新竹市香山區埔前路49號,24.7957197,120.9383569
108,O1703351,台灣玻璃工業股份有限公司新竹廠,11914002,"120,993","48,973","169,966",新竹市,玻璃及其製品製造業,300台灣新竹市香山區中華路四段470號,24.7911338,120.9373214
108,O1704787,旺宏電子股份有限公司晶圓一廠,22099548,"36,120","31,350","67,470",新竹市,半導體製造業,300台灣新竹市東區力行路19號,24.7654899,121.0240148
108,O1704812,台灣茂矽電子股份有限公司,22099110,"126,021","49,570","175,591",新竹市,半導體製造業,300台灣新竹市東區研新一路1號,24.7765338,120.9883338
108,O1706049,元太科技工業股份有限公司,22099890,54,"17,114","17,168",新竹市,光電材料及元件製造業,300台灣新竹市東區力行一路3號元太科技新竹廠A棟,24.770449,121.0186284
108,O1706209,聯華電子股份有限公司Fab8A廠,47217677,"88,098","116,408","204,506",新竹市,半導體製造業,300台灣新竹縣寶山鄉研新一路16號,24.7749701,120.9938198
108,O1706307,旺宏電子股份有限公司晶圓二廠,22099548,"51,553","89,109","140,662",新竹市,半導體製造業,300台灣新竹市東區力行路19號,24.7654899,121.0240148
108,O1706692,聯華電子股份有限公司Fab8E廠,47217677,"41,959","79,563","121,522",新竹市,半導體製造業,300台灣新竹縣寶山鄉研新一路16號,24.7749701,120.9938198
108,O1707395,友達光電股份有限公司L5廠,84149738,"2,125","43,766","45,891",新竹市,光電材料及元件製造業,300台灣新竹市東區力行路23號,24.7606283,121.0208895
108,O1708632,聯華電子股份有限公司Fab8F廠,47217677,"39,703","82,813","122,516",新竹市,半導體製造業,300台灣新竹市東區力行二路3號,24.7708157,121.0192901
108,O1709148,聯華電子股份有限公司Fab8D廠,47217677,"92,651","166,089","258,740",新竹市,半導體製造業,300台灣新竹市東區力行二路3號,24.7708157,121.0192901
108,O1709193,友達光電總部/友達光電股份有限公司L3B廠,84149738,"2,489","20,665","23,154",新竹市,光電材料及元件製造業,300台灣新竹市東區力行路23號,24.7606283,121.0208895
108,O1709308,台灣積體電路製造股份有限公司十二廠,22099131,"76,705","264,276","340,981",新竹市,半導體製造業,308台灣新竹縣寶山鄉園區二路168號,24.7702397,121.0123147
108,O1713311,台灣積體電路製造股份有限公司八廠,22099131,"110,805","173,709","284,514",新竹市,半導體製造業,300台灣新竹市東區力行路25號,24.7624399,121.01981
108,o1745831,敦南科技股份有限公司新竹分公司廠,12800750,"44,982","20,842","65,824",新竹市,半導體製造業,300台灣新竹市東區竹村三路24號,24.7778901,121.0089957
108,O1747764,力晶科技股份有限公司P3,84149385,"9,448","55,515","64,963",新竹市,半導體製造業,300台灣新竹市東區力行路16-1號,24.7669451,121.0243215
108,O1748707,力晶科技股份有限公司P1/2,84149385,"17,902","115,312","133,214",新竹市,半導體製造業,300台灣新竹市東區力行一路12號,24.7698161,121.01764
108,O1749526,采鈺科技股份有限公司,80601119,"12,901","23,527","36,428",新竹市,其他電子零組件製造業,"No. 12號, No. 12篤行一路東區新竹市台灣 300",24.7735196,121.0232457
108,O1751197,世界先進積體電路股份有限公司晶圓二廠,84149358,"68,524","133,026","201,550",新竹市,半導體製造業,300台灣新竹市東區力行路9號,24.7714636,121.0281827
108,O1753306,力晶積成電子製造股份有限公司8A,28112667,"26,844","89,249","116,093",新竹市,半導體製造業,300台灣新竹市東區力行一路18號4樓,24.7681886,121.0170081
108,O17A0968,新唐科技股份有限公司,28112646,"31,124","37,123","68,247",新竹市,半導體製造業,300台灣新竹市東區研新三路4號三樓,24.7792616,120.9906641
108,O17A6887,旺宏電子股份有限公司晶圓五廠,22099548,"69,021","117,007","186,028",新竹市,半導體製造業,300台灣新竹市東區力行路19號,24.7654899,121.0240148
108,P4600987,福懋興業股份有限公司,14001199,"323,699","32,484","356,183",雲林縣,染整業,640台灣雲林縣斗六市石榴路317號,23.7272352,120.5880423
108,P4602374,展頌股份有限公司斗六廠,22927617,"22,495","17,902","40,397",雲林縣,人造纖維製造業,640台灣雲林縣斗六市斗工十路156-1號,23.7146742,120.5976034
108,P4602758,富喬工業股份有限公司,16834268,"53,299","59,644","112,943",雲林縣,其他非金屬礦物製品製造業,640台灣雲林縣斗六市斗工十六路8號,23.7098924,120.5965904
108,P46A0693,艾杰旭顯示玻璃股份有限公司斗六二廠,70584724,"96,003","182,443","278,446",雲林縣,玻璃及其製品製造業,640台灣雲林縣斗六市科工八路8號,23.7232951,120.515006
108,P48A0851,富喬工業股份有限公司雲林分公司,16834268,"42,513","47,931","90,444",雲林縣,玻璃及其製品製造業,640台灣雲林縣斗六市斗工十六路8號,23.7098924,120.5965904
108,P5500191,合眾紙業股份有限公司林內廠,4380087,"33,139","27,754","60,893",雲林縣,紙漿、紙及紙板製造業,643台灣雲林縣林內鄉瑞農65號,23.7670948,120.6046704
108,P5801513,南亞塑膠工業股份有限公司麥寮總廠,75370905,"358,214","901,810","1,260,024",雲林縣,化學原材料製造業,638台灣雲林縣麥寮鄉中山高速公路,23.79864,120.21748
108,P5801602,台灣塑膠工業股份有限公司麥寮廠,75708007,"501,786","4,032,733","4,534,519",雲林縣,未分類其他化學製品製造業,638台灣雲林縣麥寮鄉台塑工業園區1號,23.8002145,120.2157963
108,P5801719,麥寮汽電股份有限公司,96975970,"9,643,653",183,"9,643,836",雲林縣,電力供應業,638台灣雲林縣麥寮鄉7號,23.8041865,120.1914995
108,P5801728,台塑石化股份有限公司麥寮二廠,86522210,"4,648,442","173,687","4,822,129",雲林縣,未分類其他化學製品製造業,638台灣雲林縣麥寮鄉工業路17號,23.7771766,120.1874829
108,P5801773,台灣化學纖維股份有限公司麥寮廠,58650902,"513,220","1,188,335","1,701,555",雲林縣,化學原材料製造業,"638台灣雲林縣麥寮鄉5號, 台 塑 工業 園區",23.8136467,120.2098154
108,P5802092,台灣化學纖維股份有限公司海豐廠,58650902,"1,041,602","1,945,152","2,986,754",雲林縣,化學原材料製造業,638台灣雲林縣麥寮鄉638,23.761906,120.1759649
108,P5802421,台塑石化股份有限公司麥寮一廠,86522210,"15,359,729",,"15,359,729",雲林縣,化學原材料製造業,638台灣雲林縣麥寮鄉中山高速公路,23.79864,120.21748
108,P5802430,台塑石化股份有限公司麥寮三廠,86522210,"7,248,648","90,732","7,339,380",雲林縣,未分類其他化學製品製造業,638台灣雲林縣麥寮鄉麥寮鄉台塑工業園區39號,23.762269,120.187877
108,P5805244,南亞塑膠工業股份有限公司海豐總廠,75370905,"401,658","1,205,475","1,607,133",雲林縣,化學原材料製造業,"638台灣雲林縣麥寮鄉42號, 台塑工業園區",23.7737178,120.1913452
108,Q6900821,上評科技實業股份有限公司嘉義廠,23667505,"27,614","15,528","43,142",嘉義縣,紙漿、紙及紙板製造業,621台灣嘉義縣民雄鄉工業一路10號,23.5190922,120.426951
108,Q6901613,福隆玻璃纖維股份有限公司,22663571,"22,334","28,186","50,520",嘉義縣,其他非金屬礦物製品製造業,621台灣嘉義縣民雄鄉中華路89號,23.526617,120.456131
108,Q6907286,嘉惠電力(股)有限公司,96976990,"863,039","9,472","872,511",嘉義縣,電力供應業,62148台灣嘉義縣民雄鄉松山村松子腳688號,23.5317971,120.4726806
108,Q7100245,台灣必成股份有限公司新港廠,22662355,"68,802","185,745","254,547",嘉義縣,玻璃及其製品製造業,616台灣嘉義縣新港鄉2-1號,23.5111242,120.3695728
108,Q7100254,台灣化學纖維股份有限公司新港廠,58650902,"2,352,166","13,903","2,366,069",嘉義縣,人造纖維製造業,616002台灣嘉義縣新港鄉1號,23.5221981,120.3825302
108,Q7100272,南亞塑膠工業股份有限公司新港廠,75370905,"35,135","787,592","822,727",嘉義縣,塑膠製品製造業,616台灣嘉義縣新港鄉三間厝38號,23.5216367,120.3824802
108,Q7600375,南亞塑膠工業股份有限公司嘉義廠,75370905,"321,722","5,341","327,063",嘉義縣,塑膠製品製造業,612台灣嘉義縣太保市北港路二段201號,23.4970118,120.3783989
108,Q76A0767,曜智實業股份有限公司嘉義廠,12617727,58,"6,992","7,050",嘉義縣,紡織品製造業,612台灣嘉義縣太保市中興路11號,23.5085886,120.3592999
108,R0300482,統懋半導體股份有限公司新市總廠,22404266,126,"4,163","4,289",臺南市,其他電子零組件製造業,744台灣臺南市新市區中山路76號,23.0763778,120.3009793
108,R0300606,得力實業股份有限公司,73686632,"49,169","36,136","85,305",臺南市,染整業,744台灣臺南市新市區復興路820號,23.1047554,120.2949128
108,R0301603,宏捷科技股份有限公司南科大利廠,16130423,"7,912","10,494","18,406",臺南市,半導體製造業,744台灣臺南市新市區大利一路6號,23.1079748,120.2797648
108,R0304131,聯華電子股份有限公司Fab12A廠,47217677,"109,542","409,705","519,247",臺南市,半導體製造業,744台灣臺南市新市區南科二路18號,23.0956627,120.2790714
108,R0305156,瀚宇彩晶南科TFT-LCD三廠,16450500,"106,571","212,954","319,525",臺南市,光電材料及元件製造業,741台灣臺南市新市區南科二路35號,23.09469,120.2800349
108,R03A0450,群創光電股份有限公司樹谷分公司,12800225,"37,325","412,884","450,209",臺南市,光電材料及元件製造業,74148台灣臺南市新市區紫楝路21號,23.1007961,120.2624638
108,R03A1894,群創光電股份有限公司B廠,12800225,"125,978","465,308","591,286",臺南市,光電材料及元件製造業,741台灣臺南市善化區南科八路12號B棟,23.1154249,120.2762664
108,R03A1903,群創光電股份有限公司A廠,12800225,"27,408","68,849","96,257",臺南市,光電材料及元件製造業,744台灣臺南市新市區奇業路1號,23.0875622,120.2815577
108,R03A1913,群創光電股份有限公司D廠,12800225,"61,804","693,455","755,259",臺南市,光電材料及元件製造業,744台灣臺南市新市區環西路一段3號,23.090312,120.277275
108,R0500240,宏遠興業股份有限公司,22817999,"75,031","59,785","134,816",臺南市,染整業,743台灣臺南市山上區256號,23.1133126,120.3422775
108,R0503072,森霸電力公司豐德電廠,70783499,"1,569,146","5,713","1,574,859",臺南市,電力供應業,743台灣臺南市山上區66號,23.0842713,120.3559143
108,R1001719,台南紡織股份有限公司仁德廠,68919301,"40,122","41,836","81,958",臺南市,紡紗業,717台灣臺南市仁德區中正路二段1034巷6號,22.9642474,120.2559933
108,R1002065,奇美實業股份有限公司(仁德廠),68387705,"157,007","283,348","440,355",臺南市,塑膠及合成橡膠原料製造業,717台灣臺南市仁德區中正路一段398號,22.9272249,120.2431587
108,R1002547,豐年豐和企業股份有限公司上崙一廠,16635562,"35,563","9,516","45,079",臺南市,動植物油脂製造業,717台灣臺南市仁德區崑崙路201號,22.9328505,120.2508391
108,R10A3047,奇美實業股份有限公司旭美廠,68387705,"171,865","32,072","203,937",臺南市,塑膠及合成橡膠原料製造業,717台灣臺南市仁德區中正路一段398號,22.9272249,120.2431587
108,R1412418,統一實業股份有限公司二廠,73252657,"37,714","79,249","116,963",臺南市,金屬加工處理業,710台灣臺南市永康區中正北路837號,23.0505581,120.2667841
108,R14A1883,易昇鋼鐵股份有限公司,28098406,"24,948","95,793","120,741",臺南市,鋼鐵製造業,710台灣臺南市永康區正南一街200號,23.0281573,120.2250601
108,R8400827,榮剛材料科技股份有限公司新營廠,84252697,"75,869","84,322","160,191",臺南市,鋼鐵製造業,730台灣臺南市新營區新中路35號,23.3016583,120.2809331
108,R8500582,華新麗華股份有限公司鹽水廠,35412204,"95,195","156,189","251,384",臺南市,鋼鐵製造業,737台灣臺南市鹽水區3之10號,23.3340512,120.2905244
108,R9001677,台灣積體電路製造股份有限公司十四廠,22099131,"235,258","741,372","976,630",臺南市,半導體製造業,741台灣臺南市善化區南科北路1號,23.1145277,120.2743889
108,R9004230,台灣積體電路製造股份有限公司六廠,22099131,"150,245","191,455","341,700",臺南市,半導體製造業,744台灣臺南市新市區南科北路1號,23.1100289,120.2735232
108,R90A1360,台灣積體電路製造股份有限公司先進封裝廠,22099131,"15,381","70,850","86,231",臺南市,半導體製造業,741台灣臺南市善化區南科北路1之1號,23.1098041,120.2712618
108,R90A1469,群創光電股份有限公司C廠,12800225,165,"18,469","18,634",臺南市,光電材料及元件製造業,741台灣臺南市善化區南科八路12號B棟,23.1154249,120.2762664
108,R90A1716,群創光電股份有限公司觸控南科廠,12800225,157,"19,168","19,325",臺南市,光電材料及元件製造業,741台灣臺南市善化區南科八路12號B棟,23.1154249,120.2762664
108,R9701341,威致鋼鐵工業股份有限公司,69771636,"94,630","184,445","279,075",臺南市,鋼鐵製造業,720台灣臺南市官田區南廍123號,23.2262982,120.3104239
108,R9701850,官田鋼鐵股份有限公司官田廠,72065240,"20,307","16,238","36,545",臺南市,鋼鐵製造業,72046台灣臺南市官田區119-5號,23.2183221,120.3061311
108,R9702160,台灣汽電共生股份有限公司官田廠,86685142,"373,001","3,990","376,991",臺南市,電力供應業,720台灣臺南市官田區工業西路28號,23.2107951,120.3201115
108,S1601990,燁聯鋼鐵股份有限公司,23218395,"249,809","352,696","602,505",高雄市,鋼鐵製造業,820台灣高雄市岡山區興隆街600號,22.8309261,120.3005934
108,S1602102,中鴻鋼鐵股份有限公司熱軋廠,7838854,"150,835","128,887","279,722",高雄市,鋼鐵製造業,820台灣高雄市岡山區興隆街576號,22.82647,120.29961
108,s1900283,和益化學工業股份有限公司,4312878,"70,622","23,320","93,942",高雄市,化學原材料製造業,832台灣高雄市林園區石化三路9號,22.4876543,120.4058487
108,S1900372,台灣氯乙烯工業股份有限公司林園廠,19084015,"113,706","86,378","200,084",高雄市,化學原材料製造業,832台灣高雄市林園區工業一路1號,22.499011,120.4069092
108,S1900578,東聯化學股份有限公司高雄林園廠,14057995,"56,486","270,229","326,715",高雄市,化學原材料製造業,832台灣高雄市林園區工業三路3號,22.493906,120.4147949
108,S1900612,聯成化學科技股份有限公司林園廠,4748660,"73,928","16,014","89,942",高雄市,化學原材料製造業,832台灣高雄市林園區工業二路3號,22.5030674,120.4136687
108,S1900658,台灣苯乙烯工業股份有限公司高雄廠,20844865,"351,474","33,377","384,851",高雄市,化學原材料製造業,832台灣高雄市林園區工業一路7號,22.5073491,120.405701
108,S1900685,台灣塑膠工業股份有限公司林園廠,75708007,"680,897","105,587","786,484",高雄市,化學原材料製造業,832台灣高雄市林園區石化一路1號,22.5075475,120.4118101
108,S1900694,台灣石化合成股份有限公司林園廠,30974253,"13,283","14,906","28,189",高雄市,未分類其他化學製品製造業,832台灣高雄市林園區工業二路1號,22.4988619,120.4144485
108,S1900710,台灣中油股份有限公司石化事業部林園石化廠,3707901,"2,195,062","87,513","2,282,575",高雄市,化學原材料製造業,832台灣高雄市林園區石化二路3號,22.4986779,120.406679
108,S1901002,合興石化工業股份有限公司林園廠,23531178,"19,363","25,716","45,079",高雄市,未分類其他化學製品製造業,832台灣高雄市林園區工業二路1號,22.4988619,120.4144485
108,S1901066,信昌化學工業股份有限公司林園廠,86120031,"182,177","137,623","319,800",高雄市,化學原材料製造業,832台灣高雄市林園區工業三路9號,22.4970261,120.4150045
108,S2001314,長春石油化學股份有限公司大發廠,11384806,"604,888","44,972","649,860",高雄市,蒸汽供應業,831台灣高雄市大寮區建業路11號,22.5710517,120.4276788
108,S2005081,長春人造樹脂廠股份有限公司大發廠,11384708,"317,771","269,677","587,448",高雄市,化學原材料製造業,831台灣高雄市大寮區華西路8號,22.5751524,120.4229687
108,S2005652,大連化學工業股份有限公司大發廠,12233428,"97,367","663,074","760,441",高雄市,化學原材料製造業,831台灣高雄市大寮區華西路8之1號,22.5748121,120.4256747
108,S2015916,長春人造樹脂廠股份有限公司大發二廠,11384708,"84,369","337,417","421,786",高雄市,化學原材料製造業,831台灣高雄市大寮區華西路8號,22.5751524,120.4229687
108,S2100223,中華紙漿股份有限公司久堂廠,94025264,"424,064","9,441","433,505",高雄市,紙漿、紙及紙板製造業,840台灣高雄市大樹區久堂路112號,22.6597566,120.4204955
108,S2201092,長春人造樹脂廠股份有限公司高雄廠,11384708,"30,487","83,961","114,448",高雄市,塑膠及合成橡膠原料製造業,814台灣高雄市仁武區工業一路14號,22.7003373,120.34104
108,S2201109,台灣塑膠工業股份有限公司仁武廠,75708007,"2,391,270","60,272","2,451,542",高雄市,化學原材料製造業,814台灣高雄市仁武區水管路100號,22.7057305,120.334949
108,S2201154,三芳化學工業股份有限公司,83387850,"17,017","26,913","43,930",高雄市,塑膠及合成橡膠原料製造業,814台灣高雄市仁武區鳳仁路402號,22.721594,120.3352089
108,S2300401,中國人造纖維股份有限公司高雄總廠,7066907,"463,713","17,666","481,379",高雄市,化學原材料製造業,815台灣高雄市大社區經建路8號,22.7247531,120.3360897
108,S2300410,中國石油化學工業開發股份有限公司大社廠,3084741,"145,031","30,171","175,202",高雄市,化學原材料製造業,815台灣高雄市大社區經建路1號,22.7258043,120.3403145
108,S2300429,國喬石油化學股份有限公司,4212250,"585,524","1,446","586,970",高雄市,石油及煤製品製造業,815台灣高雄市大社區興工路4號,22.7210212,120.341794
108,S2300438,台橡股份有限公司高雄廠,3553737,"84,884","72,025","156,909",高雄市,塑膠及合成橡膠原料製造業,815台灣高雄市大社區興工路2號,22.7241632,120.3403621
108,S2300447,高雄塑酯化學股份有限公司,85803825,"74,251","21,909","96,160",高雄市,化學原材料製造業,815台灣高雄市大社區興工路1號,22.7240417,120.3410755
108,S2300465,大連化學工業股份有限公司高雄廠,12233428,"27,308","62,162","89,470",高雄市,化學原材料製造業,815台灣高雄市大社區興工路1之3號,22.7202288,120.3424248
108,S2500536,燁輝企業股份有限公司高雄一廠,75947936,"63,451","69,055","132,506",高雄市,金屬加工處理業,825台灣高雄市橋頭區里芋寮路369號,22.7654048,120.2770969
108,S2602473,裕鐵企業股份有限公司岡山二廠,85978401,"39,743","43,695","83,438",高雄市,金屬加工處理業,824台灣高雄市燕巢區安招路,22.7863349,120.3289808
108,S26A0793,裕鐵企業股份有限公司岡山三廠,85978401,"18,063","9,864","27,927",高雄市,金屬加工處理業,824台灣高雄市燕巢區安招路,22.7863349,120.3289808
108,S2800200,環球水泥股份有限公司阿蓮廠,7568009,156,"9,461","9,617",高雄市,水泥及其製品製造業,822005台灣高雄市阿蓮區崗山一街368號,22.8655178,120.3309761
108,S29A1607,群創光電股份有限公司F廠,12800225,"36,802","354,877","391,679",高雄市,光電材料及元件製造業,821台灣高雄市路竹區路科十路11號,22.8392912,120.2518516
108,S3200688,台灣電力股份有限公司興達發電廠,3795904,"17,833,048","15,670","17,848,718",高雄市,電力供應業,828台灣高雄市永安區興達路6號,22.8564943,120.2004541
108,U0100187,台灣水泥股份有限公司和平分公司和平廠,11913502,"3,223,206","151,098","3,374,304",花蓮縣,水泥及其製品製造業,972台灣花蓮縣秀林鄉和平村263號,24.3031223,121.7514351
108,U0100258,和平電力股份有限公司和平火力發電廠,16096852,"7,666,201",800,"7,667,001",花蓮縣,電力供應業,972台灣花蓮縣秀林鄉和工二路7號,24.3088771,121.7633072
108,U9100978,台灣水泥股份有限公司花蓮廠,11913502,4,"1,219","1,223",花蓮縣,水泥及其製品製造業,970台灣花蓮縣花蓮市花蓮市華東103號,24.0091191,121.6366762
108,U9400115,亞洲水泥股份有限公司花蓮製造廠,3244509,"2,936,831","155,216","3,092,047",花蓮縣,水泥及其製品製造業,971台灣花蓮縣新城鄉新興路125號,24.1334551,121.6393111
108,U9500478,中華紙漿股份有限公司花蓮廠,94025264,"90,408","91,210","181,618",花蓮縣,紙漿、紙及紙板製造業,973台灣花蓮縣吉安鄉光華街100號,23.9312034,121.5839363
108,V7500777,中華紙漿股份有限公司台東廠,94025264,"118,694","48,511","167,205",臺東縣,紙漿、紙及紙板製造業,950台灣臺東縣臺東市中興路四段371號,22.7742055,121.0953973
108,W0404930,台灣電力股份有限公司塔山發電廠夏興分廠,3795904,"30,289",,"30,289",金門縣,電力供應業,891,24.440549,118.397934
108,W0504775,台灣電力股份有限公司塔山發電廠,3795904,"178,473",222,"178,695",金門縣,電力供應業,893西海路一段2號,24.4143164,118.2821738
108,W0803559,台灣電力股份有限公司塔山發電廠麒麟分廠,3795904,"12,528",,"12,528",金門縣,電力供應業,894,24.4304034,118.2511793
108,X0501232,台灣電力股份有限公司尖山發電廠,3795904,"281,578",238,"281,816",澎湖縣,電力供應業,880台灣澎湖縣馬公市新生路333號,23.5670483,119.5805389
108,Z6303328,台灣電力股份有限公司珠山發電廠,3795904,"30,831",,"30,831",連江縣,電力供應業,2094299之9號,26.1552886,119.9348373
107,B2311535,台灣康寧顯示玻璃股份有限公司,4388145,"43,660","360,573","404,233",臺中市,玻璃及其製品製造業,407台灣臺中市西屯區科園路1號,24.2012912,120.6177527
107,B2313780,友達光電股份有限公司台中廠,84149738,"129,805","1,113,498","1,243,303",臺中市,光電材料及元件製造業,421台灣臺中市后里區馬場路1號,24.2954401,120.7268487
107,B23B6125,台灣積體電路製造股份有限公司十五B廠,22099131,"215,849","1,062,657","1,278,506",臺中市,半導體製造業,407台灣台中市西屯区新科路1號,24.2118688,120.6086166
107,B9100709,華新麗華股份有限公司台中不銹鋼廠,35412204,"45,501","41,524","87,025",臺中市,金屬加工處理業,435台灣臺中市梧棲區經三路57號,24.2469644,120.5116444
107,B9202664,台灣美光記憶體股份有限公司台中二廠,28518076,"3,127","40,818","43,945",臺中市,半導體製造業,421台灣台中市后里区后科南路88號A棟,24.3172929,120.7253056
107,C1400170,台灣電力股份有限公司協和發電廠,3795904,"4,467,103","14,789","4,481,892",基隆市,電力供應業,203台灣基隆市中山區文化路80號,25.1534456,121.7348548
107,C1500291,敦南科技股份有限公司基隆廠,23528103,809,"12,057","12,866",基隆市,其他電子零組件製造業,231台灣新北市新店區寶橋路233之2號9樓,24.979519,121.5518969
107,D0301680,瀚宇彩晶南科觸控感應器廠,16450500,91,"47,016","47,107",臺南市,光電材料及元件製造業,741台灣臺南市新市區南科二路35號,23.09469,120.2800349
107,D0302141,聯華電子股份有限公司Fab12A廠第二廠區,47217677,"12,175","142,494","154,669",臺南市,半導體製造業,744台灣臺南市新市區南科二路18號,23.0956627,120.2790714
107,D9000120,和鑫光電股份有限公司南科廠,70750217,"33,449","41,972","75,421",臺南市,光電材料及元件製造業,741台灣臺南市善化區北園一路7號,23.1232374,120.2663966
107,D9000746,台灣積體電路製造股份有限公司十四B廠,22099131,"145,698","704,638","850,336",臺南市,半導體製造業,741台灣臺南市善化區南科九路17號,23.1116704,120.2671479
107,D9001225,群創光電股份有限公司觸控模組廠,12800225,69,"22,318","22,387",臺南市,光電材料及元件製造業,741台灣臺南市善化區南科八路12號B棟,23.1154249,120.2762664
107,D9001396,台灣積體電路製造股份有限公司十四B廠七期,22099131,"44,367","255,009","299,376",臺南市,半導體製造業,741台灣臺南市善化區南科九路17號,23.1116704,120.2671479
107,E1902497,林園先進材料科技股份有限公司,42818882,"186,019","31,188","217,207",高雄市,石油及煤製品製造業,832台灣高雄市林園區石化四路1號,22.4863542,120.4087585
107,E2000554,錦州科技股份有限公司大發廠,53520959,"618,446","2,950","621,396",高雄市,蒸汽供應業,831台灣高雄市大寮區華西路8號,22.5751524,120.4229687
107,E2902160,群創光電股份有限公司L6廠,12800225,"15,283","152,381","167,664",高雄市,光電材料及元件製造業,821台灣高雄市路竹區路科十路11號,22.8392912,120.2518516
107,E4900333,台灣中油股份有限公司煉製事業部高雄煉油廠,3707901,428,"23,611","24,039",高雄市,石油及煤製品製造業,812台灣高雄市小港區沿海四路50號,22.5290654,120.3472505
107,E4900744,東南水泥股份有限公司,83078600,"2,648","21,406","24,054",高雄市,水泥及其製品製造業,801台灣高雄市前金區五福三路21號,22.6223642,120.2997759
107,E5400878,台灣電力股份有限公司南部發電廠,3795904,"3,221,474","1,408","3,222,882",高雄市,電力供應業,806台灣高雄市前鎮區成功二路5號,22.601544,120.3019432
107,E5600056,台灣中油股份有限公司煉製事業部大林煉油廠,3707901,"3,270,014","627,378","3,897,392",高雄市,石油及煤製品製造業,812台灣高雄市小港區沿海四路50號,22.5290654,120.3472505
107,E5600092,中鋼鋁業股份有限公司臨海廠,96971313,"76,031","134,185","210,216",高雄市,鋁製造業,812台灣高雄市小港區東林路17號,22.5421711,120.3737001
107,E5600305,李長榮化學工業股份有限公司高雄廠,39054405,"23,718","71,074","94,792",高雄市,未分類其他化學製品製造業,812台灣高雄市小港區中林路3號,22.5383366,120.3685808
107,E5600332,協勝發鋼鐵廠股份有限公司,79254702,"87,480","205,135","292,615",高雄市,鋼鐵製造業,812台灣高雄市小港區光陽街7號,22.5593181,120.3655639
107,E5600369,東和鋼鐵企業股份有限公司高雄廠,75280209,"22,092","13,765","35,857",高雄市,鋼鐵製造業,812台灣高雄市小港區嘉興街8號,22.5619942,120.3634959
107,E5600501,海光企業股份有限公司,75470524,"92,052","139,446","231,498",高雄市,鋼鐵製造業,812台灣高雄市小港區沿海二路12號,22.550625,120.365646
107,E5600565,盛餘股份有限公司,79837539,"25,698","53,878","79,576",高雄市,金屬加工處理業,812台灣高雄市小港區中林路11號,22.5370549,120.367025
107,E5600798,龍慶鋼鐵企業股份有限公司,85793919,"21,862","61,160","83,022",高雄市,鋼鐵製造業,812台灣高雄市小港區利昌街4號,22.5540037,120.3649057
107,E5600841,中國鋼鐵股份有限公司,30414175,"20,754,237","1,183,360","21,937,597",高雄市,鋼鐵製造業,824台灣高雄市燕巢區中興路500號,22.7817815,120.3595665
107,E5600850,中國石油化學工業開發股份有限公司小港廠,3084741,"716,033","127,428","843,461",高雄市,化學原材料製造業,812台灣高雄市小港區中林路34號,22.5360641,120.3642442
107,E5600869,台灣糖業股份公司小港廠,3794905,"87,712","4,031","91,743",高雄市,其他食品製造業,812台灣高雄市小港區小港路133號,22.5621832,120.3390414
107,E5600896,台灣電力股份有限公司大林發電廠,3795904,"10,108,825","2,465","10,111,290",高雄市,電力供應業,812台灣高雄市小港區大林路3號,22.5308911,120.3366197
107,E5601080,漢泰鋼鐵股份有限公司,75688109,"26,039","13,216","39,255",高雄市,鋼鐵製造業,812台灣高雄市小港區世全路4號,22.5474714,120.3705687
107,E5601197,唐榮鐵工廠股份有限公司,75460005,"59,111","117,586","176,697",高雄市,鋼鐵製造業,812台灣高雄市小港區沿海二路4號,22.5451216,120.3703228
107,E5602952,海光企業股份有限公司嘉興鋼鐵廠,75470524,"25,818","29,185","55,003",高雄市,鋼鐵製造業,812台灣高雄市小港區嘉興街5號,22.5606958,120.3614081
107,E56A2617,尚承鋼鐵股份有限公司,27208480,"90,146","81,248","171,394",高雄市,鋼鐵製造業,812台灣高雄市小港區大業南路7號,22.5211979,120.3606376
107,E56A4792,中國鋼鐵股份有限公司第三冷軋廠,30414175,"51,534","125,675","177,209",高雄市,鋼鐵製造業,812台灣高雄市小港區茂大街5號,22.5549226,120.3626755
107,E56A7340,源鋼企業股份有限公司,12745455,"30,606","14,908","45,514",高雄市,鋼鐵製造業,812台灣高雄市小港區嘉興街8號,22.5619942,120.3634959
107,F0622537,九滎股份有限公司瓊林廠,80629340,"18,674","4,278","22,952",新北市,染整業,242台灣新北市新莊區瓊林南路301巷13號,25.0058201,121.4351309
107,F0701319,錦紅實業股份有限公司,34557673,"20,909","3,678","24,587",新北市,染整業,241台灣新北市三重區中正北路193巷11弄12號,25.0703441,121.4772445
107,F0701702,南亞塑膠工業股份有限公司樹林廠,75370905,"369,387","2,525","371,912",新北市,塑膠及合成橡膠原料製造業,238台灣新北市樹林區味王街55號,24.9734285,121.4044056
107,F0801707,三洋窯業股份有限公司,34263157,"24,382","8,576","32,958",新北市,其他非金屬礦物製品製造業,23943台灣新北市鶯歌區八德路16號,24.9555063,121.3310637
107,F1507182,泰利實業股份有限公司五股廠,16007423,"28,695","5,601","34,296",新北市,染整業,248台灣新北市五股區凌雲路二段,25.1031441,121.4450866
107,F1600491,南亞塑膠工業股份有限公司林口二廠,75370905,"258,229","65,545","323,774",新北市,塑膠及合成橡膠原料製造業,243台灣新北市泰山區南林路102號,25.0447206,121.4069325
107,F1606662,南亞科技股份有限公司三廠,89390656,"78,312","356,351","434,663",新北市,半導體製造業,243台灣新北市泰山區南林路98號,25.0482461,121.4149629
107,F1700736,台灣電力股份有限公司林口發電廠,3795904,"9,541,355","8,091","9,549,446",新北市,電力供應業,244台灣新北市林口區106縣道139-1號,25.1194311,121.2986118
107,F2200084,台灣電力股份有限公司第一核能發電廠,3795904,"18,061","71,906","89,967",新北市,電力供應業,253台灣新北市石門區12號,25.2907134,121.5913744
107,F2800075,台灣電力股份有限公司第二核能發電廠,3795904,"22,739","6,466","29,205",新北市,電力供應業,207台灣新北市萬里區八斗60號,25.2063645,121.659595
107,G3200778,台灣水泥股份有限公司蘇澳廠,11913502,"1,041,926","65,286","1,107,212",宜蘭縣,水泥及其製品製造業,270台灣宜蘭縣蘇澳鎮永昌路46號,24.5882824,121.8527153
107,G3200849,信大水泥股份有限公司南聖湖廠,3279507,"467,579","37,647","505,226",宜蘭縣,水泥及其製品製造業,270台灣宜蘭縣蘇澳鎮中山路二段235號,24.6097827,121.8261511
107,G32A0540,羅東鋼鐵廠股份有限公司煉鋼廠,42010509,"31,671","102,155","133,826",宜蘭縣,鋼鐵製造業,270台灣宜蘭縣蘇澳鎮德興一路57號,24.623783,121.8202667
107,G3700791,台灣化學纖維股份有限公司龍德廠,58650902,"1,579,037",389,"1,579,426",宜蘭縣,化學原材料製造業,269台灣宜蘭縣冬山鄉龍祥十路2號,24.624946,121.814179
107,G3700880,台灣塑膠工業股份有限公司冬山廠,75708007,"148,080","16,583","164,663",宜蘭縣,其他非金屬礦物製品製造業,269台灣宜蘭縣冬山鄉東福路201號,24.6217177,121.8086409
107,G37A0585,潤泰精密材料股份有限公司宜蘭冬山廠,86871981,"535,326","42,763","578,089",宜蘭縣,水泥及其製品製造業,269台灣宜蘭縣冬山鄉大安路357號,24.628994,121.7838112
107,g38a0540,台灣半導體股份有限公司利澤廠,34286449,22,"6,560","6,582",宜蘭縣,半導體製造業,268台灣宜蘭縣五結鄉利工一路二段31號,24.6485026,121.8363207
107,G4100017,幸福水泥股份有限公司東澳廠,40601248,"551,573","42,959","594,532",宜蘭縣,水泥及其製品製造業,272台灣宜蘭縣南澳鄉蘇花路三段101號,24.516755,121.829478
107,H4202215,新隆纖維染整股份有限公司桃園廠,7472834,"37,562","9,012","46,574",桃園市,染整業,330台灣桃園市桃園區春日路1733巷7號,25.027768,121.303838
107,H4202813,東隆興業股份有限公司,18770509,"23,991","14,406","38,397",桃園市,染整業,330台灣桃園市桃園區富國路859號,25.0243421,121.2781791
107,H4301839,大鐘印染股份有限公司中壢廠,57002416,"47,593","10,883","58,476",桃園市,染整業,320台灣桃園市中壢區新生路三段741號,25.00012,121.21535
107,H4313348,精材科技股份有限公司中壢廠,16741846,"26,905","19,802","46,707",桃園市,其他電子零組件製造業,320台灣桃園市中壢區吉林路23號9樓,24.9795194,121.2450777
107,H43A2855,精材科技股份有限公司中壢二廠,16741846,"48,019","17,308","65,327",桃園市,其他電子零組件製造業,320台灣桃園市中壢區中園路188號,24.9824025,121.2375025
107,H43C0794,精材科技股份有限公司中壢三廠,16741846,"1,996","20,833","22,829",桃園市,其他電子零組件製造業,320台灣桃園市中壢區中園路188號,24.9824025,121.2375025
107,H4500458,力鵬企業股份有限公司楊梅廠,33955322,"69,582","23,161","92,743",桃園市,染整業,326台灣桃園市楊梅區新榮路339號,24.9554337,121.1570856
107,H4500743,中興紡織廠股份有限公司楊梅化纖廠,35082604,"72,238","96,429","168,667",桃園市,塑膠及合成橡膠原料製造業,326台灣桃園市楊梅區中山南路567號,24.9022389,121.131159
107,H4500850,白馬窯業股份有限公司楊梅廠,34258318,"24,623","12,889","37,512",桃園市,耐火、黏土建材及其他陶瓷製品製造業,326台灣桃園市楊梅區電研路5號,24.9494344,121.1650053
107,H4501231,中華映管股份有限公司楊梅廠,11085292,"2,780","83,603","86,383",桃園市,光電材料及元件製造業,326台灣桃園市楊梅區和平路45號,24.9374725,121.1247323
107,H45A1887,永豐餘消費品實業股份有限公司楊梅廠,22327037,"26,844","21,468","48,312",桃園市,其他紙製品製造業,326台灣桃園市楊梅區梅高路二段668巷70號,24.9482628,121.1507052
107,H4600551,大統新創股份有限公司染整廠,22267777,"32,111","6,860","38,971",桃園市,染整業,338台灣桃園市蘆竹區榮安路9號,25.0610915,121.2832991
107,H4600579,大同染整股份有限公司桃園廠,7014916,"31,136","9,073","40,209",桃園市,染整業,338台灣桃園市蘆竹區新南路一段338-1號,25.0412055,121.2960452
107,H4601227,義芳化學工業股份有限公司桃園廠,15395706,"386,139","60,539","446,678",桃園市,化學原材料製造業,338台灣桃園市蘆竹區海湖里海湖東路375號,25.1065564,121.2713767
107,H4601290,台硝股份有限公司桃園廠,38033305,"46,733","18,726","65,459",桃園市,未分類其他化學製品製造業,338台灣桃園市蘆竹區大坑街25號,25.1078696,121.2754835
107,H4601398,南亞塑膠工業股份有限公司錦興廠,75370905,"701,585","18,869","720,454",桃園市,其他非金屬礦物製品製造業,33859台灣桃园市芦竹区南崁路一段336號A棟宿舍一樓,25.0565392,121.283691
107,H4602313,環泰企業股份有限公司南崁廠,12529007,"27,880","4,782","32,662",桃園市,其他食品製造業,338台灣桃園市蘆竹區南青路1156巷75號,25.0557351,121.2718702
107,H4604568,長生電力股份有限公司,96933037,"1,525,456","4,537","1,529,993",桃園市,電力供應業,338台灣桃園市蘆竹區濱海路一段199號,25.116249,121.257084
107,H46B0495,世界先進積體電路股份有限公司晶圓三廠,84149358,"114,028","183,873","297,901",桃園市,半導體製造業,338台灣桃園市蘆竹區南崁路一段338號,25.0553661,121.2826331
107,H4700645,正隆股份有限公司大園廠,33085508,"219,068","147,238","366,306",桃園市,紙漿、紙及紙板製造業,337台灣桃園市大園區大工路116號,25.0700511,121.1789244
107,H4702336,大園汽電共生股份有限公司,84526079,"447,087","13,938","461,025",桃園市,電力供應業,337台灣桃園市大園區潮音北路276號,25.0793269,121.1759049
107,H4801478,南亞塑膠工業股份有限公司工三廠,75370905,"179,347","299,815","479,162",桃園市,紡紗業,333台灣桃園市龜山區文明路6號,25.0620289,121.3734827
107,H4803507,台灣中油股份有限公司煉製事業部桃園煉油廠,3707901,"1,562,721","176,216","1,738,937",桃園市,石油及煤製品製造業,333台灣桃園市龜山區民生北路一段50號,25.033276,121.3059734
107,H4806348,穩懋半導體股份有限公司華亞廠,70752257,"14,546","21,561","36,107",桃園市,半導體製造業,333台灣桃園市龜山區科技七路69號,25.0433928,121.3754587
107,H4810799,國光電力股份有限公司,70833553,"731,782","2,974","734,756",桃園市,電力供應業,333台灣桃園市龜山區南上里北油1區11號,25.0404917,121.3440136
107,H4810851,華亞汽電股份有限公司華亞汽電廠,70783006,"2,241,199","26,962","2,268,161",桃園市,電力供應業,333台灣桃園市龜山區華亞一路98號,25.0344928,121.373079
107,H4886999,穩懋半導體股份有限公司華亞二廠,70752257,"36,051","47,633","83,684",桃園市,半導體製造業,333台灣桃園市龜山區科技七路69號,25.0433928,121.3754587
107,H4888493,友達光電股份有限公司,84149738,"20,015","284,378","304,393",桃園市,光電材料及元件製造業,333台灣桃園市龜山區華亞二路189號,25.0469273,121.3731365
107,H4888582,台灣美光晶圓科技股份有限公司二廠,80353271,"54,343","578,909","633,252",桃園市,半導體製造業,"No. 2號, 里華亞五路, 龜山區桃園市台灣 333",25.0358706,121.3748919
107,H4889454,台灣美光晶圓科技股份有限公司一廠,80353271,"90,184","512,244","602,428",桃園市,半導體製造業,333台灣桃園市龜山區復興三路667號,25.0384005,121.3738286
107,H48B0554,穩懋半導體股份有限公司龜山廠,70752257,"13,850","30,844","44,694",桃園市,半導體製造業,333台灣桃園市龜山區山鶯路200-5號,24.9867749,121.3261721
107,H4903093,中華凸版電子股份有限公司,16083358,"4,477","18,286","22,763",桃園市,半導體製造業,334台灣桃園市八德區和平路1127-3號,24.9643888,121.322514
107,H49A2429,凌巨科技股份有限公司八德廠,16432742,"161,914","89,665","251,579",桃園市,光電材料及元件製造業,334台灣桃園市八德區和平路1127號,24.9668906,121.3208406
107,H5002362,友達光電股份有限公司桃園分公司,84149738,"32,343","255,930","288,273",桃園市,光電材料及元件製造業,333台灣桃園市龜山區華亞二路189號,25.0469273,121.3731365
107,H5008211,友達光電股份有限公司龍科廠,84149738,"34,002","350,994","384,996",桃園市,光電材料及元件製造業,325台灣桃園市龍潭區龍科街228號,24.8775881,121.1859654
107,H5009450,中華映管股份有限公司龍潭廠,11085292,"216,252","301,451","517,703",桃園市,光電材料及元件製造業,325台灣桃園市龍潭區華映路1號,24.8567999,121.1898512
107,H50A1985,合晶科技股份有限公司園區分公司,16138282,"3,385","33,783","37,168",桃園市,半導體製造業,325台灣桃園市龍潭區龍園一路100號,24.8849954,121.1873237
107,H50A6430,台灣積體電路製造股份有限公司先進封測三廠,22099131,"5,889","197,300","203,189",桃園市,半導體製造業,325台灣桃園市龍潭區龍園六路101號,24.8836369,121.1855573
107,H50A6777,美商蘋果電子股份有限公司台灣分公司,54393468,"3,278","19,164","22,442",桃園市,光電材料及元件製造業,325台灣桃園市龍潭區龍園十路55號,24.8874319,121.1857539
107,H5100952,新光合成纖維股份有限公司中壢廠,7435515,"110,322","173,645","283,967",桃園市,紡紗業,324台灣桃園市平鎮區延平路三段223號,24.9378588,121.2023161
107,H5103604,全新光電科技股份有限公司平鎮廠,97170472,559,"9,951","10,510",桃園市,光電材料及元件製造業,324台灣桃園市平鎮區工業一路16號,24.9056519,121.203415
107,H5200215,永豐餘工業用紙股份有限公司新屋廠,27719048,"634,526","54,509","689,035",桃園市,其他紙製品製造業,327台灣桃園市新屋區永福路281號,24.9810267,121.0400091
107,H5200617,聯成鋼鐵股份有限公司桃園廠,22822748,"36,240","67,345","103,585",桃園市,鋼鐵製造業,327台灣桃園市新屋區中華路996號,24.9887508,121.1034125
107,H5300078,亞東石化股份有限公司,22318678,"87,817","43,130","130,947",桃園市,化學原材料製造業,328台灣桃園市觀音區工業七路2號,25.0477421,121.1107732
107,H5300210,遠東新世紀股份有限公司觀音化纖廠,3522600,"138,511","91,585","230,096",桃園市,人造纖維製造業,328台灣桃園市觀音區經建六路3號,25.062973,121.116956
107,H5300425,錦美紙業股份有限公司觀音廠,34175598,"30,064","19,058","49,122",桃園市,紙漿、紙及紙板製造業,328台灣觀音區榮工北路10號,25.0588495,121.1289161
107,H5300916,台灣玻璃工業股份有限公司桃園廠,11914002,"78,279","78,512","156,791",桃園市,玻璃及其製品製造業,328台灣桃園市觀音區經建五路1號,25.0604724,121.1143722
107,H5301548,富順纖維工業股份有限公司觀音廠,7407200,"31,990","7,806","39,796",桃園市,染整業,337053台灣桃園市大園區大工路126號,25.0739522,121.1767528
107,h5302063,日皓造紙工業股份有限公司,24001900,"51,994","22,963","74,957",桃園市,紙漿、紙及紙板製造業,328台灣桃園市觀音區國建三路5號,25.0591006,121.1076492
107,H5307960,台灣電力股份有限公司大潭發電廠,3795904,"10,964,177","2,079","10,966,256",桃園市,電力供應業,328台灣桃園市觀音區電廠路1號,25.0309103,121.051866
107,H53A0675,東和鋼鐵企業股份有限公司桃園廠,75280209,"51,506","349,607","401,113",桃園市,鋼鐵製造業,328台灣桃園市觀音區保障里8鄰草漯116號,25.0694825,121.1394918
107,H53A2255,利芃國際股份有限公司觀音,53121117,"43,449","19,416","62,865",桃園市,未分類其他化學製品製造業,找不到結果,,
107,H53A2562,華亞汽電股份有限公司觀音公用廠,70783006,"201,402","3,913","205,315",桃園市,電力供應業,328台灣桃園市觀音區工業七路3號,25.04899,121.108374
107,H53A6653,台灣科慕股份有限公司觀音廠,24548079,"116,242","157,744","273,986",桃園市,化學原材料製造業,328台灣桃園市觀音區成功路二段566號,25.0450803,121.1063443
107,J5500366,正隆股份有限公司竹北廠,33085508,"63,669","65,456","129,125",新竹縣,其他紙製品製造業,302台灣新竹縣竹北市長青路二段300號,24.8599588,120.9632033
107,J5500526,東華合纖股份有限公司l新竹廠,11083148,"33,720","4,886","38,606",新竹縣,人造纖維製造業,302台灣新竹縣竹北市中華路1005號,24.8499562,121.0043688
107,J5601064,新桃電力股份有限公司,16596337,"936,048","6,843","942,891",新竹縣,電力供應業,306台灣新竹縣關西鎮台電新村66號,24.8153621,121.197594
107,J5700222,遠東新世紀股份有限公司化學纖維總廠,3522600,"221,436","235,325","456,761",新竹縣,人造纖維製造業,305台灣新竹縣新埔鎮文山路亞東段369號,24.8252143,121.0577843
107,J5700231,大享容器工業股份有限公司,46007218,"79,170","20,724","99,894",新竹縣,玻璃及其製品製造業,305台灣新竹縣新埔鎮文山路犂頭山段1118號,24.8344204,121.0271184
107,J5800941,財團法人工業技術研究院,2750963,127,"5,147","5,274",新竹縣,綜合研究發展服務業,30011台灣新竹市東區光復路二段321號,24.8003599,120.9879606
107,J5901658,長春人造樹脂廠股份有限公司新竹廠,11384708,"368,422","5,568","373,990",新竹縣,塑膠及合成橡膠原料製造業,303台灣新竹縣湖口鄉中華路8號,24.8672478,121.0068787
107,J5905432,艾克爾先進科技股份有限公司,16847968,"1,112","12,329","13,441",新竹縣,半導體製造業,303台灣新竹縣湖口鄉光復北路39號,24.8742817,121.0307593
107,J5909823,帆宣系統科技股份有限公司,23145632,132,834,966,新竹縣,其他專用機械設備製造業,305台灣新竹縣新埔鎮文山路犂頭山段186號,24.8303917,121.0405646
107,J59A1577,辛耘企業股份有限公司,30901647,897,"9,661","10,558",新竹縣,其他專用機械設備製造業,303台灣新竹縣湖口鄉中華路16號,24.869372,121.008232
107,J59A5361,恆顥科技股份有限公司湖口廠,53116310,343,"12,400","12,743",新竹縣,光電材料及元件製造業,303台灣新竹縣湖口鄉文化路2-1號,24.8617576,121.0092623
107,J6000230,亞洲水泥股份有限公司新竹製造廠,3244509,153,"8,816","8,969",新竹縣,水泥及其製品製造業,312台灣新竹縣橫山鄉中豐路二段109號,24.722291,121.137123
107,J6203071,台星科股份有限公司,70552666,"3,354","26,217","29,571",新竹縣,其他電子零組件製造業,307台灣新竹縣芎林鄉鹿寮坑176之5號,24.7439205,121.1362063
107,J6300146,漢磊科技股份有限公司創新廠,47299902,"4,025","8,485","12,510",新竹縣,半導體製造業,30076台灣新竹市東區科學園區新竹縣寶山鄉創新一路18號1樓,24.777619,120.996058
107,J6300155,台灣高技股份有限公司,22099343,932,"3,076","4,008",新竹縣,其他電子零組件製造業,330台灣桃園市桃園區興邦路43巷3號,24.9801394,121.3279995
107,J6300299,漢磊科技股份有限公司研發廠,47299902,"18,717","24,833","43,550",新竹縣,半導體製造業,30076台灣新竹市東區科學園區新竹縣寶山鄉創新一路18號1樓,24.777619,120.996058
107,J6300324,台灣積體電路製造股份有限公司三廠3E廠,22099131,"13,133","67,192","80,325",新竹縣,半導體製造業,308台灣新竹縣寶山鄉研新一路9號,24.7752198,120.9902335
107,J6300557,台灣積體電路製造股份有限公司二廠,22099131,"64,358","78,201","142,559",新竹縣,半導體製造業,308台灣新竹縣寶山鄉園區三路121號,24.7729556,120.9988381
107,J6300959,世界先進積體電路股份有限公司晶圓一廠,84149358,"148,448","128,129","276,577",新竹縣,半導體製造業,308台灣新竹縣寶山鄉園區三路123號,24.7755954,120.9962272
107,J6301107,台灣積體電路製造股份有限公司三廠,22099131,"152,309","174,698","327,007",新竹縣,半導體製造業,308台灣新竹縣寶山鄉研新一路9號,24.7752198,120.9902335
107,J6301447,台灣積體電路製造股份有限公司五廠,22099131,"59,570","100,805","160,375",新竹縣,半導體製造業,308台灣新竹縣寶山鄉園區三路121號,24.7742653,120.9981518
107,J63A0048,聯華電子股份有限公司Fab8S廠,47217677,"28,308","72,843","101,151",新竹縣,半導體製造業,300台灣新竹縣寶山鄉研新一路16號,24.7749701,120.9938198
107,J63A0107,台灣積體電路製造股份有限公司十二廠研新廠,22099131,"88,527","148,627","237,154",新竹縣,半導體製造業,308台灣新竹縣寶山鄉園區二路188號,24.7682233,121.0145867
107,J63A1056,台灣積體電路製造股份有限公司十二廠四期/五期,22099131,"42,894","337,612","380,506",新竹縣,半導體製造業,308台灣新竹縣寶山鄉園區二路168號,24.7702397,121.0123147
107,J63A1591,台灣積體電路製造股份有限公司十二廠六期,22099131,"19,736","193,180","212,916",新竹縣,半導體製造業,308台灣新竹縣寶山鄉園區二路166號,24.7713146,121.0111965
107,J63A1670,台灣積體電路製造股份有限公司十二廠七期,22099131,"53,244","372,063","425,307",新竹縣,半導體製造業,308台灣新竹縣寶山鄉園區二路188號,24.7682233,121.0145867
107,J63A1719,聯穎光電股份有限公司竹科廠,53170263,"17,063","38,654","55,717",新竹縣,半導體製造業,308台灣新竹縣寶山鄉創新一路10號,24.7764668,120.9976736
107,K6801089,長春石油化學股份有限公司苗栗廠,11384806,"1,328,561","68,511","1,397,072",苗栗縣,未分類其他化學製品製造業,360台灣苗栗縣苗栗市宜春路245號,24.5932743,120.8104072
107,K6801123,長春石油化學股份有限公司苗栗二廠,11384806,"108,659","967,782","1,076,441",苗栗縣,化學原材料製造業,360台灣苗栗縣苗栗市宜春路245號,24.5932743,120.8104072
107,K7000504,臺鹽實業股份有限公司通霄精鹽廠,89397503,"21,798","1,499","23,297",苗栗縣,其他食品製造業,357台灣苗栗縣通霄鎮122號,24.55595,120.7035792
107,K7000513,建順煉鋼股份有限公司,55695790,"32,904","97,150","130,054",苗栗縣,鋼鐵製造業,357台灣苗栗縣通霄鎮五北里68之4號,24.4722161,120.6696128
107,K7000764,台灣電力股份有限公司通霄發電廠,3795904,"5,746,822","4,176","5,750,998",苗栗縣,電力供應業,357台灣苗栗縣通霄鎮海濱路1-31號,24.489653,120.673746
107,K7104025,群創光電股份有限公司T1廠,12800225,"7,440","138,124","145,564",苗栗縣,光電材料及元件製造業,350台灣苗栗縣竹南鎮科中路12號,24.7095333,120.9162947
107,K71A1370,群創光電股份有限公司T2廠,12800225,"18,918","229,111","248,029",苗栗縣,光電材料及元件製造業,350台灣苗栗縣竹南鎮科學路160號,24.7144072,120.9146606
107,K71A2695,群創光電股份有限公司T3廠,12800225,"15,178","97,739","112,917",苗栗縣,光電材料及元件製造業,350台灣苗栗縣竹南鎮科中路12號,24.7095333,120.9162947
107,K7200933,華夏海灣塑膠股份有限公司頭份廠,11686106,"53,552","100,440","153,992",苗栗縣,化學原材料製造業,351台灣苗栗縣頭份市民族路571號,24.6851829,120.8895549
107,K7201001,中國石油化學工業開發股份有限公司頭份廠,3084741,"1,110,199",936,"1,111,135",苗栗縣,化學原材料製造業,351台灣苗栗縣頭份市自強路二段217號,24.6822518,120.8923886
107,k8000366,立安東化工股份有限公司三義廠,20939460,"96,666","19,347","116,013",苗栗縣,化學原材料製造業,367台灣苗栗縣三義鄉99號,24.3507679,120.7410567
107,K8100129,東和鋼鐵企業股份有限公司苗栗廠,75280209,"131,550","289,687","421,237",苗栗縣,鋼鐵製造業,36842台灣苗栗縣西湖鄉22號,24.5692351,120.7394317
107,K8201149,冠軍建材股份有限公司第二廠,49701774,"59,126","28,215","87,341",苗栗縣,耐火、黏土建材及其他陶瓷製品製造業,361台灣苗栗縣造橋鄉乳姑山2號,24.6250076,120.8527989
107,L0000624,永豐餘工業用紙股份有限公司成功廠,27719048,"16,190","7,482","23,672",臺中市,紙漿、紙及紙板製造業,414台灣臺中市烏日區中山路三段546號,24.1142801,120.5924996
107,L0200473,台灣電力股份有限公司台中發電廠,3795904,"34,177,352","25,909","34,203,261",臺中市,電力供應業,434台灣臺中市龍井區龍昌路1號,24.2145358,120.4921722
107,L0200633,中龍鋼鐵股份有限公司,84613756,"9,899,185","220,647","10,119,832",臺中市,鋼鐵製造業,434台灣臺中市龍井區龍昌路100號,24.2293309,120.501457
107,L8801052,廣源造紙股份有限公司台中廠,50301500,"121,777","51,307","173,084",臺中市,紙漿、紙及紙板製造業,437台灣臺中市大甲區工一路1號,24.4116758,120.6442857
107,L8900676,永豐餘消費品實業股份有限公司清水廠,22327037,"39,011","30,964","69,975",臺中市,其他紙製品製造業,436台灣臺中市清水區舊庄路258號,24.2974958,120.6327659
107,L9000666,味丹企業股份有限公司沙鹿第一工廠,56121907,"131,741","40,931","172,672",臺中市,其他食品製造業,433台灣臺中市沙鹿區興安路65號,24.228647,120.549604
107,L9100198,台灣玻璃工業股份有限公司台中廠,11914002,"93,225","19,425","112,650",臺中市,玻璃及其製品製造業,435台灣臺中市梧棲區自強路377號,24.2372238,120.5217875
107,L9100563,台灣玻璃工業股份有限公司台中廠平板三場,11914002,"38,282","24,942","63,224",臺中市,玻璃及其製品製造業,435台灣臺中市梧棲區自強路377號,24.2372238,120.5217875
107,L9101748,中美和石油化學股份有限公司台中廠,14040691,"175,137","33,717","208,854",臺中市,化學原材料製造業,435台灣臺中市梧棲區草湳里南堤路2段89號,24.2613362,120.4966377
107,L9200693,正隆股份有限公司后里分公司,33085508,"834,179","27,206","861,385",臺中市,紙漿、紙及紙板製造業,421台灣臺中市后里區三豐路三段2號,24.2845555,120.723059
107,L9200728,豐興鋼鐵股份有限公司,55389357,"233,532","537,742","771,274",臺中市,鋼鐵製造業,421台灣臺中市后里區甲后路一段998號,24.3108348,120.710959
107,L9202099,台灣美光記憶體股份有限公司台中一廠,28518076,"122,786","411,138","533,924",臺中市,半導體製造業,421台灣臺中市后里區三豐路四段369號,24.3185835,120.7247905
107,L92A0931,友達光電股份有限公司后里廠,84149738,"47,145","370,763","417,908",臺中市,光電材料及元件製造業,421台灣臺中市后里區馬場路1號,24.2954401,120.7268487
107,L9506056,華邦電子股份有限公司中科廠,22099218,"64,510","265,596","330,106",臺中市,半導體製造業,428台灣臺中市大雅區科雅一路8號,24.211258,120.6187403
107,L95A2041,台灣積體電路製造股份有限公司15廠,22099131,"212,607","842,504","1,055,111",臺中市,半導體製造業,428台灣臺中市大雅區科雅六路1號,24.2117205,120.6166094
107,N0803765,台灣玻璃工業股份有限公司鹿港廠,11914002,"56,206","99,150","155,356",彰化縣,玻璃及其製品製造業,505台灣彰化縣鹿港鎮鹿工路52號,24.0772777,120.388258
107,N1400562,榮成紙業股份有限公司,34202841,"257,856","1,792","259,648",彰化縣,紙漿、紙及紙板製造業,526台灣彰化縣二林鎮廣興巷1-1號,23.8653186,120.3620492
107,N14A1507,榮成紙業股份有限公司蒸汽廠,34202841,"264,047",,"264,047",彰化縣,紙漿、紙及紙板製造業,526台灣彰化縣二林鎮廣興巷1-1號,23.8653186,120.3620492
107,N1504207,星能電力股份有限公司,70783765,"805,402","5,817","811,219",彰化縣,電力供應業,507台灣彰化縣線西鄉線工南二路2號,24.126898,120.4307108
107,N1505633,星元電力股份有限公司(星元天然氣發電廠),27945086,"995,788","4,008","999,796",彰化縣,電力供應業,507台灣彰化縣線西鄉慶安南二路2號,24.1281484,120.4209471
107,N1601229,慶欣欣鋼鐵股份有限公司,80354671,"134,721","231,638","366,359",彰化縣,鋼鐵製造業,509台灣彰化縣伸港鄉工西二路2號,24.1686451,120.5061652
107,N1607141,台灣鋼聯股份有限公司,89528054,"108,593","10,399","118,992",彰化縣,化學原材料製造業,50953台灣彰化縣伸港鄉線工北一路36號,24.1545395,120.4511077
107,N2100552,正新橡膠工業股份有限公司,59504506,"34,538","45,325","79,863",彰化縣,橡膠製品製造業,515台灣彰化縣大村鄉美港路215號,23.9828825,120.5749074
107,N2902234,力麗企業股份有限公司彰化化纖總廠,7663290,"147,503","67,641","215,144",彰化縣,人造纖維製造業,528台灣彰化縣芳苑鄉工業路38號,23.923622,120.3551431
107,N2904318,力鵬企業股份有限公司彰化尼龍總廠,33955322,"36,865","162,850","199,715",彰化縣,人造纖維製造業,528台灣彰化縣芳苑鄉工業路33號,23.9210974,120.3538421
107,O1700798,元隆電子股份有限公司,22099174,"56,945","21,234","78,179",新竹市,半導體製造業,300台灣新竹市東區研發二路14號,24.778291,121.0023453
107,O1701115,漢磊科技股份有限公司研新廠(元件二廠),47299902,"12,922","9,582","22,504",新竹市,半導體製造業,30076台灣新竹市東區科學園區新竹縣寶山鄉創新一路18號1樓,24.777619,120.996058
107,O1703315,華夏玻璃股份有限公司,47109348,"91,245","31,246","122,491",新竹市,玻璃及其製品製造業,300台灣新竹市香山區埔前路49號,24.7957197,120.9383569
107,O1703351,台灣玻璃工業股份有限公司新竹廠,11914002,"113,422","49,809","163,231",新竹市,玻璃及其製品製造業,300台灣新竹市香山區中華路四段470號,24.7911338,120.9373214
107,O1704787,旺宏電子股份有限公司晶圓一廠,22099548,"45,138","34,320","79,458",新竹市,半導體製造業,300台灣新竹市東區力行路19號,24.7654899,121.0240148
107,O1704812,台灣茂矽電子股份有限公司,22099110,"155,948","52,719","208,667",新竹市,半導體製造業,300台灣新竹市東區研新一路1號,24.7765338,120.9883338
107,O1706049,元太科技工業股份有限公司,22099890,55,"19,576","19,631",新竹市,光電材料及元件製造業,300台灣新竹市東區力行一路3號元太科技新竹廠A棟,24.770449,121.0186284
107,O1706209,聯華電子股份有限公司Fab8A廠,47217677,"108,386","121,301","229,687",新竹市,半導體製造業,300台灣新竹縣寶山鄉研新一路16號,24.7749701,120.9938198
107,O1706307,旺宏電子股份有限公司晶圓二廠,22099548,"59,910","97,051","156,961",新竹市,半導體製造業,300台灣新竹市東區力行路19號,24.7654899,121.0240148
107,O1706692,聯華電子股份有限公司Fab8E廠,47217677,"46,439","82,780","129,219",新竹市,半導體製造業,300台灣新竹縣寶山鄉研新一路16號,24.7749701,120.9938198
107,O1707395,友達光電股份有限公司L5廠,84149738,"2,737","47,448","50,185",新竹市,光電材料及元件製造業,300台灣新竹市東區力行路23號,24.7606283,121.0208895
107,O1708632,聯華電子股份有限公司Fab8F廠,47217677,"39,396","86,060","125,456",新竹市,半導體製造業,300台灣新竹市東區力行二路3號,24.7708157,121.0192901
107,O1709148,聯華電子股份有限公司Fab8D廠,47217677,"102,486","172,884","275,370",新竹市,半導體製造業,300台灣新竹市東區力行二路3號,24.7708157,121.0192901
107,O1709193,友達光電總部/友達光電股份有限公司L3B廠,84149738,"2,837","21,475","24,312",新竹市,光電材料及元件製造業,300台灣新竹市東區力行路23號,24.7606283,121.0208895
107,O1709308,台灣積體電路製造股份有限公司十二廠,22099131,"90,274","284,037","374,311",新竹市,半導體製造業,308台灣新竹縣寶山鄉園區二路168號,24.7702397,121.0123147
107,O1713311,台灣積體電路製造股份有限公司八廠,22099131,"122,514","182,094","304,608",新竹市,半導體製造業,300台灣新竹市東區力行路25號,24.7624399,121.01981
107,o1745831,敦南科技股份有限公司新竹分公司廠,12800750,"47,594","22,508","70,102",新竹市,半導體製造業,300台灣新竹市東區竹村三路24號,24.7778901,121.0089957
107,O1747764,力晶科技股份有限公司P3,84149385,"22,300","141,239","163,539",新竹市,半導體製造業,300台灣新竹市東區力行路16-1號,24.7669451,121.0243215
107,O1748707,力晶科技股份有限公司P1/2,84149385,"52,789","307,178","359,967",新竹市,半導體製造業,300台灣新竹市東區力行一路12號,24.7698161,121.01764
107,O1749526,采鈺科技股份有限公司,80601119,"12,394","22,812","35,206",新竹市,其他電子零組件製造業,"No. 12號, No. 12篤行一路東區新竹市台灣 300",24.7735196,121.0232457
107,O1751197,世界先進積體電路股份有限公司晶圓二廠,84149358,"68,634","138,994","207,628",新竹市,半導體製造業,300台灣新竹市東區力行路9號,24.7714636,121.0281827
107,O1753306,力晶積成電子製造股份有限公司8A,28112667,"31,671","96,575","128,246",新竹市,半導體製造業,300台灣新竹市東區力行一路18號4樓,24.7681886,121.0170081
107,O17A0968,新唐科技股份有限公司,28112646,"35,823","39,441","75,264",新竹市,半導體製造業,300台灣新竹市東區研新三路4號三樓,24.7792616,120.9906641
107,O17A6887,旺宏電子股份有限公司晶圓五廠,22099548,"67,620","114,987","182,607",新竹市,半導體製造業,300台灣新竹市東區力行路19號,24.7654899,121.0240148
107,P4600987,福懋興業股份有限公司,14001199,"311,684","34,485","346,169",雲林縣,染整業,640台灣雲林縣斗六市石榴路317號,23.7272352,120.5880423
107,P4601984,福懋興業股份有限公司第二廠,14001199,"24,970","74,165","99,135",雲林縣,紡織品製造業,640台灣雲林縣斗六市石榴路317號,23.7272352,120.5880423
107,P4602374,展頌股份有限公司斗六廠,22927617,"29,424","23,695","53,119",雲林縣,人造纖維製造業,640台灣雲林縣斗六市斗工十路156-1號,23.7146742,120.5976034
107,P4602758,富喬工業股份有限公司,16834268,"57,346","67,804","125,150",雲林縣,其他非金屬礦物製品製造業,640台灣雲林縣斗六市斗工十六路8號,23.7098924,120.5965904
107,P46A0693,旭硝子顯示玻璃股份有限公司斗六二廠,70584724,"88,747","173,094","261,841",雲林縣,玻璃及其製品製造業,640台灣雲林縣斗六市科工七路8號,23.7180315,120.5035408
107,P48A0851,富喬工業股份有限公司雲林分公司,16834268,"41,902","49,235","91,137",雲林縣,玻璃及其製品製造業,640台灣雲林縣斗六市斗工十六路8號,23.7098924,120.5965904
107,P5500191,合眾紙業股份有限公司林內廠,4380087,"35,355","31,866","67,221",雲林縣,紙漿、紙及紙板製造業,643台灣雲林縣林內鄉瑞農65號,23.7670948,120.6046704
107,P5801513,南亞塑膠工業股份有限公司麥寮總廠,75370905,"377,885","1,081,859","1,459,744",雲林縣,化學原材料製造業,638台灣雲林縣麥寮鄉中山高速公路,23.79864,120.21748
107,P5801602,台灣塑膠工業股份有限公司麥寮廠,75708007,"490,742","4,128,730","4,619,472",雲林縣,未分類其他化學製品製造業,638台灣雲林縣麥寮鄉台塑工業園區1號,23.8002145,120.2157963
107,P5801719,麥寮汽電股份有限公司,96975970,"9,754,872",,"9,754,872",雲林縣,電力供應業,638台灣雲林縣麥寮鄉7號,23.8041865,120.1914995
107,P5801728,台塑石化股份有限公司麥寮二廠,86522210,"4,672,042","159,339","4,831,381",雲林縣,未分類其他化學製品製造業,638台灣雲林縣麥寮鄉工業路17號,23.7771766,120.1874829
107,P5801773,台灣化學纖維股份有限公司麥寮廠,58650902,"566,136","1,260,856","1,826,992",雲林縣,化學原材料製造業,"638台灣雲林縣麥寮鄉5號, 台 塑 工業 園區",23.8136467,120.2098154
107,P5802092,台灣化學纖維股份有限公司海豐廠,58650902,"1,264,632","2,137,348","3,401,980",雲林縣,化學原材料製造業,638台灣雲林縣麥寮鄉638,23.761906,120.1759649
107,P5802387,大連化學工業股份有限公司麥寮廠,12233428,"151,709","720,852","872,561",雲林縣,化學原材料製造業,638台灣雲林縣麥寮鄉25號,23.759851,120.1726932
107,P5802421,台塑石化股份有限公司麥寮一廠,86522210,"15,959,464",,"15,959,464",雲林縣,化學原材料製造業,638台灣雲林縣麥寮鄉中山高速公路,23.79864,120.21748
107,P5802430,台塑石化股份有限公司麥寮三廠,86522210,"7,439,102","200,802","7,639,904",雲林縣,未分類其他化學製品製造業,638台灣雲林縣麥寮鄉麥寮鄉台塑工業園區39號,23.762269,120.187877
107,P5805244,南亞塑膠工業股份有限公司海豐總廠,75370905,"397,509","1,210,983","1,608,492",雲林縣,化學原材料製造業,"638台灣雲林縣麥寮鄉42號, 台塑工業園區",23.7737178,120.1913452
107,Q6901613,福隆玻璃纖維股份有限公司,22663571,"27,016","30,233","57,249",嘉義縣,其他非金屬礦物製品製造業,621台灣嘉義縣民雄鄉中華路89號,23.526617,120.456131
107,Q6907286,嘉惠電力(股)有限公司,96976990,"849,847","10,074","859,921",嘉義縣,電力供應業,62148台灣嘉義縣民雄鄉松山村松子腳688號,23.5317971,120.4726806
107,Q7100245,台灣必成股份有限公司新港廠,22662355,"77,011","185,030","262,041",嘉義縣,玻璃及其製品製造業,616台灣嘉義縣新港鄉2-1號,23.5111242,120.3695728
107,Q7100254,台灣化學纖維股份有限公司新港廠,58650902,"2,178,075","35,276","2,213,351",嘉義縣,人造纖維製造業,616002台灣嘉義縣新港鄉1號,23.5221981,120.3825302
107,Q7100272,南亞塑膠工業股份有限公司新港廠,75370905,"42,305","812,654","854,959",嘉義縣,塑膠製品製造業,616台灣嘉義縣新港鄉三間厝38號,23.5216367,120.3824802
107,Q7600375,南亞塑膠工業股份有限公司嘉義廠,75370905,"305,857","8,266","314,123",嘉義縣,塑膠製品製造業,612台灣嘉義縣太保市北港路二段201號,23.4970118,120.3783989
107,R0300482,統懋半導體股份有限公司新市總廠,22404266,106,"6,406","6,512",臺南市,其他電子零組件製造業,744台灣臺南市新市區中山路76號,23.0763778,120.3009793
107,R0300606,得力實業股份有限公司,73686632,"51,337","36,207","87,544",臺南市,染整業,744台灣臺南市新市區復興路820號,23.1047554,120.2949128
107,R0301603,宏捷科技股份有限公司南科大利廠,16130423,"6,700","10,611","17,311",臺南市,半導體製造業,744台灣臺南市新市區大利一路6號,23.1079748,120.2797648
107,R0304131,聯華電子股份有限公司Fab12A廠,47217677,"104,227","433,534","537,761",臺南市,半導體製造業,744台灣臺南市新市區南科二路18號,23.0956627,120.2790714
107,R0305156,瀚宇彩晶南科TFT-LCD三廠,16450500,"94,931","217,340","312,271",臺南市,光電材料及元件製造業,741台灣臺南市新市區南科二路35號,23.09469,120.2800349
107,R03A0450,群創光電股份有限公司樹谷分公司,12800225,"38,472","422,962","461,434",臺南市,光電材料及元件製造業,74148台灣臺南市新市區紫楝路21號,23.1007961,120.2624638
107,R03A1894,群創光電股份有限公司B廠,12800225,"134,453","498,318","632,771",臺南市,光電材料及元件製造業,741台灣臺南市善化區南科八路12號B棟,23.1154249,120.2762664
107,R03A1903,群創光電股份有限公司A廠,12800225,"32,960","73,605","106,565",臺南市,光電材料及元件製造業,744台灣臺南市新市區奇業路1號,23.0875622,120.2815577
107,R03A1913,群創光電股份有限公司D廠,12800225,"64,383","723,947","788,330",臺南市,光電材料及元件製造業,744台灣臺南市新市區環西路一段3號,23.090312,120.277275
107,R0500240,宏遠興業股份有限公司,22817999,"85,050","70,527","155,577",臺南市,染整業,743台灣臺南市山上區256號,23.1133126,120.3422775
107,R0503072,森霸電力公司豐德電廠,70783499,"1,527,985","5,455","1,533,440",臺南市,電力供應業,743台灣臺南市山上區66號,23.0842713,120.3559143
107,R1001719,台南紡織股份有限公司仁德廠,68919301,"40,084","53,885","93,969",臺南市,紡紗業,717台灣臺南市仁德區中正路二段1034巷6號,22.9642474,120.2559933
107,R1002065,奇美實業股份有限公司(仁德廠),68387705,"167,339","315,201","482,540",臺南市,塑膠及合成橡膠原料製造業,717台灣臺南市仁德區中正路一段398號,22.9272249,120.2431587
107,R1002547,豐年豐和企業股份有限公司上崙一廠,16635562,"37,159","9,211","46,370",臺南市,動植物油脂製造業,717台灣臺南市仁德區崑崙路201號,22.9328505,120.2508391
107,R10A3047,奇美實業股份有限公司旭美廠,68387705,"181,566","30,715","212,281",臺南市,塑膠及合成橡膠原料製造業,717台灣臺南市仁德區中正路一段398號,22.9272249,120.2431587
107,R1412418,統一實業股份有限公司二廠,73252657,"43,245","92,000","135,245",臺南市,金屬加工處理業,710台灣臺南市永康區中正北路837號,23.0505581,120.2667841
107,R14A1883,易昇鋼鐵股份有限公司,28098406,"24,004","98,409","122,413",臺南市,鋼鐵製造業,710台灣臺南市永康區正南一街200號,23.0281573,120.2250601
107,R8400827,榮剛材料科技股份有限公司新營廠,84252697,"74,339","83,291","157,630",臺南市,鋼鐵製造業,730台灣臺南市新營區新中路35號,23.3016583,120.2809331
107,R8500582,華新麗華股份有限公司鹽水廠,35412204,"117,509","176,026","293,535",臺南市,鋼鐵製造業,737台灣臺南市鹽水區3之10號,23.3340512,120.2905244
107,R9001677,台灣積體電路製造股份有限公司十四廠,22099131,"222,378","770,702","993,080",臺南市,半導體製造業,741台灣臺南市善化區南科北路1號,23.1145277,120.2743889
107,R9004230,台灣積體電路製造股份有限公司六廠,22099131,"147,485","200,235","347,720",臺南市,半導體製造業,744台灣臺南市新市區南科北路1號,23.1100289,120.2735232
107,R90A1360,台灣積體電路製造股份有限公司先進封裝廠,22099131,"4,935","45,343","50,278",臺南市,半導體製造業,741台灣臺南市善化區南科北路1之1號,23.1098041,120.2712618
107,R90A1469,群創光電股份有限公司C廠,12800225,173,"18,678","18,851",臺南市,光電材料及元件製造業,741台灣臺南市善化區南科八路12號B棟,23.1154249,120.2762664
107,R90A1716,群創光電股份有限公司觸控南科廠,12800225,180,"22,618","22,798",臺南市,光電材料及元件製造業,741台灣臺南市善化區南科八路12號B棟,23.1154249,120.2762664
107,R9701341,威致鋼鐵工業股份有限公司,69771636,"100,244","213,357","313,601",臺南市,鋼鐵製造業,720台灣臺南市官田區南廍123號,23.2262982,120.3104239
107,R9701850,官田鋼鐵股份有限公司官田廠,72065240,"26,412","21,281","47,693",臺南市,鋼鐵製造業,72046台灣臺南市官田區119-5號,23.2183221,120.3061311
107,R9702160,台灣汽電共生股份有限公司官田廠,86685142,"420,510","3,014","423,524",臺南市,電力供應業,720台灣臺南市官田區工業西路28號,23.2107951,120.3201115
107,S1601990,燁聯鋼鐵股份有限公司,23218395,"290,430","392,108","682,538",高雄市,鋼鐵製造業,820台灣高雄市岡山區興隆街600號,22.8309261,120.3005934
107,S1602102,中鴻鋼鐵股份有限公司熱軋廠,7838854,"162,132","137,300","299,432",高雄市,鋼鐵製造業,820台灣高雄市岡山區興隆街576號,22.82647,120.29961
107,s1900283,和益化學工業股份有限公司,4312878,"63,342","24,052","87,394",高雄市,塑膠及合成橡膠原料製造業,832台灣高雄市林園區石化三路9號,22.4876543,120.4058487
107,S1900372,台灣氯乙烯工業股份有限公司林園廠,19084015,"113,005","91,993","204,998",高雄市,化學原材料製造業,832台灣高雄市林園區工業一路1號,22.499011,120.4069092
107,S1900578,東聯化學股份有限公司高雄林園廠,14057995,"57,109","290,252","347,361",高雄市,化學原材料製造業,832台灣高雄市林園區工業三路3號,22.493906,120.4147949
107,S1900612,聯成化學科技股份有限公司林園廠,4748660,"67,521","16,705","84,226",高雄市,化學原材料製造業,832台灣高雄市林園區工業二路3號,22.5030674,120.4136687
107,S1900658,台灣苯乙烯工業股份有限公司高雄廠,20844865,"377,514","35,403","412,917",高雄市,化學原材料製造業,832台灣高雄市林園區工業一路7號,22.5073491,120.405701
107,S1900685,台灣塑膠工業股份有限公司林園廠,75708007,"671,202","138,919","810,121",高雄市,化學原材料製造業,832台灣高雄市林園區石化一路1號,22.5075475,120.4118101
107,S1900694,台灣石化合成股份有限公司林園廠,30974253,"59,923","82,069","141,992",高雄市,未分類其他化學製品製造業,832台灣高雄市林園區工業二路1號,22.4988619,120.4144485
107,S1900710,台灣中油股份有限公司石化事業部林園石化廠,3707901,"2,215,323","83,759","2,299,082",高雄市,化學原材料製造業,832台灣高雄市林園區石化二路3號,22.4986779,120.406679
107,S1901002,合興石化工業股份有限公司林園廠,23531178,"41,232","32,667","73,899",高雄市,未分類其他化學製品製造業,832台灣高雄市林園區工業二路1號,22.4988619,120.4144485
107,S1901066,信昌化學工業股份有限公司林園廠,86120031,"227,089","146,519","373,608",高雄市,化學原材料製造業,832台灣高雄市林園區工業三路9號,22.4970261,120.4150045
107,S2001314,長春石油化學股份有限公司大發廠,11384806,"590,679","61,802","652,481",高雄市,蒸汽供應業,831台灣高雄市大寮區建業路11號,22.5710517,120.4276788
107,S2005081,長春人造樹脂廠股份有限公司大發廠,11384708,"372,968","194,553","567,521",高雄市,化學原材料製造業,831台灣高雄市大寮區華西路8號,22.5751524,120.4229687
107,S2005652,大連化學工業股份有限公司大發廠,12233428,"113,117","586,274","699,391",高雄市,化學原材料製造業,831台灣高雄市大寮區華西路8之1號,22.5748121,120.4256747
107,S2015916,長春人造樹脂廠股份有限公司大發二廠,11384708,"75,250","222,331","297,581",高雄市,化學原材料製造業,831台灣高雄市大寮區華西路8號,22.5751524,120.4229687
107,S2100223,中華紙漿股份有限公司久堂廠,94025264,"429,247","16,167","445,414",高雄市,紙漿、紙及紙板製造業,840台灣高雄市大樹區久堂路112號,22.6597566,120.4204955
107,S2201092,長春人造樹脂廠股份有限公司高雄廠,11384708,"34,164","98,835","132,999",高雄市,塑膠及合成橡膠原料製造業,814台灣高雄市仁武區工業一路14號,22.7003373,120.34104
107,S2201109,台灣塑膠工業股份有限公司仁武廠,75708007,"2,463,840","72,290","2,536,130",高雄市,化學原材料製造業,814台灣高雄市仁武區水管路100號,22.7057305,120.334949
107,S2201154,三芳化學工業股份有限公司,83387850,"25,508","27,418","52,926",高雄市,塑膠及合成橡膠原料製造業,814台灣高雄市仁武區鳳仁路402號,22.721594,120.3352089
107,S2300401,中國人造纖維股份有限公司高雄總廠,7066907,"520,059","34,406","554,465",高雄市,化學原材料製造業,815台灣高雄市大社區經建路8號,22.7247531,120.3360897
107,S2300410,中國石油化學工業開發股份有限公司大社廠,3084741,"138,429","30,195","168,624",高雄市,化學原材料製造業,815台灣高雄市大社區經建路1號,22.7258043,120.3403145
107,S2300429,國喬石油化學股份有限公司,4212250,"625,920","4,270","630,190",高雄市,石油及煤製品製造業,815台灣高雄市大社區興工路4號,22.7210212,120.341794
107,S2300438,台橡股份有限公司高雄廠,3553737,"85,816","72,357","158,173",高雄市,塑膠及合成橡膠原料製造業,815台灣高雄市大社區興工路2號,22.7241632,120.3403621
107,S2300447,高雄塑酯化學股份有限公司,85803825,"78,490","23,226","101,716",高雄市,化學原材料製造業,815台灣高雄市大社區興工路1號,22.7240417,120.3410755
107,S2300465,大連化學工業股份有限公司高雄廠,12233428,"32,933","65,053","97,986",高雄市,化學原材料製造業,815台灣高雄市大社區興工路1之3號,22.7202288,120.3424248
107,S2500536,燁輝企業股份有限公司高雄一廠,75947936,"60,782","78,441","139,223",高雄市,金屬加工處理業,825台灣高雄市橋頭區里芋寮路369號,22.7654048,120.2770969
107,S25A0144,欣建工業股份有限公司,28042430,"17,612","21,954","39,566",高雄市,鋼鐵製造業,825台灣高雄市橋頭區芋林路301號,22.7648371,120.2834713
107,S2602473,裕鐵企業股份有限公司岡山二廠,85978401,"40,626","44,754","85,380",高雄市,金屬加工處理業,824台灣高雄市燕巢區安招路,22.7863349,120.3289808
107,S26A0793,裕鐵企業股份有限公司岡山三廠,85978401,"22,733","10,534","33,267",高雄市,金屬加工處理業,824台灣高雄市燕巢區安招路,22.7863349,120.3289808
107,S2800200,環球水泥股份有限公司阿蓮廠,7568009,156,"9,759","9,915",高雄市,水泥及其製品製造業,822005台灣高雄市阿蓮區崗山一街368號,22.8655178,120.3309761
107,S29A1607,群創光電股份有限公司F廠,12800225,"37,549","369,030","406,579",高雄市,光電材料及元件製造業,821台灣高雄市路竹區路科十路11號,22.8392912,120.2518516
107,S3200688,台灣電力股份有限公司興達發電廠,3795904,"19,055,682","11,122","19,066,804",高雄市,電力供應業,828台灣高雄市永安區興達路6號,22.8564943,120.2004541
107,T4500108,台灣電力股份有限公司第三核能發電廠,3795904,"21,562","42,323","63,885",屏東縣,電力供應業,946台灣屏東縣恆春鎮南灣路387號,21.9581404,120.7517691
107,U0100187,台灣水泥股份有限公司和平分公司和平廠,11913502,"3,186,750","171,350","3,358,100",花蓮縣,水泥及其製品製造業,972台灣花蓮縣秀林鄉和平村263號,24.3031223,121.7514351
107,U0100258,和平電力股份有限公司和平火力發電廠,16096852,"7,797,936","1,612","7,799,548",花蓮縣,電力供應業,972台灣花蓮縣秀林鄉和工二路7號,24.3088771,121.7633072
107,U9100978,台灣水泥股份有限公司花蓮廠,11913502,12,"1,676","1,688",花蓮縣,水泥及其製品製造業,970台灣花蓮縣花蓮市花蓮市華東103號,24.0091191,121.6366762
107,U9400115,亞洲水泥股份有限公司花蓮製造廠,3244509,"2,885,585","157,726","3,043,311",花蓮縣,水泥及其製品製造業,971台灣花蓮縣新城鄉新興路125號,24.1334551,121.6393111
107,U9500478,中華紙漿股份有限公司花蓮廠,94025264,"112,805","103,086","215,891",花蓮縣,紙漿、紙及紙板製造業,973台灣花蓮縣吉安鄉光華街100號,23.9312034,121.5839363
107,V7500777,中華紙漿股份有限公司台東廠,94025264,"114,029","48,962","162,991",臺東縣,紙漿、紙及紙板製造業,950台灣臺東縣臺東市中興路四段371號,22.7742055,121.0953973
107,W0404930,台灣電力股份有限公司塔山發電廠夏興分廠,3795904,"20,051",,"20,051",金門縣,電力供應業,891,24.440549,118.397934
107,W0504775,台灣電力股份有限公司塔山發電廠,3795904,"178,237",176,"178,413",金門縣,電力供應業,893西海路一段2號,24.4143164,118.2821738
107,W0803559,台灣電力股份有限公司塔山發電廠麒麟分廠,3795904,"12,060",,"12,060",金門縣,電力供應業,894,24.4304034,118.2511793
107,X0501232,台灣電力股份有限公司尖山發電廠,3795904,"271,246",247,"271,493",澎湖縣,電力供應業,880台灣澎湖縣馬公市新生路333號,23.5670483,119.5805389
107,Z6303328,台灣電力股份有限公司珠山發電廠,3795904,"31,506",,"31,506",連江縣,電力供應業,2094299之9號,26.1552886,119.9348373
106,B2311535,台灣康寧顯示玻璃股份有限公司,4388145,"45,516","361,368","406,884",臺中市,玻璃及其製品製造業,407台灣臺中市西屯區科園路1號,24.2012912,120.6177527
106,B2313780,友達光電股份有限公司台中廠,84149738,"129,443","1,147,909","1,277,352",臺中市,光電材料及元件製造業,421台灣臺中市后里區馬場路1號,24.2954401,120.7268487
106,C1400170,台灣電力股份有限公司協和發電廠,3795904,"7,189,009","8,152","7,197,161",基隆市,電力供應業,203台灣基隆市中山區文化路80號,25.1534456,121.7348548
106,C1500291,敦南科技股份有限公司基隆廠,23528103,795,"13,015","13,810",基隆市,其他電子零組件製造業,231台灣新北市新店區寶橋路233之2號9樓,24.979519,121.5518969
106,D0301680,瀚宇彩晶南科觸控感應器廠,16450500,28,"52,222","52,250",臺南市,光電材料及元件製造業,741台灣臺南市新市區南科二路35號,23.09469,120.2800349
106,D0302141,聯華電子股份有限公司Fab12A廠第二廠區,47217677,"12,598","186,378","198,976",臺南市,半導體製造業,744台灣臺南市新市區南科二路18號,23.0956627,120.2790714
106,D9000120,和鑫光電股份有限公司南科廠,70750217,"39,893","40,713","80,606",臺南市,光電材料及元件製造業,741台灣臺南市善化區北園一路7號,23.1232374,120.2663966
106,D9000746,台灣積體電路製造股份有限公司十四B廠,22099131,"128,070","721,720","849,790",臺南市,半導體製造業,741台灣臺南市善化區南科九路17號,23.1116704,120.2671479
106,D9001225,群創光電股份有限公司觸控模組廠,12800225,82,"20,764","20,846",臺南市,光電材料及元件製造業,741台灣臺南市善化區南科八路12號B棟,23.1154249,120.2762664
106,D9001396,台灣積體電路製造股份有限公司十四B廠七期,22099131,"26,041","251,207","277,248",臺南市,半導體製造業,741台灣臺南市善化區南科九路17號,23.1116704,120.2671479
106,D9700358,詠順科技股份有限公司,23543245,"19,734","1,186","20,920",臺南市,蒸汽供應業,600台灣嘉義市東區保義路288號,23.5070167,120.4531047
106,E2000554,錦州科技股份有限公司大發廠,53520959,"669,060","1,506","670,566",高雄市,蒸汽供應業,831台灣高雄市大寮區華西路8號,22.5751524,120.4229687
106,E4900333,台灣中油股份有限公司煉製事業部高雄煉油廠,3707901,454,"32,905","33,359",高雄市,石油及煤製品製造業,812台灣高雄市小港區沿海四路50號,22.5290654,120.3472505
106,E4900744,東南水泥股份有限公司,83078600,"3,193","21,812","25,005",高雄市,水泥及其製品製造業,801台灣高雄市前金區五福三路21號,22.6223642,120.2997759
106,E5400878,台灣電力股份有限公司南部發電廠,3795904,"3,282,374","2,067","3,284,441",高雄市,電力供應業,806台灣高雄市前鎮區成功二路5號,22.601544,120.3019432
106,E5600056,台灣中油股份有限公司煉製事業部大林煉油廠,3707901,"2,753,358","624,691","3,378,049",高雄市,石油及煤製品製造業,812台灣高雄市小港區沿海四路50號,22.5290654,120.3472505
106,E5600092,中鋼鋁業股份有限公司臨海廠,96971313,"72,703","135,580","208,283",高雄市,鋁製造業,812台灣高雄市小港區東林路17號,22.5421711,120.3737001
106,E5600305,李長榮化學工業股份有限公司高雄廠,39054405,"26,370","73,811","100,181",高雄市,未分類其他化學製品製造業,812台灣高雄市小港區中林路3號,22.5383366,120.3685808
106,E5600332,協勝發鋼鐵廠股份有限公司,79254702,"89,339","211,370","300,709",高雄市,鋼鐵製造業,812台灣高雄市小港區光陽街7號,22.5593181,120.3655639
106,E5600369,東和鋼鐵企業股份有限公司高雄廠,75280209,"20,393","12,658","33,051",高雄市,鋼鐵製造業,812台灣高雄市小港區嘉興街8號,22.5619942,120.3634959
106,E5600501,海光企業股份有限公司,75470524,"38,982","147,355","186,337",高雄市,鋼鐵製造業,812台灣高雄市小港區沿海二路12號,22.550625,120.365646
106,E5600565,盛餘股份有限公司,79837539,"33,803","69,797","103,600",高雄市,金屬加工處理業,812台灣高雄市小港區中林路11號,22.5370549,120.367025
106,E5600798,龍慶鋼鐵企業股份有限公司,85793919,"31,150","82,159","113,309",高雄市,鋼鐵製造業,812台灣高雄市小港區利昌街4號,22.5540037,120.3649057
106,E5600841,中國鋼鐵股份有限公司,30414175,"19,957,258","1,189,274","21,146,532",高雄市,鋼鐵製造業,824台灣高雄市燕巢區中興路500號,22.7817815,120.3595665
106,E5600850,中國石油化學工業開發股份有限公司小港廠,3084741,"691,239","165,622","856,861",高雄市,化學原材料製造業,812台灣高雄市小港區中林路34號,22.5360641,120.3642442
106,E5600869,台灣糖業股份公司小港廠,3794905,"100,281","6,243","106,524",高雄市,其他食品製造業,812台灣高雄市小港區小港路133號,22.5621832,120.3390414
106,E5600896,台灣電力股份有限公司大林發電廠,3795904,"5,050,663","2,806","5,053,469",高雄市,電力供應業,812台灣高雄市小港區大林路3號,22.5308911,120.3366197
106,E5601080,漢泰鋼鐵股份有限公司,75688109,"26,864","13,220","40,084",高雄市,鋼鐵製造業,812台灣高雄市小港區世全路4號,22.5474714,120.3705687
106,E5601197,唐榮鐵工廠股份有限公司,75460005,"69,411","143,457","212,868",高雄市,鋼鐵製造業,812台灣高雄市小港區沿海二路4號,22.5451216,120.3703228
106,E5602952,海光企業股份有限公司嘉興鋼鐵廠,75470524,"20,121","27,475","47,596",高雄市,鋼鐵製造業,812台灣高雄市小港區嘉興街5號,22.5606958,120.3614081
106,E56A2617,尚承鋼鐵股份有限公司,27208480,"99,083","84,029","183,112",高雄市,鋼鐵製造業,812台灣高雄市小港區大業南路7號,22.5211979,120.3606376
106,E56A4792,中國鋼鐵股份有限公司第三冷軋廠,30414175,"49,547","125,607","175,154",高雄市,鋼鐵製造業,812台灣高雄市小港區茂大街5號,22.5549226,120.3626755
106,E56A7340,源鋼企業股份有限公司,12745455,"26,637","13,117","39,754",高雄市,鋼鐵製造業,812台灣高雄市小港區嘉興街8號,22.5619942,120.3634959
106,F0622537,九滎股份有限公司瓊林廠,80629340,"21,246","4,261","25,507",新北市,染整業,242台灣新北市新莊區瓊林南路301巷13號,25.0058201,121.4351309
106,F0701319,錦紅實業股份有限公司,34557673,"28,132","4,213","32,345",新北市,染整業,241台灣新北市三重區中正北路193巷11弄12號,25.0703441,121.4772445
106,F0701702,南亞塑膠工業股份有限公司樹林廠,75370905,"411,835","2,569","414,404",新北市,塑膠及合成橡膠原料製造業,238台灣新北市樹林區味王街55號,24.9734285,121.4044056
106,F0801707,三洋窯業股份有限公司,34263157,"26,871","9,616","36,487",新北市,其他非金屬礦物製品製造業,23943台灣新北市鶯歌區八德路16號,24.9555063,121.3310637
106,F1507182,泰利實業股份有限公司五股廠,16007423,"29,278","5,755","35,033",新北市,染整業,248台灣新北市五股區凌雲路二段,25.1031441,121.4450866
106,F1600491,南亞塑膠工業股份有限公司林口二廠,75370905,"277,076","58,367","335,443",新北市,塑膠及合成橡膠原料製造業,243台灣新北市泰山區南林路102號,25.0447206,121.4069325
106,F1606662,南亞科技股份有限公司三廠,89390656,"61,287","329,538","390,825",新北市,半導體製造業,243台灣新北市泰山區南林路98號,25.0482461,121.4149629
106,F1700736,台灣電力股份有限公司林口發電廠,3795904,"9,728,128","9,892","9,738,020",新北市,電力供應業,244台灣新北市林口區106縣道139-1號,25.1194311,121.2986118
106,F2200084,台灣電力股份有限公司第一核能發電廠,3795904,"37,961","73,150","111,111",新北市,電力供應業,253台灣新北市石門區12號,25.2907134,121.5913744
106,F2800075,台灣電力股份有限公司第二核能發電廠,3795904,"39,458","7,148","46,606",新北市,電力供應業,207台灣新北市萬里區八斗60號,25.2063645,121.659595
106,G3200778,台灣水泥股份有限公司蘇澳廠,11913502,"1,003,308","73,530","1,076,838",宜蘭縣,水泥及其製品製造業,270台灣宜蘭縣蘇澳鎮永昌路46號,24.5882824,121.8527153
106,G3200849,信大水泥股份有限公司南聖湖廠,3279507,"491,722","40,754","532,476",宜蘭縣,水泥及其製品製造業,270台灣宜蘭縣蘇澳鎮中山路二段235號,24.6097827,121.8261511
106,G32A0540,羅東鋼鐵廠股份有限公司煉鋼廠,42010509,"27,851","88,296","116,147",宜蘭縣,鋼鐵製造業,270台灣宜蘭縣蘇澳鎮德興一路57號,24.623783,121.8202667
106,G3700791,台灣化學纖維股份有限公司龍德廠,58650902,"1,370,228","1,042","1,371,270",宜蘭縣,化學原材料製造業,269台灣宜蘭縣冬山鄉龍祥十路2號,24.624946,121.814179
106,G37A0585,潤泰精密材料股份有限公司宜蘭冬山廠,86871981,"605,085","47,060","652,145",宜蘭縣,水泥及其製品製造業,269台灣宜蘭縣冬山鄉大安路357號,24.628994,121.7838112
106,G4100017,幸福水泥股份有限公司東澳廠,40601248,"606,611","43,815","650,426",宜蘭縣,水泥及其製品製造業,272台灣宜蘭縣南澳鄉蘇花路三段101號,24.516755,121.829478
106,H4202215,新隆纖維染整股份有限公司桃園廠,7472834,"33,729","9,509","43,238",桃園市,染整業,330台灣桃園市桃園區春日路1733巷7號,25.027768,121.303838
106,H4202813,東隆興業股份有限公司,18770509,"28,062","19,388","47,450",桃園市,染整業,330台灣桃園市桃園區富國路859號,25.0243421,121.2781791
106,H42A3066,臺群工業股份有限公司,25049986,"21,401","4,775","26,176",桃園市,染整業,330台灣桃園市桃園區富國路950號,25.0259205,121.2782294
106,H4313348,精材科技股份有限公司中壢廠,16741846,"49,662","25,621","75,283",桃園市,其他電子零組件製造業,320台灣桃園市中壢區吉林路23號9樓,24.9795194,121.2450777
106,H43A2855,精材科技股份有限公司中壢二廠,16741846,"48,407","17,208","65,615",桃園市,其他電子零組件製造業,320台灣桃園市中壢區中園路188號,24.9824025,121.2375025
106,H43C0794,精材科技股份有限公司中壢三廠,16741846,"1,896","18,430","20,326",桃園市,其他電子零組件製造業,320台灣桃園市中壢區中園路188號,24.9824025,121.2375025
106,H4500458,力鵬企業股份有限公司楊梅廠,33955322,"74,513","25,814","100,327",桃園市,染整業,326台灣桃園市楊梅區新榮路339號,24.9554337,121.1570856
106,H4500743,中興紡織廠股份有限公司楊梅化纖廠,35082604,"71,486","94,072","165,558",桃園市,塑膠及合成橡膠原料製造業,326台灣桃園市楊梅區中山南路567號,24.9022389,121.131159
106,H4500850,白馬窯業股份有限公司楊梅廠,34258318,"26,221","14,433","40,654",桃園市,耐火、黏土建材及其他陶瓷製品製造業,326台灣桃園市楊梅區電研路5號,24.9494344,121.1650053
106,H4501231,中華映管股份有限公司楊梅廠,11085292,"2,319","94,033","96,352",桃園市,光電材料及元件製造業,326台灣桃園市楊梅區和平路45號,24.9374725,121.1247323
106,H45A1887,永豐餘消費品實業股份有限公司楊梅廠,22327037,"27,903","22,557","50,460",桃園市,其他紙製品製造業,326台灣桃園市楊梅區梅高路二段668巷70號,24.9482628,121.1507052
106,H4600551,大統精密染整股份有限公司染整廠,22267777,"28,358","7,083","35,441",桃園市,染整業,338台灣桃園市蘆竹區榮安路9號,25.0610915,121.2832991
106,H4600579,大同染整股份有限公司桃園廠,7014916,"33,227","9,408","42,635",桃園市,染整業,338台灣桃園市蘆竹區新南路一段338-1號,25.0412055,121.2960452
106,H4601227,義芳化學工業股份有限公司桃園廠,15395706,"370,659","65,557","436,216",桃園市,化學原材料製造業,338台灣桃園市蘆竹區海湖里海湖東路375號,25.1065564,121.2713767
106,H4601290,台硝股份有限公司桃園廠,38033305,"39,966","18,246","58,212",桃園市,未分類其他化學製品製造業,338台灣桃園市蘆竹區大坑街25號,25.1078696,121.2754835
106,H4601398,南亞塑膠工業股份有限公司錦興廠,75370905,"827,366","3,636","831,002",桃園市,其他非金屬礦物製品製造業,33859台灣桃园市芦竹区南崁路一段336號A棟宿舍一樓,25.0565392,121.283691
106,H4602313,環泰企業股份有限公司南崁廠,12529007,"26,418","5,168","31,586",桃園市,其他食品製造業,338台灣桃園市蘆竹區南青路1156巷75號,25.0557351,121.2718702
106,H4604488,環球水泥股份有限公司海湖石膏板廠,7568009,"23,984","6,310","30,294",桃園市,其他非金屬礦物製品製造業,338台灣桃園市蘆竹區海山中街18號,25.1069651,121.2611543
106,H4604568,長生電力股份有限公司,96933037,"1,705,940","4,113","1,710,053",桃園市,電力供應業,338台灣桃園市蘆竹區濱海路一段199號,25.116249,121.257084
106,H46B0495,世界先進積體電路股份有限公司晶圓三廠,84149358,"71,575","179,598","251,173",桃園市,半導體製造業,338台灣桃園市蘆竹區南崁路一段338號,25.0553661,121.2826331
106,H4700645,正隆股份有限公司大園廠,33085508,"215,343","140,586","355,929",桃園市,紙漿、紙及紙板製造業,337台灣桃園市大園區大工路116號,25.0700511,121.1789244
106,H4702336,大園汽電共生股份有限公司,84526079,"456,966","12,203","469,169",桃園市,電力供應業,337台灣桃園市大園區潮音北路276號,25.0793269,121.1759049
106,H4800239,俊行記實業股份有限公司,84994452,"18,975","2,884","21,859",桃園市,耐火、黏土建材及其他陶瓷製品製造業,116台灣臺北市文山區樟新街66號,24.9772077,121.5557222
106,H4801478,南亞塑膠工業股份有限公司工三廠,75370905,"169,261","298,634","467,895",桃園市,紡紗業,333台灣桃園市龜山區文明路6號,25.0620289,121.3734827
106,H4803507,台灣中油股份有限公司煉製事業部桃園煉油廠,3707901,"1,478,770","215,879","1,694,649",桃園市,石油及煤製品製造業,333台灣桃園市龜山區民生北路一段50號,25.033276,121.3059734
106,H4806348,穩懋半導體股份有限公司華亞廠,70752257,"13,347","23,003","36,350",桃園市,半導體製造業,333台灣桃園市龜山區科技七路69號,25.0433928,121.3754587
106,H4810799,國光電力股份有限公司,70833553,"769,361","3,131","772,492",桃園市,電力供應業,333台灣桃園市龜山區南上里北油1區11號,25.0404917,121.3440136
106,H4810851,華亞汽電股份有限公司華亞汽電廠,70783006,"2,225,393","41,498","2,266,891",桃園市,電力供應業,333台灣桃園市龜山區華亞一路98號,25.0344928,121.373079
106,H4886999,穩懋半導體股份有限公司華亞二廠,70752257,"31,515","51,541","83,056",桃園市,半導體製造業,333台灣桃園市龜山區科技七路69號,25.0433928,121.3754587
106,H4888493,友達光電股份有限公司,84149738,"17,168","281,073","298,241",桃園市,光電材料及元件製造業,333台灣桃園市龜山區華亞二路189號,25.0469273,121.3731365
106,H4888582,台灣美光晶圓科技股份有限公司二廠,80353271,"55,321","546,437","601,758",桃園市,半導體製造業,"No. 2號, 里華亞五路, 龜山區桃園市台灣 333",25.0358706,121.3748919
106,H4889454,台灣美光晶圓科技股份有限公司一廠,80353271,"97,893","494,306","592,199",桃園市,半導體製造業,333台灣桃園市龜山區復興三路667號,25.0384005,121.3738286
106,H48B0554,穩懋半導體股份有限公司龜山廠,70752257,"9,654","23,058","32,712",桃園市,半導體製造業,333台灣桃園市龜山區山鶯路200-5號,24.9867749,121.3261721
106,H4903093,中華凸版電子股份有限公司,16083358,"3,970","21,656","25,626",桃園市,半導體製造業,334台灣桃園市八德區和平路1127-3號,24.9643888,121.322514
106,H49A2429,凌巨科技有限公司八德廠,16432742,"238,907","99,712","338,619",桃園市,光電材料及元件製造業,334台灣桃園市八德區和平路1127號,24.9668906,121.3208406
106,H5002362,友達光電股份有限公司桃園分公司,84149738,"34,118","268,646","302,764",桃園市,光電材料及元件製造業,333台灣桃園市龜山區華亞二路189號,25.0469273,121.3731365
106,H5008211,友達光電股份有限公司龍科廠,84149738,"32,574","369,597","402,171",桃園市,光電材料及元件製造業,325台灣桃園市龍潭區龍科街228號,24.8775881,121.1859654
106,H5009450,中華映管股份有限公司龍潭廠,11085292,"282,170","332,368","614,538",桃園市,光電材料及元件製造業,325台灣桃園市龍潭區華映路1號,24.8567999,121.1898512
106,H50A1985,合晶科技股份有限公司園區分公司,16138282,"3,362","31,240","34,602",桃園市,半導體製造業,325台灣桃園市龍潭區龍園一路100號,24.8849954,121.1873237
106,H50A6430,台灣積體電路製造股份有限公司先進封測三廠,22099131,"4,844","199,879","204,723",桃園市,半導體製造業,325台灣桃園市龍潭區龍園六路101號,24.8836369,121.1855573
106,H50A6777,美商蘋果電子股份有限公司台灣分公司,54393468,"2,470","19,636","22,106",桃園市,光電材料及元件製造業,325台灣桃園市龍潭區龍園十路55號,24.8874319,121.1857539
106,H5100952,新光合成纖維股份有限公司中壢廠,7435515,"125,602","189,746","315,348",桃園市,紡紗業,324台灣桃園市平鎮區延平路三段223號,24.9378588,121.2023161
106,H5103604,全新光電科技股份有限公司平鎮廠,97170472,823,"10,208","11,031",桃園市,光電材料及元件製造業,324台灣桃園市平鎮區工業一路16號,24.9056519,121.203415
106,H5200215,永豐餘工業用紙股份有限公司新屋廠,27719048,"414,445","102,294","516,739",桃園市,其他紙製品製造業,327台灣桃園市新屋區永福路281號,24.9810267,121.0400091
106,H5200617,聯成鋼鐵股份有限公司桃園廠,22822748,"32,740","72,575","105,315",桃園市,鋼鐵製造業,327台灣桃園市新屋區中華路996號,24.9887508,121.1034125
106,H5300078,亞東石化股份有限公司,22318678,"167,536","108,269","275,805",桃園市,化學原材料製造業,328台灣桃園市觀音區工業七路2號,25.0477421,121.1107732
106,H5300210,遠東新世紀股份有限公司觀音化纖廠,3522600,"139,435","91,174","230,609",桃園市,人造纖維製造業,328台灣桃園市觀音區經建六路3號,25.062973,121.116956
106,H5300363,銓盟企業股份有限公司,23313356,"20,725","4,602","25,327",桃園市,染整業,328台灣桃園市觀音區新富路1560號,24.9850764,121.1349377
106,H5300425,錦美紙業股份有限公司觀音廠,34175598,"28,070","19,024","47,094",桃園市,紙漿、紙及紙板製造業,328台灣觀音區榮工北路10號,25.0588495,121.1289161
106,H5300916,台灣玻璃工業股份有限公司桃園廠,11914002,"69,858","67,351","137,209",桃園市,玻璃及其製品製造業,328台灣桃園市觀音區經建五路1號,25.0604724,121.1143722
106,H5301548,富順纖維工業股份有限公司觀音廠,7407200,"29,928","7,964","37,892",桃園市,染整業,337053台灣桃園市大園區大工路126號,25.0739522,121.1767528
106,H5302063,日皓造紙工業股份有限公司,24001900,"41,378","23,055","64,433",桃園市,紙漿、紙及紙板製造業,328台灣桃園市觀音區國建三路5號,25.0591006,121.1076492
106,H5307960,台灣電力股份有限公司大潭發電廠,3795904,"10,831,733","1,801","10,833,534",桃園市,電力供應業,328台灣桃園市觀音區電廠路1號,25.0309103,121.051866
106,H53A0675,東和鋼鐵企業股份有限公司桃園廠,75280209,"44,548","283,506","328,054",桃園市,鋼鐵製造業,328台灣桃園市觀音區保障里8鄰草漯116號,25.0694825,121.1394918
106,H53A2255,利芃國際股份有限公司觀音,53121117,"47,542","21,362","68,904",桃園市,未分類其他化學製品製造業,找不到結果,,
106,H53A2562,華亞汽電股份有限公司觀音公用廠,70783006,"227,261","2,495","229,756",桃園市,電力供應業,328台灣桃園市觀音區工業七路3號,25.04899,121.108374
106,H53A6653,台灣科慕股份有限公司觀音廠,24548079,"148,123","182,404","330,527",桃園市,化學原材料製造業,328台灣桃園市觀音區成功路二段566號,25.0450803,121.1063443
106,J5500366,正隆股份有限公司竹北廠,33085508,"64,337","63,892","128,229",新竹縣,其他紙製品製造業,302台灣新竹縣竹北市長青路二段300號,24.8599588,120.9632033
106,J5500526,東華合纖股份有限公司l新竹廠,11083148,"96,824","4,601","101,425",新竹縣,人造纖維製造業,302台灣新竹縣竹北市中華路1005號,24.8499562,121.0043688
106,J5601064,新桃電力股份有限公司,16596337,"883,300","5,389","888,689",新竹縣,電力供應業,306台灣新竹縣關西鎮台電新村66號,24.8153621,121.197594
106,J5700222,遠東新世紀股份有限公司化學纖維總廠,3522600,"202,956","229,840","432,796",新竹縣,人造纖維製造業,305台灣新竹縣新埔鎮文山路亞東段369號,24.8252143,121.0577843
106,J5700231,大享容器工業股份有限公司,46007218,"80,982","20,922","101,904",新竹縣,玻璃及其製品製造業,305台灣新竹縣新埔鎮文山路犂頭山段1118號,24.8344204,121.0271184
106,J5800941,財團法人工業技術研究院,2750963,138,"5,325","5,463",新竹縣,綜合研究發展服務業,30011台灣新竹市東區光復路二段321號,24.8003599,120.9879606
106,J5901658,長春人造樹脂廠股份有限公司新竹廠,11384708,"395,392","1,360","396,752",新竹縣,塑膠及合成橡膠原料製造業,303台灣新竹縣湖口鄉中華路8號,24.8672478,121.0068787
106,J5905432,艾克爾先進科技股份有限公司,16847968,"1,263","12,357","13,620",新竹縣,半導體製造業,303台灣新竹縣湖口鄉光復北路39號,24.8742817,121.0307593
106,J5909823,帆宣系統科技股份有限公司,23145632,237,895,"1,132",新竹縣,其他專用機械設備製造業,305台灣新竹縣新埔鎮文山路犂頭山段186號,24.8303917,121.0405646
106,J59A1577,辛耘企業股份有限公司,30901647,392,"10,304","10,696",新竹縣,其他專用機械設備製造業,303台灣新竹縣湖口鄉中華路16號,24.869372,121.008232
106,J59A5361,恆顥科技股份有限公司湖口廠,53116310,317,"13,819","14,136",新竹縣,光電材料及元件製造業,303台灣新竹縣湖口鄉文化路2-1號,24.8617576,121.0092623
106,J6000230,亞洲水泥股份有限公司新竹製造廠,3244509,80,"8,751","8,831",新竹縣,水泥及其製品製造業,312台灣新竹縣橫山鄉中豐路二段109號,24.722291,121.137123
106,J6203071,台星科股份有限公司,70552666,"3,913","26,857","30,770",新竹縣,其他電子零組件製造業,307台灣新竹縣芎林鄉鹿寮坑176之5號,24.7439205,121.1362063
106,J6300146,漢磊科技股份有限公司創新廠,47299902,"4,338","8,209","12,547",新竹縣,半導體製造業,30076台灣新竹市東區科學園區新竹縣寶山鄉創新一路18號1樓,24.777619,120.996058
106,J6300155,台灣高技股份有限公司,22099343,727,"3,167","3,894",新竹縣,其他電子零組件製造業,330台灣桃園市桃園區興邦路43巷3號,24.9801394,121.3279995
106,J6300299,漢磊科技股份有限公司研發廠,47299902,"18,150","25,028","43,178",新竹縣,半導體製造業,30076台灣新竹市東區科學園區新竹縣寶山鄉創新一路18號1樓,24.777619,120.996058
106,J6300324,台灣積體電路製造股份有限公司三廠3E廠,22099131,"17,615","70,233","87,848",新竹縣,半導體製造業,308台灣新竹縣寶山鄉研新一路9號,24.7752198,120.9902335
106,J6300557,台灣積體電路製造股份有限公司二廠,22099131,"65,787","75,383","141,170",新竹縣,半導體製造業,308台灣新竹縣寶山鄉園區三路121號,24.7729556,120.9988381
106,J6300959,世界先進積體電路股份有限公司晶圓一廠,84149358,"138,627","121,169","259,796",新竹縣,半導體製造業,308台灣新竹縣寶山鄉園區三路123號,24.7755954,120.9962272
106,J6301107,台灣積體電路製造股份有限公司三廠,22099131,"167,895","186,256","354,151",新竹縣,半導體製造業,308台灣新竹縣寶山鄉研新一路9號,24.7752198,120.9902335
106,J6301447,台灣積體電路製造股份有限公司五廠,22099131,"65,061","101,621","166,682",新竹縣,半導體製造業,308台灣新竹縣寶山鄉園區三路121號,24.7742653,120.9981518
106,J63A0048,聯華電子股份有限公司Fab8S廠,47217677,"28,609","73,278","101,887",新竹縣,半導體製造業,300台灣新竹縣寶山鄉研新一路16號,24.7749701,120.9938198
106,J63A0107,台灣積體電路製造股份有限公司十二廠研新廠,22099131,"97,675","143,060","240,735",新竹縣,半導體製造業,308台灣新竹縣寶山鄉園區二路188號,24.7682233,121.0145867
106,J63A1056,台灣積體電路製造股份有限公司十二廠四期/五期,22099131,"33,607","326,079","359,686",新竹縣,半導體製造業,308台灣新竹縣寶山鄉園區二路168號,24.7702397,121.0123147
106,J63A1591,台灣積體電路製造股份有限公司十二廠六期,22099131,"18,724","214,814","233,538",新竹縣,半導體製造業,308台灣新竹縣寶山鄉園區二路166號,24.7713146,121.0111965
106,J63A1670,台灣積體電路製造股份有限公司十二廠七期,22099131,"63,399","388,589","451,988",新竹縣,半導體製造業,308台灣新竹縣寶山鄉園區二路188號,24.7682233,121.0145867
106,J63A1719,聯穎光電股份有限公司竹科廠,53170263,"18,699","40,859","59,558",新竹縣,半導體製造業,308台灣新竹縣寶山鄉創新一路10號,24.7764668,120.9976736
106,K6801089,長春石油化學股份有限公司苗栗廠,11384806,"1,173,300","56,962","1,230,262",苗栗縣,未分類其他化學製品製造業,360台灣苗栗縣苗栗市宜春路245號,24.5932743,120.8104072
106,K6801123,長春石油化學股份有限公司苗栗二廠,11384806,"124,506","962,266","1,086,772",苗栗縣,化學原材料製造業,360台灣苗栗縣苗栗市宜春路245號,24.5932743,120.8104072
106,K7000504,臺鹽實業股份有限公司通霄精鹽廠,89397503,"24,222","1,079","25,301",苗栗縣,其他食品製造業,357台灣苗栗縣通霄鎮122號,24.55595,120.7035792
106,K7000513,建順煉鋼股份有限公司,55695790,"46,257","119,741","165,998",苗栗縣,鋼鐵製造業,357台灣苗栗縣通霄鎮五北里68之4號,24.4722161,120.6696128
106,K7000764,台灣電力股份有限公司通霄發電廠,3795904,"5,451,632","2,860","5,454,492",苗栗縣,電力供應業,357台灣苗栗縣通霄鎮海濱路1-31號,24.489653,120.673746
106,K7104025,群創光電股份有限公司T1廠,12800225,"7,981","143,579","151,560",苗栗縣,光電材料及元件製造業,350台灣苗栗縣竹南鎮科中路12號,24.7095333,120.9162947
106,K71A1370,群創光電股份有限公司T2廠,12800225,"20,297","234,352","254,649",苗栗縣,光電材料及元件製造業,350台灣苗栗縣竹南鎮科學路160號,24.7144072,120.9146606
106,K71A2695,群創光電股份有限公司T3廠,12800225,"35,121","120,652","155,773",苗栗縣,光電材料及元件製造業,350台灣苗栗縣竹南鎮科中路12號,24.7095333,120.9162947
106,K7201001,中國石油化學工業開發股份有限公司頭份廠,3084741,"1,128,873","2,207","1,131,080",苗栗縣,化學原材料製造業,351台灣苗栗縣頭份市自強路二段217號,24.6822518,120.8923886
106,k8000366,立安東化工股份有限公司三義廠,20939460,"81,228","19,541","100,769",苗栗縣,化學原材料製造業,367台灣苗栗縣三義鄉99號,24.3507679,120.7410567
106,K8100129,東和鋼鐵企業股份有限公司苗栗廠,75280209,"110,513","238,289","348,802",苗栗縣,鋼鐵製造業,36842台灣苗栗縣西湖鄉22號,24.5692351,120.7394317
106,K8201149,冠軍建材股份有限公司第二廠,49701774,"49,267","24,430","73,697",苗栗縣,耐火、黏土建材及其他陶瓷製品製造業,361台灣苗栗縣造橋鄉乳姑山2號,24.6250076,120.8527989
106,L0000624,永豐餘工業用紙股份有限公司成功廠,27719048,"16,623","8,500","25,123",臺中市,紙漿、紙及紙板製造業,414台灣臺中市烏日區中山路三段546號,24.1142801,120.5924996
106,L0200473,台灣電力股份有限公司台中發電廠,3795904,"38,216,743","14,450","38,231,193",臺中市,電力供應業,434台灣臺中市龍井區龍昌路1號,24.2145358,120.4921722
106,L0200633,中龍鋼鐵股份有限公司,84613756,"9,604,727","236,019","9,840,746",臺中市,鋼鐵製造業,434台灣臺中市龍井區龍昌路100號,24.2293309,120.501457
106,L8801052,廣源造紙股份有限公司台中廠,50301500,"111,541","52,801","164,342",臺中市,紙漿、紙及紙板製造業,437台灣臺中市大甲區工一路1號,24.4116758,120.6442857
106,L8900676,永豐餘消費品實業股份有限公司清水廠,22327037,"46,242","31,358","77,600",臺中市,其他紙製品製造業,436台灣臺中市清水區舊庄路258號,24.2974958,120.6327659
106,L9000666,味丹企業股份有限公司沙鹿第一工廠,56121907,"134,705","37,123","171,828",臺中市,其他食品製造業,433台灣臺中市沙鹿區興安路65號,24.228647,120.549604
106,L9100198,台灣玻璃工業股份有限公司台中廠,11914002,"92,997","19,015","112,012",臺中市,玻璃及其製品製造業,435台灣臺中市梧棲區自強路377號,24.2372238,120.5217875
106,L9101748,中美和石油化學股份有限公司台中廠,14040691,"170,124","33,953","204,077",臺中市,化學原材料製造業,435台灣臺中市梧棲區草湳里南堤路2段89號,24.2613362,120.4966377
106,L9200693,正隆股份有限公司后里分公司,33085508,"821,815","26,756","848,571",臺中市,紙漿、紙及紙板製造業,421台灣臺中市后里區三豐路三段2號,24.2845555,120.723059
106,L9200728,豐興鋼鐵股份有限公司,55389357,"273,458","517,298","790,756",臺中市,鋼鐵製造業,421台灣臺中市后里區甲后路一段998號,24.3108348,120.710959
106,L9202099,台灣美光記憶體股份有限公司,28518076,"101,719","414,254","515,973",臺中市,半導體製造業,421台灣臺中市后里區三豐路四段369號,24.3185835,120.7247905
106,L92A0931,友達光電股份有限公司后里廠,84149738,"39,523","281,813","321,336",臺中市,光電材料及元件製造業,421台灣臺中市后里區馬場路1號,24.2954401,120.7268487
106,L9506056,華邦中科廠,22099218,"62,318","250,859","313,177",臺中市,半導體製造業,428台灣臺中市大雅區科雅一路8號,24.211258,120.6187403
106,L95A2041,台灣積體電路製造股份有限公司15廠,22099131,"201,585","870,288","1,071,873",臺中市,半導體製造業,428台灣臺中市大雅區科雅六路1號,24.2117205,120.6166094
106,N0803765,台灣玻璃工業股份有限公司鹿港廠,11914002,"56,028","97,760","153,788",彰化縣,玻璃及其製品製造業,505台灣彰化縣鹿港鎮鹿工路52號,24.0772777,120.388258
106,N08A1098,台灣玻璃工業股份有限公司鹿港平板廠,11914002,"125,709","18,236","143,945",彰化縣,玻璃及其製品製造業,505台灣彰化縣鹿港鎮鹿工路52號,24.0772777,120.388258
106,N1400562,榮成紙業股份有限公司,34202841,"241,094","5,623","246,717",彰化縣,紙漿、紙及紙板製造業,526台灣彰化縣二林鎮廣興巷1-1號,23.8653186,120.3620492
106,N1504207,星能電力股份有限公司,70783765,"803,918","4,329","808,247",彰化縣,電力供應業,507台灣彰化縣線西鄉線工南二路2號,24.126898,120.4307108
106,N1505633,星元電力股份有限公司(星元天然氣發電廠),27945086,"980,676","3,646","984,322",彰化縣,電力供應業,507台灣彰化縣線西鄉慶安南二路2號,24.1281484,120.4209471
106,N1601229,慶欣欣鋼鐵股份有限公司,80354671,"146,484","254,922","401,406",彰化縣,鋼鐵製造業,509台灣彰化縣伸港鄉工西二路2號,24.1686451,120.5061652
106,N1607141,台灣鋼聯股份有限公司,89528054,"98,410","10,910","109,320",彰化縣,化學原材料製造業,50953台灣彰化縣伸港鄉線工北一路36號,24.1545395,120.4511077
106,N2100552,正新橡膠工業股份有限公司,59504506,"35,167","48,233","83,400",彰化縣,橡膠製品製造業,515台灣彰化縣大村鄉美港路215號,23.9828825,120.5749074
106,N2902234,力麗企業股份有限公司彰化化纖總廠,7663290,"146,214","70,171","216,385",彰化縣,人造纖維製造業,528台灣彰化縣芳苑鄉工業路38號,23.923622,120.3551431
106,N2904318,力鵬企業股份有限公司彰化尼龍總廠,33955322,"34,796","164,886","199,682",彰化縣,人造纖維製造業,528台灣彰化縣芳苑鄉工業路33號,23.9210974,120.3538421
106,O1700798,元隆電子股份有限公司,22099174,"50,608","20,961","71,569",新竹市,半導體製造業,300台灣新竹市東區研發二路14號,24.778291,121.0023453
106,O1701115,漢磊科技股份有限公司研新廠(元件二廠),47299902,"9,753","9,407","19,160",新竹市,半導體製造業,30076台灣新竹市東區科學園區新竹縣寶山鄉創新一路18號1樓,24.777619,120.996058
106,O1703315,華夏玻璃股份有限公司,47109348,"104,947","33,569","138,516",新竹市,玻璃及其製品製造業,300台灣新竹市香山區埔前路49號,24.7957197,120.9383569
106,O1703351,台灣玻璃工業股份有限公司新竹廠,11914002,"115,849","54,785","170,634",新竹市,玻璃及其製品製造業,300台灣新竹市香山區中華路四段470號,24.7911338,120.9373214
106,O1704787,旺宏電子股份有限公司晶圓一廠,22099548,"50,322","37,040","87,362",新竹市,半導體製造業,300台灣新竹市東區力行路19號,24.7654899,121.0240148
106,O1704812,台灣茂矽電子股份有限公司,22099110,"130,564","54,956","185,520",新竹市,半導體製造業,300台灣新竹市東區研新一路1號,24.7765338,120.9883338
106,O1706049,元太科技工業股份有限公司,22099890,78,"21,254","21,332",新竹市,光電材料及元件製造業,300台灣新竹市東區力行一路3號元太科技新竹廠A棟,24.770449,121.0186284
106,O1706209,聯華電子股份有限公司Fab8A廠,47217677,"116,057","126,452","242,509",新竹市,半導體製造業,300台灣新竹縣寶山鄉研新一路16號,24.7749701,120.9938198
106,O1706307,旺宏電子股份有限公司晶圓二廠,22099548,"58,776","100,791","159,567",新竹市,半導體製造業,300台灣新竹市東區力行路19號,24.7654899,121.0240148
106,O1706692,聯華電子股份有限公司Fab8E廠,47217677,"48,689","86,694","135,383",新竹市,半導體製造業,300台灣新竹縣寶山鄉研新一路16號,24.7749701,120.9938198
106,O1707395,友達光電股份有限公司L5廠,84149738,"18,186","48,173","66,359",新竹市,光電材料及元件製造業,300台灣新竹市東區力行路23號,24.7606283,121.0208895
106,O1708632,聯華電子股份有限公司Fab8F廠,47217677,"41,762","89,010","130,772",新竹市,半導體製造業,300台灣新竹市東區力行二路3號,24.7708157,121.0192901
106,O1709148,聯華電子股份有限公司Fab8D廠,47217677,"118,858","178,323","297,181",新竹市,半導體製造業,300台灣新竹市東區力行二路3號,24.7708157,121.0192901
106,O1709193,友達光電總部/友達光電股份有限公司L3B廠,84149738,"2,671","21,795","24,466",新竹市,光電材料及元件製造業,300台灣新竹市東區力行路23號,24.7606283,121.0208895
106,O1709308,台灣積體電路製造股份有限公司十二廠,22099131,"114,215","297,547","411,762",新竹市,半導體製造業,308台灣新竹縣寶山鄉園區二路168號,24.7702397,121.0123147
106,O1713311,台灣積體電路製造股份有限公司八廠,22099131,"126,582","190,400","316,982",新竹市,半導體製造業,300台灣新竹市東區力行路25號,24.7624399,121.01981
106,o1745831,敦南科技股份有限公司新竹分公司廠,12800750,"52,278","23,537","75,815",新竹市,半導體製造業,300台灣新竹市東區竹村三路24號,24.7778901,121.0089957
106,O1747764,力晶科技股份有限公司P3,84149385,"15,693","135,398","151,091",新竹市,半導體製造業,300台灣新竹市東區力行路16-1號,24.7669451,121.0243215
106,O1748707,力晶科技股份有限公司P1/2,84149385,"45,714","327,238","372,952",新竹市,半導體製造業,300台灣新竹市東區力行一路12號,24.7698161,121.01764
106,O1751197,世界先進積體電路股份有限公司晶圓二廠,84149358,"62,940","143,837","206,777",新竹市,半導體製造業,300台灣新竹市東區力行路9號,24.7714636,121.0281827
106,O1753306,力晶積成電子製造股份有限公司8A,28112667,"27,690","99,510","127,200",新竹市,半導體製造業,300台灣新竹市東區力行一路18號4樓,24.7681886,121.0170081
106,O17A0968,新唐科技股份有限公司,28112646,"39,127","41,596","80,723",新竹市,半導體製造業,300台灣新竹市東區研新三路4號三樓,24.7792616,120.9906641
106,O17A6887,旺宏電子股份有限公司晶圓五廠,22099548,"70,232","115,321","185,553",新竹市,半導體製造業,300台灣新竹市東區力行路19號,24.7654899,121.0240148
106,P4600987,福懋興業股份有限公司,14001199,"284,302","46,191","330,493",雲林縣,染整業,640台灣雲林縣斗六市石榴路317號,23.7272352,120.5880423
106,P4601984,福懋興業股份有限公司第二廠,14001199,"27,532","73,807","101,339",雲林縣,紡織品製造業,640台灣雲林縣斗六市石榴路317號,23.7272352,120.5880423
106,P4602374,展頌股份有限公司斗六廠,22927617,"28,617","23,118","51,735",雲林縣,人造纖維製造業,640台灣雲林縣斗六市斗工十路156-1號,23.7146742,120.5976034
106,P4602758,富喬工業股份有限公司,16834268,"56,889","69,789","126,678",雲林縣,其他非金屬礦物製品製造業,640台灣雲林縣斗六市斗工十六路8號,23.7098924,120.5965904
106,P46A0693,旭硝子顯示玻璃股份有限公司斗六二廠,70584724,"96,920","180,246","277,166",雲林縣,玻璃及其製品製造業,640台灣雲林縣斗六市科工七路8號,23.7180315,120.5035408
106,P48A0851,富喬工業股份有限公司雲林分公司,16834268,"35,687","45,412","81,099",雲林縣,玻璃及其製品製造業,640台灣雲林縣斗六市斗工十六路8號,23.7098924,120.5965904
106,P5500191,合眾紙業股份有限公司林內廠,4380087,"35,530","32,922","68,452",雲林縣,紙漿、紙及紙板製造業,643台灣雲林縣林內鄉瑞農65號,23.7670948,120.6046704
106,P5801513,南亞塑膠工業股份有限公司麥寮廠,75370905,"380,930","998,614","1,379,544",雲林縣,化學原材料製造業,638台灣雲林縣麥寮鄉中山高速公路,23.79864,120.21748
106,P5801602,台灣塑膠工業股份有限公司麥寮廠,75708007,"513,987","4,269,706","4,783,693",雲林縣,未分類其他化學製品製造業,638台灣雲林縣麥寮鄉台塑工業園區1號,23.8002145,120.2157963
106,P5801719,麥寮汽電股份有限公司,96975970,"11,214,352",,"11,214,352",雲林縣,電力供應業,638台灣雲林縣麥寮鄉7號,23.8041865,120.1914995
106,P5801728,台塑石化股份有限公司麥寮二廠,86522210,"4,807,328","235,783","5,043,111",雲林縣,未分類其他化學製品製造業,638台灣雲林縣麥寮鄉工業路17號,23.7771766,120.1874829
106,P5801773,台灣化學纖維股份有限公司麥寮廠,58650902,"542,461","1,281,773","1,824,234",雲林縣,化學原材料製造業,"638台灣雲林縣麥寮鄉5號, 台 塑 工業 園區",23.8136467,120.2098154
106,P5802092,台灣化學纖維股份有限公司海豐廠,58650902,"1,298,390","2,094,993","3,393,383",雲林縣,化學原材料製造業,638台灣雲林縣麥寮鄉638,23.761906,120.1759649
106,P5802387,大連化學工業股份有限公司麥寮廠,12233428,"159,396","758,907","918,303",雲林縣,化學原材料製造業,638台灣雲林縣麥寮鄉25號,23.759851,120.1726932
106,P5802421,台塑石化股份有限公司麥寮一廠,86522210,"14,722,075",,"14,722,075",雲林縣,化學原材料製造業,638台灣雲林縣麥寮鄉中山高速公路,23.79864,120.21748
106,P5802430,台塑石化股份有限公司麥寮三廠,86522210,"7,423,131","64,244","7,487,375",雲林縣,未分類其他化學製品製造業,638台灣雲林縣麥寮鄉麥寮鄉台塑工業園區39號,23.762269,120.187877
106,P5805244,南亞塑膠工業股份有限公司海豐總廠,75370905,"380,518","1,206,380","1,586,898",雲林縣,化學原材料製造業,"638台灣雲林縣麥寮鄉42號, 台塑工業園區",23.7737178,120.1913452
106,Q6901613,福隆玻璃纖維股份有限公司,22663571,"25,814","30,611","56,425",嘉義縣,其他非金屬礦物製品製造業,621台灣嘉義縣民雄鄉中華路89號,23.526617,120.456131
106,Q6907286,嘉惠電力(股)有限公司,96976990,"839,720","11,974","851,694",嘉義縣,電力供應業,62148台灣嘉義縣民雄鄉松山村松子腳688號,23.5317971,120.4726806
106,Q7100245,台灣必成股份有限公司新港廠,22662355,"75,445","181,544","256,989",嘉義縣,玻璃及其製品製造業,616台灣嘉義縣新港鄉2-1號,23.5111242,120.3695728
106,Q7100254,台灣化學纖維股份有限公司新港廠,58650902,"2,185,977","34,225","2,220,202",嘉義縣,人造纖維製造業,616002台灣嘉義縣新港鄉1號,23.5221981,120.3825302
106,Q7100272,南亞塑膠工業股份有限公司新港廠,75370905,"40,745","886,554","927,299",嘉義縣,塑膠製品製造業,616台灣嘉義縣新港鄉三間厝38號,23.5216367,120.3824802
106,Q7600375,南亞塑膠工業股份有限公司嘉義廠,75370905,"335,942",97,"336,039",嘉義縣,塑膠製品製造業,612台灣嘉義縣太保市北港路二段201號,23.4970118,120.3783989
106,R0300482,統懋半導體股份有限公司新市總廠,22404266,484,"6,146","6,630",臺南市,其他電子零組件製造業,744台灣臺南市新市區中山路76號,23.0763778,120.3009793
106,R0300606,得力實業股份有限公司,73686632,"32,240","36,165","68,405",臺南市,染整業,744台灣臺南市新市區復興路820號,23.1047554,120.2949128
106,R0301603,宏捷科技股份有限公司南科大利廠,16130423,"9,532","10,489","20,021",臺南市,半導體製造業,744台灣臺南市新市區大利一路6號,23.1079748,120.2797648
106,R0304131,聯華電子股份有限公司Fab12A廠,47217677,"105,972","463,415","569,387",臺南市,半導體製造業,744台灣臺南市新市區南科二路18號,23.0956627,120.2790714
106,R0305156,瀚宇彩晶南科TFT-LCD三廠,16450500,"107,032","222,142","329,174",臺南市,光電材料及元件製造業,741台灣臺南市新市區南科二路35號,23.09469,120.2800349
106,R03A0450,群創光電股份有限公司樹谷分公司,12800225,"37,551","435,499","473,050",臺南市,光電材料及元件製造業,74148台灣臺南市新市區紫楝路21號,23.1007961,120.2624638
106,R03A1894,群創光電股份有限公司B廠,12800225,"177,926","512,232","690,158",臺南市,光電材料及元件製造業,741台灣臺南市善化區南科八路12號B棟,23.1154249,120.2762664
106,R03A1903,群創光電股份有限公司A廠,12800225,"33,890","76,565","110,455",臺南市,光電材料及元件製造業,744台灣臺南市新市區奇業路1號,23.0875622,120.2815577
106,R03A1913,群創光電股份有限公司D廠,12800225,"62,799","740,834","803,633",臺南市,光電材料及元件製造業,744台灣臺南市新市區環西路一段3號,23.090312,120.277275
106,R0500240,宏遠興業股份有限公司,22817999,"81,579","80,638","162,217",臺南市,染整業,743台灣臺南市山上區256號,23.1133126,120.3422775
106,R0503072,森霸電力公司豐德電廠,70783499,"1,495,130","6,473","1,501,603",臺南市,電力供應業,743台灣臺南市山上區66號,23.0842713,120.3559143
106,R1001719,台南紡織股份有限公司仁德廠,68919301,"38,956","54,260","93,216",臺南市,紡紗業,717台灣臺南市仁德區中正路二段1034巷6號,22.9642474,120.2559933
106,R1002065,奇美實業股份有限公司(仁德廠),68387705,"169,527","332,402","501,929",臺南市,塑膠及合成橡膠原料製造業,717台灣臺南市仁德區中正路一段398號,22.9272249,120.2431587
106,R1002547,豐年豐和企業股份有限公司上崙一廠,16635562,"42,421","10,952","53,373",臺南市,動植物油脂製造業,717台灣臺南市仁德區崑崙路201號,22.9328505,120.2508391
106,R10A3047,奇美實業股份有限公司旭美廠,68387705,"211,623","30,107","241,730",臺南市,塑膠及合成橡膠原料製造業,717台灣臺南市仁德區中正路一段398號,22.9272249,120.2431587
106,R1412418,統一實業股份有限公司二廠,73252657,"45,411","96,827","142,238",臺南市,金屬加工處理業,710台灣臺南市永康區中正北路837號,23.0505581,120.2667841
106,R14A1883,易昇鋼鐵股份有限公司,28098406,"28,320","106,264","134,584",臺南市,鋼鐵製造業,710台灣臺南市永康區正南一街200號,23.0281573,120.2250601
106,R8400416,台灣紙業股份有限公司新營紙廠,11912102,"6,301","27,307","33,608",臺南市,化學原材料製造業,730台灣臺南市新營區南紙街94號,23.2983704,120.2929109
106,R8400827,榮剛材料科技股份有限公司新營廠,84252697,"80,555","91,282","171,837",臺南市,鋼鐵製造業,730台灣臺南市新營區新中路35號,23.3016583,120.2809331
106,R8500582,華新麗華股份有限公司鹽水廠,35412204,"121,891","192,009","313,900",臺南市,鋼鐵製造業,737台灣臺南市鹽水區3之10號,23.3340512,120.2905244
106,R9001677,台灣積體電路製造股份有限公司十四廠                                                                  ,22099131,"221,933","823,530","1,045,463",臺南市,半導體製造業,741台灣臺南市善化區南科北路1號,23.1145277,120.2743889
106,R9004230,台灣積體電路製造股份有限公司六廠,22099131,"157,903","211,184","369,087",臺南市,半導體製造業,744台灣臺南市新市區南科北路1號,23.1100289,120.2735232
106,R90A1360,台灣積體電路製造股份有限公司先進封裝廠,22099131,"5,553","45,574","51,127",臺南市,半導體製造業,741台灣臺南市善化區南科北路1之1號,23.1098041,120.2712618
106,R90A1469,群創光電股份有限公司C廠,12800225,149,"20,493","20,642",臺南市,光電材料及元件製造業,741台灣臺南市善化區南科八路12號B棟,23.1154249,120.2762664
106,R90A1716,群創光電股份有限公司觸控南科廠,12800225,194,"24,467","24,661",臺南市,光電材料及元件製造業,741台灣臺南市善化區南科八路12號B棟,23.1154249,120.2762664
106,R9701341,威致鋼鐵工業股份有限公司,69771636,"107,693","219,756","327,449",臺南市,鋼鐵製造業,720台灣臺南市官田區南廍123號,23.2262982,120.3104239
106,R9701850,官田鋼鐵股份有限公司官田廠,72065240,"23,122","19,581","42,703",臺南市,鋼鐵製造業,72046台灣臺南市官田區119-5號,23.2183221,120.3061311
106,R9702160,台灣汽電共生股份有限公司官田廠,86685142,"397,723","5,289","403,012",臺南市,電力供應業,720台灣臺南市官田區工業西路28號,23.2107951,120.3201115
106,S1601990,燁聯鋼鐵股份有限公司,23218395,"307,091","421,766","728,857",高雄市,鋼鐵製造業,820台灣高雄市岡山區興隆街600號,22.8309261,120.3005934
106,S1602102,中鴻鋼鐵股份有限公司熱軋廠,7838854,"160,384","145,341","305,725",高雄市,鋼鐵製造業,820台灣高雄市岡山區興隆街576號,22.82647,120.29961
106,S1900283,和益化學工業股份有限公司,4312878,"64,442","26,549","90,991",高雄市,塑膠及合成橡膠原料製造業,832台灣高雄市林園區石化三路9號,22.4876543,120.4058487
106,S1900372,台灣氯乙烯工業股份有限公司林園廠,19084015,"113,720","96,993","210,713",高雄市,化學原材料製造業,832台灣高雄市林園區工業一路1號,22.499011,120.4069092
106,S1900569,中國合成橡膠股份有限公司碳煙廠,4382114,"201,986","32,906","234,892",高雄市,石油及煤製品製造業,832台灣高雄市林園區石化四路1號,22.4863542,120.4087585
106,S1900578,東聯化學股份有限公司高雄林園廠,14057995,"52,759","290,180","342,939",高雄市,化學原材料製造業,832台灣高雄市林園區工業三路3號,22.493906,120.4147949
106,S1900612,聯成化學科技股份有限公司林園廠,4748660,"72,214","17,268","89,482",高雄市,化學原材料製造業,832台灣高雄市林園區工業二路3號,22.5030674,120.4136687
106,S1900658,台灣苯乙烯工業股份有限公司高雄廠,20844865,"355,120","35,785","390,905",高雄市,化學原材料製造業,832台灣高雄市林園區工業一路7號,22.5073491,120.405701
106,S1900685,台灣塑膠工業股份有限公司林園廠,75708007,"717,714","103,402","821,116",高雄市,化學原材料製造業,832台灣高雄市林園區石化一路1號,22.5075475,120.4118101
106,S1900694,台灣石化合成股份有限公司林園廠,30974253,"42,912","90,877","133,789",高雄市,未分類其他化學製品製造業,832台灣高雄市林園區工業二路1號,22.4988619,120.4144485
106,S1900710,台灣中油股份有限公司石化事業部林園石化廠,3707901,"2,065,851","83,481","2,149,332",高雄市,化學原材料製造業,832台灣高雄市林園區石化二路3號,22.4986779,120.406679
106,S1901002,合興石化工業股份有限公司林園廠,23531178,"39,013","34,134","73,147",高雄市,未分類其他化學製品製造業,832台灣高雄市林園區工業二路1號,22.4988619,120.4144485
106,S1901066,信昌化學工業股份有限公司林園廠,86120031,"195,384","141,031","336,415",高雄市,化學原材料製造業,832台灣高雄市林園區工業三路9號,22.4970261,120.4150045
106,S2001314,長春石油化學股份有限公司大發廠,11384806,"621,459","56,931","678,390",高雄市,蒸汽供應業,831台灣高雄市大寮區建業路11號,22.5710517,120.4276788
106,S2005081,長春人造樹脂廠股份有限公司大發廠,11384708,"358,735","179,108","537,843",高雄市,化學原材料製造業,831台灣高雄市大寮區華西路8號,22.5751524,120.4229687
106,S2005652,大連化學工業股份有限公司大發廠,12233428,"108,316","624,043","732,359",高雄市,化學原材料製造業,831台灣高雄市大寮區華西路8之1號,22.5748121,120.4256747
106,S2015916,長春人造樹脂廠股份有限公司大發二廠,11384708,"82,054","233,337","315,391",高雄市,化學原材料製造業,831台灣高雄市大寮區華西路8號,22.5751524,120.4229687
106,S2100223,中華紙漿股份有限公司久堂廠,94025264,"424,099","23,628","447,727",高雄市,紙漿、紙及紙板製造業,840台灣高雄市大樹區久堂路112號,22.6597566,120.4204955
106,S2201092,長春人造樹脂廠股份有限公司高雄廠,11384708,"33,461","91,922","125,383",高雄市,塑膠及合成橡膠原料製造業,814台灣高雄市仁武區工業一路14號,22.7003373,120.34104
106,S2201109,台灣塑膠工業股份有限公司仁武廠,75708007,"2,585,757","17,771","2,603,528",高雄市,化學原材料製造業,814台灣高雄市仁武區水管路100號,22.7057305,120.334949
106,S2201154,三芳化學工業股份有限公司,83387850,"31,010","28,368","59,378",高雄市,塑膠及合成橡膠原料製造業,814台灣高雄市仁武區鳳仁路402號,22.721594,120.3352089
106,S2300401,中國人造纖維股份有限公司高雄總廠,7066907,"420,606","35,193","455,799",高雄市,化學原材料製造業,815台灣高雄市大社區經建路8號,22.7247531,120.3360897
106,S2300410,中國石油化學工業開發股份有限公司大社廠,3084741,"154,688","32,005","186,693",高雄市,化學原材料製造業,815台灣高雄市大社區經建路1號,22.7258043,120.3403145
106,S2300429,國喬石油化學股份有限公司,4212250,"637,046",,"637,046",高雄市,石油及煤製品製造業,815台灣高雄市大社區興工路4號,22.7210212,120.341794
106,S2300438,台橡股份有限公司高雄廠,3553737,"93,271","72,904","166,175",高雄市,塑膠及合成橡膠原料製造業,815台灣高雄市大社區興工路2號,22.7241632,120.3403621
106,S2300447,高雄塑酯化學股份有限公司,85803825,"85,680","22,448","108,128",高雄市,化學原材料製造業,815台灣高雄市大社區興工路1號,22.7240417,120.3410755
106,S2300465,大連化學工業股份有限公司高雄廠,12233428,"33,301","72,054","105,355",高雄市,化學原材料製造業,815台灣高雄市大社區興工路1之3號,22.7202288,120.3424248
106,S2500536,燁輝企業股份有限公司高雄一廠,75947936,"65,764","86,389","152,153",高雄市,金屬加工處理業,825台灣高雄市橋頭區里芋寮路369號,22.7654048,120.2770969
106,S25A0144,欣建工業股份有限公司,28042430,"19,410","21,936","41,346",高雄市,鋼鐵製造業,825台灣高雄市橋頭區芋林路301號,22.7648371,120.2834713
106,S2602473,裕鐵企業股份有限公司岡山二廠,85978401,"40,402","46,614","87,016",高雄市,金屬加工處理業,824台灣高雄市燕巢區安招路,22.7863349,120.3289808
106,S2800200,環球水泥股份有限公司阿蓮廠,7568009,169,"10,073","10,242",高雄市,水泥及其製品製造業,822005台灣高雄市阿蓮區崗山一街368號,22.8655178,120.3309761
106,S29A1607,群創光電股份有限公司F廠,12800225,"30,634","374,687","405,321",高雄市,光電材料及元件製造業,821台灣高雄市路竹區路科十路11號,22.8392912,120.2518516
106,S3200688,台灣電力股份有限公司興達發電廠,3795904,"20,152,358","10,157","20,162,515",高雄市,電力供應業,828台灣高雄市永安區興達路6號,22.8564943,120.2004541
106,U0100187,台灣水泥股份有限公司和平分公司和平廠,11913502,"3,007,334","167,684","3,175,018",花蓮縣,水泥及其製品製造業,972台灣花蓮縣秀林鄉和平村263號,24.3031223,121.7514351
106,U0100258,和平電力股份有限公司和平火力發電廠,16096852,"7,793,907","1,372","7,795,279",花蓮縣,電力供應業,972台灣花蓮縣秀林鄉和工二路7號,24.3088771,121.7633072
106,U9100978,台灣水泥股份有限公司花蓮廠,11913502,"134,027","11,893","145,920",花蓮縣,水泥及其製品製造業,970台灣花蓮縣花蓮市花蓮市華東103號,24.0091191,121.6366762
106,U9400115,亞洲水泥股份有限公司花蓮製造廠,3244509,"2,858,289","165,463","3,023,752",花蓮縣,水泥及其製品製造業,971台灣花蓮縣新城鄉新興路125號,24.1334551,121.6393111
106,U9500478,中華紙漿股份有限公司花蓮廠,94025264,"113,823","108,272","222,095",花蓮縣,紙漿、紙及紙板製造業,973台灣花蓮縣吉安鄉光華街100號,23.9312034,121.5839363
106,V7500777,中華紙漿股份有限公司台東廠,94025264,"113,622","51,460","165,082",臺東縣,紙漿、紙及紙板製造業,950台灣臺東縣臺東市中興路四段371號,22.7742055,121.0953973
106,W0404930,台灣電力股份有限公司塔山發電廠夏興分廠,3795904,"19,925",,"19,925",金門縣,電力供應業,891,24.440549,118.397934
106,W0504775,台灣電力股份有限公司塔山發電廠,3795904,"179,136",199,"179,335",金門縣,電力供應業,893西海路一段2號,24.4143164,118.2821738
106,W0803559,台灣電力股份有限公司塔山發電廠麒麟分廠,3795904,"11,814",,"11,814",金門縣,電力供應業,894,24.4304034,118.2511793
106,X0501232,台灣電力股份有限公司尖山發電廠,3795904,"255,065",251,"255,316",澎湖縣,電力供應業,880台灣澎湖縣馬公市新生路333號,23.5670483,119.5805389
106,Z6303328,台灣電力股份有限公司珠山發電廠,3795904,"30,615",,"30,615",連江縣,電力供應業,2094299之9號,26.1552886,119.9348373
105,B2311535,台灣康寧顯示玻璃股份有限公司,4388145,"40,317","323,179","363,496",臺中市,玻璃及其製品製造業,407台灣臺中市西屯區科園路1號,24.2012912,120.6177527
105,B2313780,友達光電股份有限公司台中廠,84149738,"120,737","1,085,897","1,206,634",臺中市,光電材料及元件製造業,421台灣臺中市后里區馬場路1號,24.2954401,120.7268487
105,C1400170,台灣電力股份有限公司協和發電廠,3795904,"6,351,795","7,603","6,359,398",基隆市,電力供應業,203台灣基隆市中山區文化路80號,25.1534456,121.7348548
105,C1500291,敦南科技股份有限公司基隆廠,23528103,784,"12,472","13,256",基隆市,其他電子零組件製造業,231台灣新北市新店區寶橋路233之2號9樓,24.979519,121.5518969
105,D0301680,瀚宇彩晶南科觸控感應器廠,16450500,24,"51,172","51,196",臺南市,光電材料及元件製造業,741台灣臺南市新市區南科二路35號,23.09469,120.2800349
105,D0302141,聯華電子股份有限公司Fab12A廠第二廠區,47217677,"12,146","129,252","141,398",臺南市,半導體製造業,744台灣臺南市新市區南科二路18號,23.0956627,120.2790714
105,D9000746,台灣積體電路製造股份有限公司十四B廠                                                                 ,22099131,"115,938","732,258","848,196",臺南市,半導體製造業,741台灣臺南市善化區南科九路17號,23.1116704,120.2671479
105,D9001225,群創光電股份有限公司觸控模組廠,12800225,81,"15,060","15,141",臺南市,光電材料及元件製造業,741台灣臺南市善化區南科八路12號B棟,23.1154249,120.2762664
105,D9001396,台灣積體電路製造股份有限公司十四B廠七期,22099131,"29,135","236,295","265,430",臺南市,半導體製造業,741台灣臺南市善化區南科九路17號,23.1116704,120.2671479
105,E2000554,錦州科技股份有限公司大發廠,53520959,"595,522","9,229","604,751",高雄市,蒸汽供應業,831台灣高雄市大寮區華西路8號,22.5751524,120.4229687
105,E4900333,台灣中油股份有限公司煉製事業部高雄煉油廠,3707901,921,"40,153","41,074",高雄市,石油及煤製品製造業,812台灣高雄市小港區沿海四路50號,22.5290654,120.3472505
105,E4900744,東南水泥股份有限公司,83078600,"239,236","29,560","268,796",高雄市,水泥及其製品製造業,801台灣高雄市前金區五福三路21號,22.6223642,120.2997759
105,E5400878,台灣電力股份有限公司南部發電廠,3795904,"3,125,292","3,392","3,128,684",高雄市,電力供應業,806台灣高雄市前鎮區成功二路5號,22.601544,120.3019432
105,E5600056,台灣中油股份有限公司煉製事業部大林煉油廠,3707901,"2,986,708","546,238","3,532,946",高雄市,石油及煤製品製造業,812台灣高雄市小港區沿海四路50號,22.5290654,120.3472505
105,E5600092,中鋼鋁業股份有限公司臨海廠,96971313,"77,852","134,495","212,347",高雄市,鋁製造業,812台灣高雄市小港區東林路17號,22.5421711,120.3737001
105,E5600305,李長榮化學工業股份有限公司高雄廠,39054405,"27,382","80,108","107,490",高雄市,未分類其他化學製品製造業,812台灣高雄市小港區中林路3號,22.5383366,120.3685808
105,E5600332,協勝發鋼鐵廠股份有限公司,79254702,"79,709","169,280","248,989",高雄市,鋼鐵製造業,812台灣高雄市小港區光陽街7號,22.5593181,120.3655639
105,E5600369,東和鋼鐵企業股份有限公司高雄廠,75280209,"20,608","12,112","32,720",高雄市,鋼鐵製造業,812台灣高雄市小港區嘉興街8號,22.5619942,120.3634959
105,E5600501,海光企業股份有限公司,75470524,"33,705","105,858","139,563",高雄市,鋼鐵製造業,812台灣高雄市小港區沿海二路12號,22.550625,120.365646
105,E5600565,盛餘股份有限公司,79837539,"33,613","67,137","100,750",高雄市,金屬加工處理業,812台灣高雄市小港區中林路11號,22.5370549,120.367025
105,E5600798,龍慶鋼鐵企業股份有限公司,85793919,"35,339","83,370","118,709",高雄市,鋼鐵製造業,812台灣高雄市小港區利昌街4號,22.5540037,120.3649057
105,E5600841,中國鋼鐵股份有限公司,30414175,"20,989,486","1,178,325","22,167,811",高雄市,鋼鐵製造業,824台灣高雄市燕巢區中興路500號,22.7817815,120.3595665
105,E5600850,中國石油化學工業開發股份有限公司小港廠,3084741,"447,231","177,342","624,573",高雄市,化學原材料製造業,812台灣高雄市小港區中林路34號,22.5360641,120.3642442
105,E5600869,台灣糖業股份公司小港廠,3794905,"98,129","4,632","102,761",高雄市,其他食品製造業,812台灣高雄市小港區小港路133號,22.5621832,120.3390414
105,E5600896,台灣電力股份有限公司大林發電廠,3795904,"3,498,947","2,367","3,501,314",高雄市,電力供應業,812台灣高雄市小港區大林路3號,22.5308911,120.3366197
105,E5601080,漢泰鋼鐵股份有限公司,75688109,"28,518","13,912","42,430",高雄市,鋼鐵製造業,812台灣高雄市小港區世全路4號,22.5474714,120.3705687
105,E5601197,唐榮鐵工廠股份有限公司,75460005,"63,034","129,059","192,093",高雄市,鋼鐵製造業,812台灣高雄市小港區沿海二路4號,22.5451216,120.3703228
105,E5602952,海光企業股份有限公司嘉興鋼鐵廠,75470524,"19,156","28,397","47,553",高雄市,鋼鐵製造業,812台灣高雄市小港區嘉興街5號,22.5606958,120.3614081
105,E56A2617,尚承鋼鐵股份有限公司,27208480,"95,818","77,750","173,568",高雄市,鋼鐵製造業,812台灣高雄市小港區大業南路7號,22.5211979,120.3606376
105,E56A4792,中國鋼鐵股份有限公司第三冷軋廠,30414175,"53,504","116,327","169,831",高雄市,鋼鐵製造業,812台灣高雄市小港區茂大街5號,22.5549226,120.3626755
105,E56A7340,源鋼企業股份有限公司,12745455,"27,737","12,734","40,471",高雄市,鋼鐵製造業,812台灣高雄市小港區嘉興街8號,22.5619942,120.3634959
105,F0622537,九滎股份有限公司瓊林廠,80629340,"21,372","3,996","25,368",新北市,染整業,242台灣新北市新莊區瓊林南路301巷13號,25.0058201,121.4351309
105,F0701319,錦紅實業股份有限公司                                                                                ,34557673,"27,614","3,962","31,576",新北市,染整業,241台灣新北市三重區中正北路193巷11弄12號,25.0703441,121.4772445
105,F0701346,協昌染整股份有限公司,33663649,"15,552","3,254","18,806",新北市,染整業,320台灣桃園市中壢區北園二路5號,24.9865417,121.2433952
105,F0701702,南亞塑膠工業股份有限公司樹林廠,75370905,"373,736","7,412","381,148",新北市,塑膠及合成橡膠原料製造業,238台灣新北市樹林區味王街55號,24.9734285,121.4044056
105,F0801707,三洋窯業股份有限公司,34263157,"28,637","8,980","37,617",新北市,其他非金屬礦物製品製造業,23943台灣新北市鶯歌區八德路16號,24.9555063,121.3310637
105,F1507182,泰利實業股份有限公司五股廠,16007423,"29,979","6,203","36,182",新北市,染整業,248台灣新北市五股區凌雲路二段,25.1031441,121.4450866
105,F1600491,南亞塑膠工業股份有限公司林口二廠,75370905,"248,820","77,741","326,561",新北市,塑膠及合成橡膠原料製造業,243台灣新北市泰山區南林路102號,25.0447206,121.4069325
105,F1606662,南亞科技股份有限公司三廠,89390656,"51,585","238,437","290,022",新北市,半導體製造業,243台灣新北市泰山區南林路98號,25.0482461,121.4149629
105,F1700736,台灣電力股份有限公司林口發電廠,3795904,"3,363,112","25,442","3,388,554",新北市,電力供應業,244台灣新北市林口區106縣道139-1號,25.1194311,121.2986118
105,F2200084,台灣電力股份有限公司第一核能發電廠,3795904,"22,200","49,699","71,899",新北市,電力供應業,253台灣新北市石門區12號,25.2907134,121.5913744
105,F2800075,台灣電力股份有限公司第二核能發電廠,3795904,"46,003","6,823","52,826",新北市,電力供應業,207台灣新北市萬里區八斗60號,25.2063645,121.659595
105,G3200778,台灣水泥股份有限公司蘇澳廠,11913502,"848,884","92,842","941,726",宜蘭縣,水泥及其製品製造業,270台灣宜蘭縣蘇澳鎮永昌路46號,24.5882824,121.8527153
105,G3200849,信大水泥股份有限公司南聖湖廠,3279507,"548,628","44,727","593,355",宜蘭縣,水泥及其製品製造業,270台灣宜蘭縣蘇澳鎮中山路二段235號,24.6097827,121.8261511
105,G32A0540,羅東鋼鐵廠股份有限公司煉鋼廠,42010509,"29,097","93,595","122,692",宜蘭縣,鋼鐵製造業,270台灣宜蘭縣蘇澳鎮德興一路57號,24.623783,121.8202667
105,G3700791,台灣化學纖維股份有限公司龍德廠,58650902,"1,393,527","3,047","1,396,574",宜蘭縣,化學原材料製造業,269台灣宜蘭縣冬山鄉龍祥十路2號,24.624946,121.814179
105,G37A0585,潤泰精密材料股份有限公司宜蘭冬山廠,86871981,"695,576","50,188","745,764",宜蘭縣,水泥及其製品製造業,269台灣宜蘭縣冬山鄉大安路357號,24.628994,121.7838112
105,G4100017,幸福水泥股份有限公司東澳廠,40601248,"647,415","46,759","694,174",宜蘭縣,水泥及其製品製造業,272台灣宜蘭縣南澳鄉蘇花路三段101號,24.516755,121.829478
105,H4202215,新隆纖維染整股份有限公司桃園廠,7472834,"36,549","9,705","46,254",桃園市,染整業,330台灣桃園市桃園區春日路1733巷7號,25.027768,121.303838
105,H4202813,東隆興業股份有限公司,18770509,"25,830","18,758","44,588",桃園市,染整業,330台灣桃園市桃園區富國路859號,25.0243421,121.2781791
105,H4301839,大鐘印染股份有限公司中壢廠,57002416,"7,155","53,885","61,040",桃園市,染整業,320台灣桃園市中壢區新生路三段741號,25.00012,121.21535
105,H4313348,精材科技股份有限公司中壢廠,16741846,"84,847","27,472","112,319",桃園市,其他電子零組件製造業,320台灣桃園市中壢區吉林路23號9樓,24.9795194,121.2450777
105,H43A2855,精材科技股份有限公司中壢二廠,16741846,"48,251","17,242","65,493",桃園市,其他電子零組件製造業,320台灣桃園市中壢區中園路188號,24.9824025,121.2375025
105,H43C0794,精材科技股份有限公司中壢三廠,16741846,"1,486","10,409","11,895",桃園市,其他電子零組件製造業,320台灣桃園市中壢區中園路188號,24.9824025,121.2375025
105,H4500458,力鵬企業股份有限公司楊梅廠,33955322,"63,395","21,561","84,956",桃園市,染整業,326台灣桃園市楊梅區新榮路339號,24.9554337,121.1570856
105,H4500743,中興紡織廠股份有限公司楊梅化纖廠,35082604,"68,588","85,904","154,492",桃園市,塑膠及合成橡膠原料製造業,326台灣桃園市楊梅區中山南路567號,24.9022389,121.131159
105,H4500850,白馬窯業股份有限公司楊梅廠,34258318,"57,745","14,120","71,865",桃園市,耐火、黏土建材及其他陶瓷製品製造業,326台灣桃園市楊梅區電研路5號,24.9494344,121.1650053
105,H4501231,中華映管股份有限公司楊梅廠,11085292,"2,070","86,719","88,789",桃園市,光電材料及元件製造業,326台灣桃園市楊梅區和平路45號,24.9374725,121.1247323
105,H45A1887,永豐餘消費品實業股份有限公司楊梅廠,22327037,"28,029","21,282","49,311",桃園市,其他紙製品製造業,326台灣桃園市楊梅區梅高路二段668巷70號,24.9482628,121.1507052
105,H4600551,大統精密染整股份有限公司染整廠,22267777,"29,621","6,837","36,458",桃園市,染整業,338台灣桃園市蘆竹區榮安路9號,25.0610915,121.2832991
105,H4600579,大同染整股份有限公司桃園廠,7014916,"32,762","9,151","41,913",桃園市,染整業,338台灣桃園市蘆竹區新南路一段338-1號,25.0412055,121.2960452
105,H4601227,義芳化學工業股份有限公司桃園廠,15395706,"396,526","42,100","438,626",桃園市,化學原材料製造業,338台灣桃園市蘆竹區海湖里海湖東路375號,25.1065564,121.2713767
105,H4601290,台硝股份有限公司桃園廠,38033305,"34,024","22,698","56,722",桃園市,未分類其他化學製品製造業,338台灣桃園市蘆竹區大坑街25號,25.1078696,121.2754835
105,H4601398,南亞塑膠工業股份有限公司錦興廠,75370905,"791,714","12,603","804,317",桃園市,其他非金屬礦物製品製造業,33859台灣桃园市芦竹区南崁路一段336號A棟宿舍一樓,25.0565392,121.283691
105,H4602313,環泰企業股份有限公司南崁廠,12529007,"30,108","5,065","35,173",桃園市,其他食品製造業,338台灣桃園市蘆竹區南青路1156巷75號,25.0557351,121.2718702
105,H4604488,環球水泥股份有限公司海湖石膏板廠,7568009,"28,287","6,758","35,045",桃園市,其他非金屬礦物製品製造業,338台灣桃園市蘆竹區海山中街18號,25.1069651,121.2611543
105,H4604568,長生電力股份有限公司,96933037,"1,533,342","4,943","1,538,285",桃園市,電力供應業,338台灣桃園市蘆竹區濱海路一段199號,25.116249,121.257084
105,H46B0495,世界先進積體電路股份有限公司晶圓三廠,84149358,"78,305","191,748","270,053",桃園市,半導體製造業,338台灣桃園市蘆竹區南崁路一段338號,25.0553661,121.2826331
105,H4700645,正隆股份有限公司大園廠,33085508,"270,689","145,593","416,282",桃園市,紙漿、紙及紙板製造業,337台灣桃園市大園區大工路116號,25.0700511,121.1789244
105,H4702336,大園汽電共生股份有限公司,84526079,"436,541","9,811","446,352",桃園市,電力供應業,337台灣桃園市大園區潮音北路276號,25.0793269,121.1759049
105,H4800239,俊行記實業股份有限公司,84994452,"31,953","3,692","35,645",桃園市,耐火、黏土建材及其他陶瓷製品製造業,116台灣臺北市文山區樟新街66號,24.9772077,121.5557222
105,H4801478,南亞塑膠工業股份有限公司工三廠,75370905,"172,438","286,612","459,050",桃園市,紡紗業,333台灣桃園市龜山區文明路6號,25.0620289,121.3734827
105,H4803507,台灣中油股份有限公司煉製事業部桃園煉油廠,3707901,"1,277,900","195,229","1,473,129",桃園市,石油及煤製品製造業,333台灣桃園市龜山區民生北路一段50號,25.033276,121.3059734
105,H4806348,穩懋半導體股份有限公司華亞廠,70752257,"12,703","23,488","36,191",桃園市,半導體製造業,333台灣桃園市龜山區科技七路69號,25.0433928,121.3754587
105,H4810799,國光電力股份有限公司,70833553,"759,233","2,724","761,957",桃園市,電力供應業,333台灣桃園市龜山區南上里北油1區11號,25.0404917,121.3440136
105,H4810851,華亞汽電股份有限公司華亞汽電廠,70783006,"2,116,764","50,154","2,166,918",桃園市,電力供應業,333台灣桃園市龜山區華亞一路98號,25.0344928,121.373079
105,H4886999,穩懋半導體股份有限公司華亞二廠,70752257,"32,440","51,314","83,754",桃園市,半導體製造業,333台灣桃園市龜山區科技七路69號,25.0433928,121.3754587
105,H4888493,友達光電股份有限公司,84149738,"14,767","297,433","312,200",桃園市,光電材料及元件製造業,333台灣桃園市龜山區華亞二路189號,25.0469273,121.3731365
105,H4888582,華亞科技股份有限公司二廠,80353271,"51,879","552,327","604,206",桃園市,半導體製造業,333台灣桃園市龜山區文化二路176號,25.0504235,121.3727512
105,H4889454,台灣美光晶圓科技股份有限公司一廠,80353271,"75,744","523,783","599,527",桃園市,半導體製造業,333台灣桃園市龜山區復興三路667號,25.0384005,121.3738286
105,H4903093,中華凸版電子股份有限公司,16083358,"3,160","20,795","23,955",桃園市,半導體製造業,334台灣桃園市八德區和平路1127-3號,24.9643888,121.322514
105,H49A2429,凌巨科技有限公司八德廠,16432742,"185,613","92,644","278,257",桃園市,光電材料及元件製造業,334台灣桃園市八德區和平路1127號,24.9668906,121.3208406
105,H5002362,友達光電股份有限公司桃園分公司,84149738,"31,161","255,687","286,848",桃園市,光電材料及元件製造業,333台灣桃園市龜山區華亞二路189號,25.0469273,121.3731365
105,H5008211,友達光電股份有限公司龍科廠,84149738,"30,663","353,775","384,438",桃園市,光電材料及元件製造業,325台灣桃園市龍潭區龍科街228號,24.8775881,121.1859654
105,H5009450,中華映管股份有限公司龍潭廠,11085292,"308,768","308,178","616,946",桃園市,光電材料及元件製造業,325台灣桃園市龍潭區華映路1號,24.8567999,121.1898512
105,H50A1985,合晶科技股份有限公司園區分公司,16138282,"3,644","28,578","32,222",桃園市,半導體製造業,325台灣桃園市龍潭區龍園一路100號,24.8849954,121.1873237
105,H50A6430,台灣積體電路製造股份有限公司先進封測三廠,22099131,"2,987","147,828","150,815",桃園市,半導體製造業,325台灣桃園市龍潭區龍園六路101號,24.8836369,121.1855573
105,H50A6777,美商蘋果電子股份有限公司台灣分公司,54393468,"1,676","16,275","17,951",桃園市,光電材料及元件製造業,325台灣桃園市龍潭區龍園十路55號,24.8874319,121.1857539
105,H5100952,新光合成纖維股份有限公司中壢廠,7435515,"131,314","183,886","315,200",桃園市,紡紗業,324台灣桃園市平鎮區延平路三段223號,24.9378588,121.2023161
105,H5103604,全新光電科技股份有限公司平鎮廠,97170472,808,"9,448","10,256",桃園市,光電材料及元件製造業,324台灣桃園市平鎮區工業一路16號,24.9056519,121.203415
105,H5200215,永豐餘工業用紙股份有限公司新屋廠,27719048,"326,034","43,080","369,114",桃園市,其他紙製品製造業,327台灣桃園市新屋區永福路281號,24.9810267,121.0400091
105,H5200617,聯成鋼鐵股份有限公司桃園廠,22822748,"30,777","62,030","92,807",桃園市,鋼鐵製造業,327台灣桃園市新屋區中華路996號,24.9887508,121.1034125
105,H5300078,亞東石化股份有限公司                                                                                ,22318678,"158,819","92,901","251,720",桃園市,化學原材料製造業,328台灣桃園市觀音區工業七路2號,25.0477421,121.1107732
105,H5300210,遠東新世紀股份有限公司觀音化纖廠,3522600,"137,030","89,572","226,602",桃園市,人造纖維製造業,328台灣桃園市觀音區經建六路3號,25.062973,121.116956
105,H5300916,台灣玻璃工業股份有限公司桃園廠,11914002,"61,118","57,361","118,479",桃園市,玻璃及其製品製造業,328台灣桃園市觀音區經建五路1號,25.0604724,121.1143722
105,H5301548,富順纖維工業股份有限公司觀音廠,7407200,"30,860","7,966","38,826",桃園市,染整業,337053台灣桃園市大園區大工路126號,25.0739522,121.1767528
105,H5302063,日皓造紙工業股份有限公司,24001900,"37,338","21,566","58,904",桃園市,紙漿、紙及紙板製造業,328台灣桃園市觀音區國建三路5號,25.0591006,121.1076492
105,H5307960,台灣電力股份有限公司大潭發電廠,3795904,"9,710,990","1,910","9,712,900",桃園市,電力供應業,328台灣桃園市觀音區電廠路1號,25.0309103,121.051866
105,H53A0675,東和鋼鐵企業股份有限公司桃園廠,75280209,"41,423","248,195","289,618",桃園市,鋼鐵製造業,328台灣桃園市觀音區保障里8鄰草漯116號,25.0694825,121.1394918
105,H53A2255,利芃國際股份有限公司觀音,53121117,"47,725","19,873","67,598",桃園市,未分類其他化學製品製造業,找不到結果,,
105,H53A2562,華亞汽電股份有限公司觀音公用廠,70783006,"209,988","1,748","211,736",桃園市,電力供應業,328台灣桃園市觀音區工業七路3號,25.04899,121.108374
105,H53A6653,台灣科慕股份有限公司觀音廠,24548079,"137,583","169,878","307,461",桃園市,化學原材料製造業,328台灣桃園市觀音區成功路二段566號,25.0450803,121.1063443
105,J5500366,正隆股份有限公司竹北廠,33085508,"67,819","59,130","126,949",新竹縣,其他紙製品製造業,302台灣新竹縣竹北市長青路二段300號,24.8599588,120.9632033
105,J5500526,東華合纖股份有限公司l新竹廠,11083148,"116,024","4,375","120,399",新竹縣,人造纖維製造業,302台灣新竹縣竹北市中華路1005號,24.8499562,121.0043688
105,J5601064,新桃電力股份有限公司,16596337,"952,638","5,383","958,021",新竹縣,電力供應業,306台灣新竹縣關西鎮台電新村66號,24.8153621,121.197594
105,J5700222,遠東新世紀股份有限公司化學纖維總廠,3522600,"216,020","216,045","432,065",新竹縣,人造纖維製造業,305台灣新竹縣新埔鎮文山路亞東段369號,24.8252143,121.0577843
105,J5700231,大享容器工業股份有限公司,46007218,"79,847","19,416","99,263",新竹縣,玻璃及其製品製造業,305台灣新竹縣新埔鎮文山路犂頭山段1118號,24.8344204,121.0271184
105,J5901658,長春人造樹脂廠股份有限公司新竹廠,11384708,"392,048","4,708","396,756",新竹縣,塑膠及合成橡膠原料製造業,303台灣新竹縣湖口鄉中華路8號,24.8672478,121.0068787
105,J59A5361,恆顥科技股份有限公司湖口廠,53116310,438,"13,501","13,939",新竹縣,光電材料及元件製造業,303台灣新竹縣湖口鄉文化路2-1號,24.8617576,121.0092623
105,J6000230,亞洲水泥股份有限公司新竹製造廠,3244509,"44,481","10,904","55,385",新竹縣,水泥及其製品製造業,312台灣新竹縣橫山鄉中豐路二段109號,24.722291,121.137123
105,J6300146,漢磊科技股份有限公司創新廠,47299902,"2,233","7,624","9,857",新竹縣,半導體製造業,30076台灣新竹市東區科學園區新竹縣寶山鄉創新一路18號1樓,24.777619,120.996058
105,J6300299,漢磊科技股份有限公司研發廠,47299902,"20,264","24,826","45,090",新竹縣,半導體製造業,30076台灣新竹市東區科學園區新竹縣寶山鄉創新一路18號1樓,24.777619,120.996058
105,J6300324,台灣積體電路製造股份有限公司三廠3E廠,22099131,"24,498","67,917","92,415",新竹縣,半導體製造業,308台灣新竹縣寶山鄉研新一路9號,24.7752198,120.9902335
105,J6300557,台灣積體電路製造股份有限公司二廠,22099131,"50,197","74,274","124,471",新竹縣,半導體製造業,308台灣新竹縣寶山鄉園區三路121號,24.7729556,120.9988381
105,J6300959,世界先進積體電路股份有限公司晶圓一廠,84149358,"132,151","121,494","253,645",新竹縣,半導體製造業,308台灣新竹縣寶山鄉園區三路123號,24.7755954,120.9962272
105,J6301107,台灣積體電路製造股份有限公司三廠,22099131,"189,862","180,382","370,244",新竹縣,半導體製造業,308台灣新竹縣寶山鄉研新一路9號,24.7752198,120.9902335
105,J6301447,台灣積體電路製造股份有限公司五廠,22099131,"95,537","99,804","195,341",新竹縣,半導體製造業,308台灣新竹縣寶山鄉園區三路121號,24.7742653,120.9981518
105,J63A0048,聯華電子股份有限公司Fab8S廠,47217677,"26,600","67,608","94,208",新竹縣,半導體製造業,300台灣新竹縣寶山鄉研新一路16號,24.7749701,120.9938198
105,J63A0107,台灣積體電路製造股份有限公司十二廠研新廠,22099131,"86,488","144,188","230,676",新竹縣,半導體製造業,308台灣新竹縣寶山鄉園區二路188號,24.7682233,121.0145867
105,J63A1056,台灣積體電路製造股份有限公司十二廠四期/五期,22099131,"44,702","363,048","407,750",新竹縣,半導體製造業,308台灣新竹縣寶山鄉園區二路168號,24.7702397,121.0123147
105,J63A1591,台灣積體電路製造股份有限公司十二廠六期,22099131,"34,191","295,719","329,910",新竹縣,半導體製造業,308台灣新竹縣寶山鄉園區二路166號,24.7713146,121.0111965
105,J63A1719,聯穎光電股份有限公司竹科廠,53170263,"19,989","39,111","59,100",新竹縣,半導體製造業,308台灣新竹縣寶山鄉創新一路10號,24.7764668,120.9976736
105,K6801089,長春石油化學股份有限公司苗栗廠,11384806,"1,181,480","44,462","1,225,942",苗栗縣,未分類其他化學製品製造業,360台灣苗栗縣苗栗市宜春路245號,24.5932743,120.8104072
105,K6801123,長春石油化學股份有限公司苗栗二廠,11384806,"124,859","904,204","1,029,063",苗栗縣,化學原材料製造業,360台灣苗栗縣苗栗市宜春路245號,24.5932743,120.8104072
105,K7000504,臺鹽實業股份有限公司通霄精鹽廠,89397503,"22,397","1,460","23,857",苗栗縣,其他食品製造業,357台灣苗栗縣通霄鎮122號,24.55595,120.7035792
105,K7000513,建順煉鋼股份有限公司,55695790,"43,109","128,260","171,369",苗栗縣,鋼鐵製造業,357台灣苗栗縣通霄鎮五北里68之4號,24.4722161,120.6696128
105,K7000764,台灣電力股份有限公司通霄發電廠,3795904,"4,633,252","3,716","4,636,968",苗栗縣,電力供應業,357台灣苗栗縣通霄鎮海濱路1-31號,24.489653,120.673746
105,K7104025,群創光電股份有限公司T1廠,12800225,"9,681","137,988","147,669",苗栗縣,光電材料及元件製造業,350台灣苗栗縣竹南鎮科中路12號,24.7095333,120.9162947
105,K71A1370,群創光電股份有限公司T2廠,12800225,"18,401","224,692","243,093",苗栗縣,光電材料及元件製造業,350台灣苗栗縣竹南鎮科學路160號,24.7144072,120.9146606
105,K71A2695,群創光電股份有限公司T3廠,12800225,"23,095","110,037","133,132",苗栗縣,光電材料及元件製造業,350台灣苗栗縣竹南鎮科中路12號,24.7095333,120.9162947
105,K7201001,中國石油化學工業開發股份有限公司頭份廠,3084741,"1,111,269","1,226","1,112,495",苗栗縣,化學原材料製造業,351台灣苗栗縣頭份市自強路二段217號,24.6822518,120.8923886
105,k8000366,立安東化工股份有限公司三義廠,20939460,"70,334","17,120","87,454",苗栗縣,化學原材料製造業,367台灣苗栗縣三義鄉99號,24.3507679,120.7410567
105,K8100129,東和鋼鐵企業股份有限公司苗栗廠,75280209,"112,622","226,323","338,945",苗栗縣,鋼鐵製造業,36842台灣苗栗縣西湖鄉22號,24.5692351,120.7394317
105,K8201149,冠軍建材股份有限公司第二廠,49701774,"52,807","26,510","79,317",苗栗縣,耐火、黏土建材及其他陶瓷製品製造業,361台灣苗栗縣造橋鄉乳姑山2號,24.6250076,120.8527989
105,L0000624,永豐餘工業用紙股份有限公司成功廠,27719048,"100,290","45,581","145,871",臺中市,紙漿、紙及紙板製造業,414台灣臺中市烏日區中山路三段546號,24.1142801,120.5924996
105,L0200473,台灣電力股份有限公司台中發電廠,3795904,"38,544,361","18,483","38,562,844",臺中市,電力供應業,434台灣臺中市龍井區龍昌路1號,24.2145358,120.4921722
105,L0200633,中龍鋼鐵股份有限公司,84613756,"9,236,654","211,535","9,448,189",臺中市,鋼鐵製造業,434台灣臺中市龍井區龍昌路100號,24.2293309,120.501457
105,L8801052,廣源造紙股份有限公司台中廠,50301500,"67,199","46,535","113,734",臺中市,紙漿、紙及紙板製造業,437台灣臺中市大甲區工一路1號,24.4116758,120.6442857
105,L8900676,永豐餘消費品實業股份有限公司清水廠,22327037,"43,110","28,147","71,257",臺中市,其他紙製品製造業,436台灣臺中市清水區舊庄路258號,24.2974958,120.6327659
105,L9000666,味丹企業股份有限公司沙鹿第一工廠,56121907,"177,156","46,980","224,136",臺中市,其他食品製造業,433台灣臺中市沙鹿區興安路65號,24.228647,120.549604
105,L9100198,台灣玻璃工業股份有限公司台中廠,11914002,"95,314","19,925","115,239",臺中市,玻璃及其製品製造業,435台灣臺中市梧棲區自強路377號,24.2372238,120.5217875
105,L9101748,中美和石油化學股份有限公司台中廠,14040691,"173,637","32,606","206,243",臺中市,化學原材料製造業,435台灣臺中市梧棲區草湳里南堤路2段89號,24.2613362,120.4966377
105,L9200693,正隆股份有限公司后里分公司,33085508,"907,239","17,509","924,748",臺中市,紙漿、紙及紙板製造業,421台灣臺中市后里區三豐路三段2號,24.2845555,120.723059
105,L9200728,豐興鋼鐵股份有限公司,55389357,"291,502","484,046","775,548",臺中市,鋼鐵製造業,421台灣臺中市后里區甲后路一段998號,24.3108348,120.710959
105,L9202099,台灣美光記憶體股份有限公司,28518076,"81,861","345,000","426,861",臺中市,半導體製造業,421台灣臺中市后里區三豐路四段369號,24.3185835,120.7247905
105,L92A0931,友達光電股份有限公司后里廠,84149738,"30,436","249,048","279,484",臺中市,光電材料及元件製造業,421台灣臺中市后里區馬場路1號,24.2954401,120.7268487
105,L9506056,華邦中科廠,22099218,"63,673","206,302","269,975",臺中市,半導體製造業,428台灣臺中市大雅區科雅一路8號,24.211258,120.6187403
105,L95A2041,台灣積體電路製造股份有限公司15廠,22099131,"209,955","786,282","996,237",臺中市,半導體製造業,428台灣臺中市大雅區科雅六路1號,24.2117205,120.6166094
105,N0702450,台灣化學纖維股份有限公司彰化廠,58650902,"1,093,294","9,635","1,102,929",彰化縣,人造纖維製造業,500台灣彰化縣彰化市中山路三段359號,24.0878215,120.5616994
105,N0803765,台灣玻璃工業股份有限公司鹿港廠,11914002,"46,331","77,105","123,436",彰化縣,玻璃及其製品製造業,505台灣彰化縣鹿港鎮鹿工路52號,24.0772777,120.388258
105,N08A1098,台灣玻璃工業股份有限公司鹿港平板廠,11914002,"134,254","17,977","152,231",彰化縣,玻璃及其製品製造業,505台灣彰化縣鹿港鎮鹿工路52號,24.0772777,120.388258
105,N1400562,榮成紙業股份有限公司,34202841,"399,409","7,494","406,903",彰化縣,紙漿、紙及紙板製造業,526台灣彰化縣二林鎮廣興巷1-1號,23.8653186,120.3620492
105,N1504207,星能電力股份有限公司,70783765,"807,603","4,903","812,506",彰化縣,電力供應業,507台灣彰化縣線西鄉線工南二路2號,24.126898,120.4307108
105,N1505633,星元電力股份有限公司(星元天然氣發電廠),27945086,"839,857","4,801","844,658",彰化縣,電力供應業,507台灣彰化縣線西鄉慶安南二路2號,24.1281484,120.4209471
105,N1601229,慶欣欣鋼鐵股份有限公司,80354671,"114,244","177,531","291,775",彰化縣,鋼鐵製造業,509台灣彰化縣伸港鄉工西二路2號,24.1686451,120.5061652
105,N1602191,英全化學工業股份有限公司全興廠                                                                      ,57104700,"21,128","6,914","28,042",彰化縣,塑膠及合成橡膠原料製造業,509004台灣彰化縣伸港鄉興工路33號,24.1589613,120.5104797
105,N1607141,台灣鋼聯股份有限公司,89528054,"115,984","11,811","127,795",彰化縣,化學原材料製造業,50953台灣彰化縣伸港鄉線工北一路36號,24.1545395,120.4511077
105,N2100552,正新橡膠工業股份有限公司,59504506,"37,172","47,171","84,343",彰化縣,橡膠製品製造業,515台灣彰化縣大村鄉美港路215號,23.9828825,120.5749074
105,N2902234,力麗企業股份有限公司彰化化纖總廠,7663290,"138,472","66,445","204,917",彰化縣,人造纖維製造業,528台灣彰化縣芳苑鄉工業路38號,23.923622,120.3551431
105,N2904318,力鵬企業股份有限公司彰化尼龍總廠,33955322,"30,467","153,244","183,711",彰化縣,人造纖維製造業,528台灣彰化縣芳苑鄉工業路33號,23.9210974,120.3538421
105,O1700798,元隆電子股份有限公司,22099174,"46,376","19,871","66,247",新竹市,半導體製造業,300台灣新竹市東區研發二路14號,24.778291,121.0023453
105,O1701115,漢磊科技股份有限公司研新廠(元件二廠),47299902,"6,639","9,143","15,782",新竹市,半導體製造業,30076台灣新竹市東區科學園區新竹縣寶山鄉創新一路18號1樓,24.777619,120.996058
105,O1703315,華夏玻璃股份有限公司,47109348,"85,833","28,353","114,186",新竹市,玻璃及其製品製造業,300台灣新竹市香山區埔前路49號,24.7957197,120.9383569
105,O1703351,台灣玻璃工業股份有限公司新竹廠,11914002,"111,732","52,851","164,583",新竹市,玻璃及其製品製造業,300台灣新竹市香山區中華路四段470號,24.7911338,120.9373214
105,O1704787,旺宏電子股份有限公司晶圓一廠,22099548,"51,295","36,622","87,917",新竹市,半導體製造業,300台灣新竹市東區力行路19號,24.7654899,121.0240148
105,O1704812,台灣茂矽電子股份有限公司,22099110,"114,901","51,061","165,962",新竹市,半導體製造業,300台灣新竹市東區研新一路1號,24.7765338,120.9883338
105,O1706049,元太科技工業股份有限公司,22099890,"3,775","28,529","32,304",新竹市,光電材料及元件製造業,300台灣新竹市東區力行一路3號元太科技新竹廠A棟,24.770449,121.0186284
105,O1706209,聯華電子股份有限公司Fab8A廠,47217677,"112,175","121,690","233,865",新竹市,半導體製造業,300台灣新竹縣寶山鄉研新一路16號,24.7749701,120.9938198
105,O1706307,旺宏電子股份有限公司晶圓二廠,22099548,"36,787","89,349","126,136",新竹市,半導體製造業,300台灣新竹市東區力行路19號,24.7654899,121.0240148
105,O1706692,聯華電子股份有限公司Fab8E廠,47217677,"38,967","82,236","121,203",新竹市,半導體製造業,300台灣新竹縣寶山鄉研新一路16號,24.7749701,120.9938198
105,O1707395,友達光電股份有限公司L5廠,84149738,"2,742","42,359","45,101",新竹市,光電材料及元件製造業,300台灣新竹市東區力行路23號,24.7606283,121.0208895
105,O1708632,聯華電子股份有限公司Fab8F廠,47217677,"34,280","86,261","120,541",新竹市,半導體製造業,300台灣新竹市東區力行二路3號,24.7708157,121.0192901
105,O1709148,聯華電子股份有限公司Fab8D廠,47217677,"138,019","172,546","310,565",新竹市,半導體製造業,300台灣新竹市東區力行二路3號,24.7708157,121.0192901
105,O1709193,友達光電總部/友達光電股份有限公司L3B廠,84149738,"2,914","20,599","23,513",新竹市,光電材料及元件製造業,300台灣新竹市東區力行路23號,24.7606283,121.0208895
105,O1709308,台灣積體電路製造股份有限公司十二廠,22099131,"112,020","287,922","399,942",新竹市,半導體製造業,308台灣新竹縣寶山鄉園區二路168號,24.7702397,121.0123147
105,O1713311,台灣積體電路製造股份有限公司八廠,22099131,"140,686","183,913","324,599",新竹市,半導體製造業,300台灣新竹市東區力行路25號,24.7624399,121.01981
105,o1745831,敦南科技股份有限公司新竹分公司廠,12800750,"48,299","22,593","70,892",新竹市,半導體製造業,300台灣新竹市東區竹村三路24號,24.7778901,121.0089957
105,O1747764,力晶科技股份有限公司P3,84149385,"17,961","123,062","141,023",新竹市,半導體製造業,300台灣新竹市東區力行路16-1號,24.7669451,121.0243215
105,O1748707,力晶科技股份有限公司P1/2,84149385,"41,643","313,015","354,658",新竹市,半導體製造業,300台灣新竹市東區力行一路12號,24.7698161,121.01764
105,O1751197,世界先進積體電路股份有限公司晶圓二廠,84149358,"61,591","135,818","197,409",新竹市,半導體製造業,300台灣新竹市東區力行路9號,24.7714636,121.0281827
105,O1753306,鉅晶電子股份有限公司,28112667,"25,404","93,450","118,854",新竹市,半導體製造業,300台灣新竹市東區力行一路18號4樓,24.7681886,121.0170081
105,O17A0968,新唐科技股份有限公司,28112646,"34,395","40,830","75,225",新竹市,半導體製造業,300台灣新竹市東區研新三路4號三樓,24.7792616,120.9906641
105,O17A6887,旺宏電子股份有限公司晶圓五廠,22099548,"55,418","107,608","163,026",新竹市,半導體製造業,300台灣新竹市東區力行路19號,24.7654899,121.0240148
105,P4600987,福懋興業股份有限公司,14001199,"324,622","34,142","358,764",雲林縣,染整業,640台灣雲林縣斗六市石榴路317號,23.7272352,120.5880423
105,P4601984,福懋興業股份有限公司第二廠,14001199,"27,174","71,850","99,024",雲林縣,紡織品製造業,640台灣雲林縣斗六市石榴路317號,23.7272352,120.5880423
105,P4602374,展頌股份有限公司斗六廠,22927617,"28,695","21,372","50,067",雲林縣,人造纖維製造業,640台灣雲林縣斗六市斗工十路156-1號,23.7146742,120.5976034
105,P4602758,富喬工業股份有限公司,16834268,"55,230","65,502","120,732",雲林縣,其他非金屬礦物製品製造業,640台灣雲林縣斗六市斗工十六路8號,23.7098924,120.5965904
105,P4606327,旭硝子顯示玻璃股份有限公司斗六一廠,70584724,"42,403","113,619","156,022",雲林縣,玻璃及其製品製造業,640台灣雲林縣斗六市科工七路8號,23.7180315,120.5035408
105,P46A0693,旭硝子顯示玻璃股份有限公司斗六二廠,70584724,"79,018","145,274","224,292",雲林縣,玻璃及其製品製造業,640台灣雲林縣斗六市科工七路8號,23.7180315,120.5035408
105,P4801322,台榮產業股份有限公司雲林廠,3543210,"34,459","15,920","50,379",雲林縣,碾穀、磨粉及澱粉製品製造業,"632台灣雲林縣虎尾鎮惠來路112號, 632",23.7284504,120.4855186
105,P48A0851,富喬工業股份有限公司雲林分公司,16834268,"40,539","47,585","88,124",雲林縣,玻璃及其製品製造業,640台灣雲林縣斗六市斗工十六路8號,23.7098924,120.5965904
105,P5500191,合眾紙業股份有限公司林內廠,4380087,"34,758","29,103","63,861",雲林縣,紙漿、紙及紙板製造業,643台灣雲林縣林內鄉瑞農65號,23.7670948,120.6046704
105,P5801513,南亞塑膠工業股份有限公司麥寮廠,75370905,"405,599","1,005,344","1,410,943",雲林縣,化學原材料製造業,638台灣雲林縣麥寮鄉中山高速公路,23.79864,120.21748
105,P5801602,台灣塑膠工業股份有限公司麥寮廠,75708007,"516,763","3,951,424","4,468,187",雲林縣,未分類其他化學製品製造業,638台灣雲林縣麥寮鄉台塑工業園區1號,23.8002145,120.2157963
105,P5801719,麥寮汽電股份有限公司,96975970,"11,286,910",,"11,286,910",雲林縣,電力供應業,638台灣雲林縣麥寮鄉7號,23.8041865,120.1914995
105,P5801728,台塑石化股份有限公司麥寮二廠,86522210,"4,667,809","221,670","4,889,479",雲林縣,未分類其他化學製品製造業,638台灣雲林縣麥寮鄉工業路17號,23.7771766,120.1874829
105,P5801773,台灣化學纖維股份有限公司麥寮廠,58650902,"547,002","1,176,981","1,723,983",雲林縣,化學原材料製造業,"638台灣雲林縣麥寮鄉5號, 台 塑 工業 園區",23.8136467,120.2098154
105,P5802092,台灣化學纖維股份有限公司海豐廠,58650902,"1,353,390","2,143,243","3,496,633",雲林縣,化學原材料製造業,638台灣雲林縣麥寮鄉638,23.761906,120.1759649
105,P5802387,大連化學工業股份有限公司麥寮廠,12233428,"144,731","703,398","848,129",雲林縣,化學原材料製造業,638台灣雲林縣麥寮鄉25號,23.759851,120.1726932
105,P5802421,台塑石化股份有限公司麥寮一廠,86522210,"15,812,630",,"15,812,630",雲林縣,化學原材料製造業,638台灣雲林縣麥寮鄉中山高速公路,23.79864,120.21748
105,P5802430,台塑石化股份有限公司麥寮三廠,86522210,"7,430,339","158,707","7,589,046",雲林縣,未分類其他化學製品製造業,638台灣雲林縣麥寮鄉麥寮鄉台塑工業園區39號,23.762269,120.187877
105,P5805244,南亞塑膠工業股份有限公司海豐總廠,75370905,"351,827","1,159,924","1,511,751",雲林縣,化學原材料製造業,"638台灣雲林縣麥寮鄉42號, 台塑工業園區",23.7737178,120.1913452
105,Q6901613,福隆玻璃纖維股份有限公司,22663571,"25,698","28,073","53,771",嘉義縣,其他非金屬礦物製品製造業,621台灣嘉義縣民雄鄉中華路89號,23.526617,120.456131
105,Q6907286,嘉惠電力(股)有限公司,96976990,"888,379","10,620","898,999",嘉義縣,電力供應業,62148台灣嘉義縣民雄鄉松山村松子腳688號,23.5317971,120.4726806
105,Q7100245,台灣必成股份有限公司新港廠,22662355,"88,539","184,843","273,382",嘉義縣,玻璃及其製品製造業,616台灣嘉義縣新港鄉2-1號,23.5111242,120.3695728
105,Q7100254,台灣化學纖維股份有限公司新港廠,58650902,"2,547,987","9,579","2,557,566",嘉義縣,人造纖維製造業,616002台灣嘉義縣新港鄉1號,23.5221981,120.3825302
105,Q7100272,南亞塑膠工業股份有限公司新港廠,75370905,"33,046","763,820","796,866",嘉義縣,塑膠製品製造業,616台灣嘉義縣新港鄉三間厝38號,23.5216367,120.3824802
105,Q7600375,南亞塑膠工業股份有限公司嘉義廠,75370905,"288,597","13,181","301,778",嘉義縣,塑膠製品製造業,612台灣嘉義縣太保市北港路二段201號,23.4970118,120.3783989
105,R0300482,統懋半導體股份有限公司新市總廠,22404266,251,"5,368","5,619",臺南市,其他電子零組件製造業,744台灣臺南市新市區中山路76號,23.0763778,120.3009793
105,R0300606,得力實業股份有限公司,73686632,"39,553","29,447","69,000",臺南市,染整業,744台灣臺南市新市區復興路820號,23.1047554,120.2949128
105,R0301603,宏捷科技股份有限公司南科大利廠,16130423,"7,367","10,279","17,646",臺南市,半導體製造業,744台灣臺南市新市區大利一路6號,23.1079748,120.2797648
105,R0304131,聯華電子股份有限公司Fab12A,47217677,"130,359","448,362","578,721",臺南市,半導體製造業,744台灣臺南市新市區南科二路18號,23.0956627,120.2790714
105,R0305156,瀚宇彩晶南科TFT-LCD三廠,16450500,"88,337","204,650","292,987",臺南市,光電材料及元件製造業,741台灣臺南市新市區南科二路35號,23.09469,120.2800349
105,R03A0450,群創光電股份有限公司樹谷分公司,12800225,"35,516","415,425","450,941",臺南市,光電材料及元件製造業,74148台灣臺南市新市區紫楝路21號,23.1007961,120.2624638
105,R03A1894,群創光電股份有限公司B廠,12800225,"237,484","481,092","718,576",臺南市,光電材料及元件製造業,741台灣臺南市善化區南科八路12號B棟,23.1154249,120.2762664
105,R03A1903,群創光電股份有限公司A廠,12800225,"35,418","73,606","109,024",臺南市,光電材料及元件製造業,744台灣臺南市新市區奇業路1號,23.0875622,120.2815577
105,R03A1913,群創光電股份有限公司D廠,12800225,"61,228","701,287","762,515",臺南市,光電材料及元件製造業,744台灣臺南市新市區環西路一段3號,23.090312,120.277275
105,R0500240,宏遠興業股份有限公司,22817999,"81,211","73,025","154,236",臺南市,染整業,743台灣臺南市山上區256號,23.1133126,120.3422775
105,R0500400,東展興業股份有限公司,22956176,9,"1,586","1,595",臺南市,化學原材料製造業,743台灣臺南市山上區,23.1096519,120.3412179
105,R0503072,森霸電力公司豐德電廠,70783499,"1,553,447","5,786","1,559,233",臺南市,電力供應業,743台灣臺南市山上區66號,23.0842713,120.3559143
105,R1001719,台南紡織股份有限公司仁德廠,68919301,"42,618","50,618","93,236",臺南市,紡紗業,717台灣臺南市仁德區中正路二段1034巷6號,22.9642474,120.2559933
105,R1002065,奇美實業股份有限公司(仁德廠),68387705,"170,355","319,030","489,385",臺南市,塑膠及合成橡膠原料製造業,717台灣臺南市仁德區中正路一段398號,22.9272249,120.2431587
105,R1002547,豐年豐和企業股份有限公司上崙一廠,16635562,"46,381","10,747","57,128",臺南市,動植物油脂製造業,717台灣臺南市仁德區崑崙路201號,22.9328505,120.2508391
105,R10A3047,奇美實業股份有限公司旭美廠,68387705,"156,687","23,045","179,732",臺南市,塑膠及合成橡膠原料製造業,717台灣臺南市仁德區中正路一段398號,22.9272249,120.2431587
105,R1412418,統一實業股份有限公司二廠,73252657,"46,008","94,662","140,670",臺南市,金屬加工處理業,710台灣臺南市永康區中正北路837號,23.0505581,120.2667841
105,R14A1883,易昇鋼鐵股份有限公司,28098406,"52,136","89,959","142,095",臺南市,鋼鐵製造業,710台灣臺南市永康區正南一街200號,23.0281573,120.2250601
105,R8400416,台灣紙業股份有限公司新營紙廠,11912102,"46,360","48,510","94,870",臺南市,紙漿、紙及紙板製造業,730台灣臺南市新營區南紙街94號,23.2983704,120.2929109
105,R8400827,榮剛材料科技股份有限公司新營廠,84252697,"77,133","86,963","164,096",臺南市,鋼鐵製造業,730台灣臺南市新營區新中路35號,23.3016583,120.2809331
105,R8500582,華新麗華股份有限公司鹽水廠                                                                          ,35412204,"114,272","178,052","292,324",臺南市,鋼鐵製造業,737台灣臺南市鹽水區3之10號,23.3340512,120.2905244
105,R9001677,台灣積體電路製造股份有限公司十四廠                                                                  ,22099131,"296,997","818,229","1,115,226",臺南市,半導體製造業,741台灣臺南市善化區南科北路1號,23.1145277,120.2743889
105,R9004230,台灣積體電路製造股份有限公司六廠,22099131,"184,459","205,466","389,925",臺南市,半導體製造業,744台灣臺南市新市區南科北路1號,23.1100289,120.2735232
105,R90A1360,台灣積體電路製造股份有限公司先進封裝廠,22099131,"3,725","36,384","40,109",臺南市,半導體製造業,741台灣臺南市善化區南科北路1之1號,23.1098041,120.2712618
105,R90A1469,群創光電股份有限公司C廠,12800225,121,"18,674","18,795",臺南市,光電材料及元件製造業,741台灣臺南市善化區南科八路12號B棟,23.1154249,120.2762664
105,R90A1716,群創光電股份有限公司觸控南科廠,12800225,182,"26,707","26,889",臺南市,光電材料及元件製造業,741台灣臺南市善化區南科八路12號B棟,23.1154249,120.2762664
105,R9701341,威致鋼鐵工業股份有限公司,69771636,"94,080","183,743","277,823",臺南市,鋼鐵製造業,720台灣臺南市官田區南廍123號,23.2262982,120.3104239
105,R9701850,官田鋼鐵股份有限公司官田廠,72065240,"29,527","22,722","52,249",臺南市,鋼鐵製造業,72046台灣臺南市官田區119-5號,23.2183221,120.3061311
105,R9702160,台灣汽電共生股份有限公司官田廠,86685142,"381,476","3,047","384,523",臺南市,未分類其他製造業,720台灣臺南市官田區工業西路28號,23.2107951,120.3201115
105,S1601990,燁聯鋼鐵股份有限公司,23218395,"279,590","369,080","648,670",高雄市,鋼鐵製造業,820台灣高雄市岡山區興隆街600號,22.8309261,120.3005934
105,S1602102,中鴻鋼鐵股份有限公司熱軋廠,7838854,"165,225","139,168","304,393",高雄市,鋼鐵製造業,820台灣高雄市岡山區興隆街576號,22.82647,120.29961
105,S1900283,和益化學工業股份有限公司,4312878,"61,066","24,707","85,773",高雄市,化學原材料製造業,832台灣高雄市林園區石化三路9號,22.4876543,120.4058487
105,S1900372,台灣氯乙烯工業股份有限公司林園廠,19084015,"106,641","197,572","304,213",高雄市,化學原材料製造業,832台灣高雄市林園區工業一路1號,22.499011,120.4069092
105,S1900569,中國合成橡膠股份有限公司碳煙廠,4382114,"257,167","32,991","290,158",高雄市,石油及煤製品製造業,832台灣高雄市林園區石化四路1號,22.4863542,120.4087585
105,S1900578,東聯化學股份有限公司高雄林園廠,14057995,"48,012","292,417","340,429",高雄市,化學原材料製造業,832台灣高雄市林園區工業三路3號,22.493906,120.4147949
105,S1900612,聯成化學科技股份有限公司林園廠,4748660,"67,458","17,102","84,560",高雄市,化學原材料製造業,832台灣高雄市林園區工業二路3號,22.5030674,120.4136687
105,S1900658,台灣苯乙烯工業股份有限公司高雄廠,20844865,"361,426","42,972","404,398",高雄市,化學原材料製造業,832台灣高雄市林園區工業一路7號,22.5073491,120.405701
105,S1900685,台灣塑膠工業股份有限公司林園廠,75708007,"680,126","112,598","792,724",高雄市,化學原材料製造業,832台灣高雄市林園區石化一路1號,22.5075475,120.4118101
105,S1900694,台灣石化合成股份有限公司林園廠,30974253,"18,337","99,189","117,526",高雄市,未分類其他化學製品製造業,832台灣高雄市林園區工業二路1號,22.4988619,120.4144485
105,S1900710,台灣中油股份有限公司石化事業部林園石化廠                                                            ,3707901,"2,232,622","98,233","2,330,855",高雄市,化學原材料製造業,832台灣高雄市林園區石化二路3號,22.4986779,120.406679
105,S1901066,信昌化學工業股份有限公司林園廠,86120031,"167,041","141,163","308,204",高雄市,化學原材料製造業,832台灣高雄市林園區工業三路9號,22.4970261,120.4150045
105,S2001314,長春石油化學股份有限公司大發廠,11384806,"589,767","54,101","643,868",高雄市,蒸汽供應業,831台灣高雄市大寮區建業路11號,22.5710517,120.4276788
105,S2005081,長春人造樹脂廠股份有限公司大發廠,11384708,"356,918","145,425","502,343",高雄市,化學原材料製造業,831台灣高雄市大寮區華西路8號,22.5751524,120.4229687
105,S2005652,大連化學工業股份有限公司大發廠,12233428,"76,573","531,890","608,463",高雄市,化學原材料製造業,831台灣高雄市大寮區華西路8之1號,22.5748121,120.4256747
105,S2015916,長春人造樹脂廠股份有限公司大發二廠,11384708,"76,725","229,003","305,728",高雄市,化學原材料製造業,831台灣高雄市大寮區華西路8號,22.5751524,120.4229687
105,S2100223,中華紙漿股份有限公司久堂廠,94025264,"434,567","16,850","451,417",高雄市,紙漿、紙及紙板製造業,840台灣高雄市大樹區久堂路112號,22.6597566,120.4204955
105,S2201092,長春人造樹脂廠股份有限公司高雄廠,11384708,"29,714","79,758","109,472",高雄市,塑膠及合成橡膠原料製造業,814台灣高雄市仁武區工業一路14號,22.7003373,120.34104
105,S2201109,台灣塑膠工業股份有限公司仁武廠,75708007,"2,638,864","21,916","2,660,780",高雄市,化學原材料製造業,814台灣高雄市仁武區水管路100號,22.7057305,120.334949
105,S2201154,三芳化學工業股份有限公司,83387850,"27,904","28,080","55,984",高雄市,塑膠及合成橡膠原料製造業,814台灣高雄市仁武區鳳仁路402號,22.721594,120.3352089
105,S2300401,中國人造纖維股份有限公司高雄總廠,7066907,"439,395","31,643","471,038",高雄市,化學原材料製造業,815台灣高雄市大社區經建路8號,22.7247531,120.3360897
105,S2300410,中國石油化學工業開發股份有限公司大社廠,3084741,"157,130","26,477","183,607",高雄市,化學原材料製造業,815台灣高雄市大社區經建路1號,22.7258043,120.3403145
105,S2300429,國喬石油化學股份有限公司,4212250,"628,642","2,337","630,979",高雄市,石油及煤製品製造業,815台灣高雄市大社區興工路4號,22.7210212,120.341794
105,S2300438,台橡股份有限公司高雄廠,3553737,"91,385","63,804","155,189",高雄市,塑膠及合成橡膠原料製造業,815台灣高雄市大社區興工路2號,22.7241632,120.3403621
105,S2300447,高雄塑酯化學股份有限公司,85803825,"93,995","22,451","116,446",高雄市,化學原材料製造業,815台灣高雄市大社區興工路1號,22.7240417,120.3410755
105,S2300465,大連化學工業股份有限公司高雄廠,12233428,"31,330","71,391","102,721",高雄市,化學原材料製造業,815台灣高雄市大社區興工路1之3號,22.7202288,120.3424248
105,S2500536,燁輝企業股份有限公司高雄一廠,75947936,"50,772","84,345","135,117",高雄市,金屬加工處理業,825台灣高雄市橋頭區里芋寮路369號,22.7654048,120.2770969
105,S25A0144,欣建工業股份有限公司                                                                                ,28042430,"20,381","22,009","42,390",高雄市,鋼鐵製造業,825台灣高雄市橋頭區芋林路301號,22.7648371,120.2834713
105,S2602473,裕鐵企業股份有限公司岡山二廠,85978401,"39,394","44,858","84,252",高雄市,金屬加工處理業,824台灣高雄市燕巢區安招路,22.7863349,120.3289808
105,S2800200,環球水泥股份有限公司阿蓮廠,7568009,167,"9,189","9,356",高雄市,水泥及其製品製造業,822005台灣高雄市阿蓮區崗山一街368號,22.8655178,120.3309761
105,S29A1607,群創光電股份有限公司F廠,12800225,"19,622","249,130","268,752",高雄市,光電材料及元件製造業,821台灣高雄市路竹區路科十路11號,22.8392912,120.2518516
105,S3200688,台灣電力股份有限公司興達發電廠,3795904,"20,935,169","6,634","20,941,803",高雄市,電力供應業,828台灣高雄市永安區興達路6號,22.8564943,120.2004541
105,U0100187,台灣水泥股份有限公司和平分公司和平廠,11913502,"2,961,399","157,300","3,118,699",花蓮縣,水泥及其製品製造業,972台灣花蓮縣秀林鄉和平村263號,24.3031223,121.7514351
105,U0100258,和平電力股份有限公司和平火力發電廠,16096852,"8,034,933","1,457","8,036,390",花蓮縣,電力供應業,972台灣花蓮縣秀林鄉和工二路7號,24.3088771,121.7633072
105,U9100978,台灣水泥股份有限公司花蓮廠,11913502,"25,554","3,626","29,180",花蓮縣,水泥及其製品製造業,970台灣花蓮縣花蓮市花蓮市華東103號,24.0091191,121.6366762
105,U9400115,亞洲水泥股份有限公司花蓮製造廠,3244509,"3,185,186","178,730","3,363,916",花蓮縣,水泥及其製品製造業,971台灣花蓮縣新城鄉新興路125號,24.1334551,121.6393111
105,U9500478,中華紙漿股份有限公司花蓮廠,94025264,"107,727","102,223","209,950",花蓮縣,紙漿、紙及紙板製造業,973台灣花蓮縣吉安鄉光華街100號,23.9312034,121.5839363
105,V7500777,中華紙漿股份有限公司台東廠,94025264,"116,792","49,054","165,846",臺東縣,紙漿、紙及紙板製造業,950台灣臺東縣臺東市中興路四段371號,22.7742055,121.0953973
105,W0404930,台灣電力股份有限公司塔山發電廠夏興分廠,3795904,"23,128",,"23,128",金門縣,電力供應業,891,24.440549,118.397934
105,W0504775,台灣電力股份有限公司塔山發電廠,3795904,"174,612",143,"174,755",金門縣,電力供應業,893西海路一段2號,24.4143164,118.2821738
105,W0803559,台灣電力股份有限公司塔山發電廠麒麟分廠,3795904,"12,152",,"12,152",金門縣,電力供應業,894,24.4304034,118.2511793
105,X0501232,台灣電力股份有限公司尖山發電廠,3795904,"265,431",250,"265,681",澎湖縣,電力供應業,880台灣澎湖縣馬公市新生路333號,23.5670483,119.5805389
105,Z6303328,台灣電力股份有限公司珠山發電廠,3795904,"33,127",,"33,127",連江縣,電力供應業,2094299之9號,26.1552886,119.9348373
104,B2311535,台灣康寧顯示玻璃股份有限公司,4388145,"39,540","303,817","343,357",臺中市,其他非金屬礦物製品製造業,407台灣臺中市西屯區科園路1號,24.2012912,120.6177527
104,B2313780,友達光電股份有限公司台中廠,84149738,"112,268","1,056,307","1,168,575",臺中市,光電材料及元件製造業,421台灣臺中市后里區馬場路1號,24.2954401,120.7268487
104,C1400170,台灣電力股份有限公司協和發電廠,3795904,"6,541,970","7,115","6,549,085",基隆市,電力供應業,203台灣基隆市中山區文化路80號,25.1534456,121.7348548
104,C1500291,敦南科技股份有限公司基隆廠,23528103,535,"12,110","12,645",基隆市,其他電子零組件製造業,231台灣新北市新店區寶橋路233之2號9樓,24.979519,121.5518969
104,D0300281,群創光電股份有限公司觸控南科二廠,12800225,,222,222,臺南市,光電材料及元件製造業,741台灣臺南市善化區南科八路12號B棟,23.1154249,120.2762664
104,D0301680,瀚宇彩晶南科觸控感應器廠,16450500,55,"50,398","50,453",臺南市,光電材料及元件製造業,741台灣臺南市新市區南科二路35號,23.09469,120.2800349
104,D9000746,台灣積體電路製造股份有限公司十四B廠,22099131,"100,417","708,497","808,914",臺南市,半導體製造業,741台灣臺南市善化區南科九路17號,23.1116704,120.2671479
104,D9001225,群創光電股份有限公司觸控模組廠,12800225,70,"11,985","12,055",臺南市,光電材料及元件製造業,741台灣臺南市善化區南科八路12號B棟,23.1154249,120.2762664
104,E2000554,錦州科技股份有限公司大發廠,53520959,"580,483","3,701","584,184",高雄市,蒸汽供應業,831台灣高雄市大寮區華西路8號,22.5751524,120.4229687
104,E4900333,台灣中油股份有限公司煉製事業部高雄煉油廠,3707901,"598,409","110,833","709,242",高雄市,石油及煤製品製造業,812台灣高雄市小港區沿海四路50號,22.5290654,120.3472505
104,E4900744,東南水泥股份有限公司,83078600,"494,121","45,476","539,597",高雄市,水泥及其製品製造業,801台灣高雄市前金區五福三路21號,22.6223642,120.2997759
104,E5400878,台灣電力股份有限公司南部發電廠,3795904,"2,680,065","4,012","2,684,077",高雄市,電力供應業,806台灣高雄市前鎮區成功二路5號,22.601544,120.3019432
104,E5600056,台灣中油股份有限公司煉製事業部大林煉油廠,3707901,"2,448,410","514,558","2,962,968",高雄市,石油及煤製品製造業,812台灣高雄市小港區沿海四路50號,22.5290654,120.3472505
104,E5600092,中鋼鋁業股份有限公司臨海廠,96971313,"66,356","122,260","188,616",高雄市,鋁製造業,812台灣高雄市小港區東林路17號,22.5421711,120.3737001
104,E5600305,李長榮化學工業股份有限公司高雄廠,39054405,"28,054","76,264","104,318",高雄市,未分類其他化學製品製造業,812台灣高雄市小港區中林路3號,22.5383366,120.3685808
104,E5600332,協勝發鋼鐵廠股份有限公司,79254702,"103,919","199,958","303,877",高雄市,鋼鐵製造業,812台灣高雄市小港區光陽街7號,22.5593181,120.3655639
104,E5600369,東和鋼鐵企業股份有限公司高雄廠,75280209,"28,456","14,582","43,038",高雄市,鋼鐵製造業,812台灣高雄市小港區嘉興街8號,22.5619942,120.3634959
104,E5600501,海光企業股份有限公司,75470524,"36,203","129,677","165,880",高雄市,鋼鐵製造業,812台灣高雄市小港區沿海二路12號,22.550625,120.365646
104,E5600565,盛餘股份有限公司,79837539,"32,376","68,699","101,075",高雄市,金屬加工處理業,812台灣高雄市小港區中林路11號,22.5370549,120.367025
104,E5600798,龍慶鋼鐵企業股份有限公司,85793919,"39,607","99,440","139,047",高雄市,鋼鐵製造業,812台灣高雄市小港區利昌街4號,22.5540037,120.3649057
104,E5600841,中國鋼鐵股份有限公司,30414175,"19,964,119","1,109,279","21,073,398",高雄市,鋼鐵製造業,824台灣高雄市燕巢區中興路500號,22.7817815,120.3595665
104,E5600850,中國石油化學工業開發股份有限公司小港廠,3084741,"393,461","142,440","535,901",高雄市,化學原材料製造業,812台灣高雄市小港區中林路34號,22.5360641,120.3642442
104,E5600869,台灣糖業股份公司小港廠,3794905,"92,104","4,940","97,044",高雄市,其他食品製造業,812台灣高雄市小港區小港路133號,22.5621832,120.3390414
104,E5600896,台灣電力股份有限公司大林發電廠,3795904,"4,011,277","1,227","4,012,504",高雄市,電力供應業,812台灣高雄市小港區大林路3號,22.5308911,120.3366197
104,E5601080,漢泰鋼鐵股份有限公司,75688109,"44,929","15,743","60,672",高雄市,鋼鐵製造業,812台灣高雄市小港區世全路4號,22.5474714,120.3705687
104,E5601197,唐榮鐵工廠股份有限公司,75460005,"55,911","111,424","167,335",高雄市,鋼鐵製造業,812台灣高雄市小港區沿海二路4號,22.5451216,120.3703228
104,E5602952,海光企業股份有限公司嘉興鋼鐵廠,75470524,"27,544","37,086","64,630",高雄市,鋼鐵製造業,812台灣高雄市小港區嘉興街5號,22.5606958,120.3614081
104,E56A2617,尚承鋼鐵股份有限公司,27208480,"112,771","78,171","190,942",高雄市,鋼鐵製造業,812台灣高雄市小港區大業南路7號,22.5211979,120.3606376
104,E56A4792,中國鋼鐵股份有限公司第三冷軋廠,30414175,"54,040","159,046","213,086",高雄市,鋼鐵製造業,812台灣高雄市小港區茂大街5號,22.5549226,120.3626755
104,E56A7340,源鋼企業股份有限公司                                                                                ,12745455,"31,190","14,659","45,849",高雄市,鋼鐵製造業,812台灣高雄市小港區嘉興街8號,22.5619942,120.3634959
104,F0622537,九滎股份有限公司瓊林廠,80629340,"23,957","4,071","28,028",新北市,染整業,242台灣新北市新莊區瓊林南路301巷13號,25.0058201,121.4351309
104,F0701319,錦紅實業股份有限公司,34557673,"30,528","4,658","35,186",新北市,染整業,241台灣新北市三重區中正北路193巷11弄12號,25.0703441,121.4772445
104,F0701346,協昌染整股份有限公司,33663649,"17,340","3,604","20,944",新北市,染整業,320台灣桃園市中壢區北園二路5號,24.9865417,121.2433952
104,F0701702,南亞塑膠工業股份有限公司樹林廠,75370905,"389,468","4,121","393,589",新北市,塑膠及合成橡膠原料製造業,238台灣新北市樹林區味王街55號,24.9734285,121.4044056
104,F0801707,三洋窯業股份有限公司,34263157,"35,362","10,853","46,215",新北市,其他非金屬礦物製品製造業,23943台灣新北市鶯歌區八德路16號,24.9555063,121.3310637
104,F1507182,泰利實業股份有限公司五股廠,16007423,"30,204","6,086","36,290",新北市,染整業,248台灣新北市五股區凌雲路二段,25.1031441,121.4450866
104,F1600491,南亞塑膠工業股份有限公司林口二廠,75370905,"296,131","33,920","330,051",新北市,塑膠及合成橡膠原料製造業,243台灣新北市泰山區南林路102號,25.0447206,121.4069325
104,F1606662,南亞科技股份有限公司三廠,89390656,"44,372","221,559","265,931",新北市,半導體製造業,243台灣新北市泰山區南林路98號,25.0482461,121.4149629
104,F1700736,台灣電力股份有限公司林口發電廠,3795904,"38,198","19,230","57,428",新北市,電力供應業,244台灣新北市林口區106縣道139-1號,25.1194311,121.2986118
104,G3200778,台灣水泥股份有限公司蘇澳廠,11913502,"1,367,277","92,823","1,460,100",宜蘭縣,水泥及其製品製造業,270台灣宜蘭縣蘇澳鎮永昌路46號,24.5882824,121.8527153
104,G3200849,信大水泥股份有限公司南聖湖廠,3279507,"621,143","50,734","671,877",宜蘭縣,水泥及其製品製造業,270台灣宜蘭縣蘇澳鎮中山路二段235號,24.6097827,121.8261511
104,G3401079,元耀科技股份有限公司,16197211,13,"3,141","3,154",宜蘭縣,其他電子零組件製造業,262台灣宜蘭縣礁溪鄉龍泉路189號,24.787316,121.7461137
104,G3700791,台灣化學纖維股份有限公司龍德廠,58650902,"1,376,079",,"1,376,079",宜蘭縣,化學原材料製造業,269台灣宜蘭縣冬山鄉龍祥十路2號,24.624946,121.814179
104,G37A0585,潤泰精密材料股份有限公司宜蘭冬山廠,86871981,"622,770","50,443","673,213",宜蘭縣,水泥及其製品製造業,269台灣宜蘭縣冬山鄉大安路357號,24.628994,121.7838112
104,G4100017,幸福水泥股份有限公司東澳廠,40601248,"667,690","47,886","715,576",宜蘭縣,水泥及其製品製造業,272台灣宜蘭縣南澳鄉蘇花路三段101號,24.516755,121.829478
104,H4202215,新隆纖維染整股份有限公司桃園廠,7472834,"34,968","9,825","44,793",桃園市,染整業,330台灣桃園市桃園區春日路1733巷7號,25.027768,121.303838
104,H4202813,東隆興業股份有限公司,18770509,"26,943","17,604","44,547",桃園市,染整業,330台灣桃園市桃園區富國路859號,25.0243421,121.2781791
104,H4204264,翔新企業股份有限公司,84570243,"18,800","4,461","23,261",桃園市,染整業,330台灣台灣省桃園區興邦路43巷1號,24.9798519,121.3275455
104,H4313348,精材科技股份有限公司中壢廠,16741846,"98,812","27,711","126,523",桃園市,其他電子零組件製造業,320台灣桃園市中壢區吉林路23號9樓,24.9795194,121.2450777
104,H43A2855,精材科技股份有限公司中壢二廠,16741846,"52,034","17,216","69,250",桃園市,其他電子零組件製造業,320台灣桃園市中壢區中園路188號,24.9824025,121.2375025
104,H43C0794,精材科技股份有限公司中壢三廠,16741846,"1,000","8,110","9,110",桃園市,其他電子零組件製造業,320台灣桃園市中壢區中園路188號,24.9824025,121.2375025
104,H4500458,力鵬企業股份有限公司楊梅廠,33955322,"68,548","19,218","87,766",桃園市,染整業,326台灣桃園市楊梅區新榮路339號,24.9554337,121.1570856
104,H4500743,中興紡織廠股份有限公司楊梅化纖廠,35082604,"68,949","83,873","152,822",桃園市,塑膠及合成橡膠原料製造業,326台灣桃園市楊梅區中山南路567號,24.9022389,121.131159
104,H4500850,白馬窯業股份有限公司楊梅廠,34258318,"53,004","14,465","67,469",桃園市,耐火、黏土建材及其他陶瓷製品製造業,326台灣桃園市楊梅區電研路5號,24.9494344,121.1650053
104,H4501231,中華映管股份有限公司楊梅廠,11085292,"3,305","92,391","95,696",桃園市,光電材料及元件製造業,326台灣桃園市楊梅區和平路45號,24.9374725,121.1247323
104,H4504705,紘楷股份有限公司,70738116,"21,330","4,270","25,600",桃園市,染整業,326台灣桃园市杨梅區楊新路三段4巷19號,24.930083,121.128685
104,H45A0938,勝華科技股份有限公司幼獅廠,22100398,3,"8,306","8,309",桃園市,光電材料及元件製造業,33544台灣桃園市大溪區介壽路328號,24.9154298,121.2898726
104,H45A1887,永豐餘消費品實業股份有限公司楊梅廠,22327037,"32,072","23,508","55,580",桃園市,其他紙製品製造業,326台灣桃園市楊梅區梅高路二段668巷70號,24.9482628,121.1507052
104,H45A2122,勝華科技股份有限公司幼獅二廠,22100398,,"8,306","8,306",桃園市,其他電子零組件製造業,33544台灣桃園市大溪區介壽路328號,24.9154298,121.2898726
104,H4600551,大統精密染整股份有限公司染整廠,22267777,"29,481","8,095","37,576",桃園市,染整業,338台灣桃園市蘆竹區榮安路9號,25.0610915,121.2832991
104,H4600560,黃家紡織股份有限公司桃園廠,23280117,"24,091","4,081","28,172",桃園市,染整業,338台灣桃園市蘆竹區南竹路二段339號,25.0353397,121.2792989
104,H4600579,大同染整股份有限公司桃園廠,7014916,"43,703","10,872","54,575",桃園市,染整業,338台灣桃園市蘆竹區新南路一段338-1號,25.0412055,121.2960452
104,H4601227,義芳化學工業股份有限公司桃園廠,15395706,"371,809","39,563","411,372",桃園市,化學原材料製造業,338台灣桃園市蘆竹區海湖里海湖東路375號,25.1065564,121.2713767
104,H4601290,台硝股份有限公司桃園廠,38033305,"33,771","13,134","46,905",桃園市,未分類其他化學製品製造業,338台灣桃園市蘆竹區大坑街25號,25.1078696,121.2754835
104,H4601398,南亞塑膠工業股份有限公司錦興廠,75370905,"826,605","10,255","836,860",桃園市,其他非金屬礦物製品製造業,33859台灣桃园市芦竹区南崁路一段336號A棟宿舍一樓,25.0565392,121.283691
104,H4602313,環泰企業股份有限公司南崁廠,12529007,"30,308","5,014","35,322",桃園市,其他食品製造業,338台灣桃園市蘆竹區南青路1156巷75號,25.0557351,121.2718702
104,H4604488,環球水泥股份有限公司海湖石膏板廠,7568009,"27,023","6,694","33,717",桃園市,其他非金屬礦物製品製造業,338台灣桃園市蘆竹區海山中街18號,25.1069651,121.2611543
104,H4604568,長生電力股份有限公司,96933037,"1,484,861","5,187","1,490,048",桃園市,電力供應業,338台灣桃園市蘆竹區濱海路一段199號,25.116249,121.257084
104,H46A3888,智晟實業股份有限公司二廠,22034187,"20,084",389,"20,473",桃園市,蒸汽供應業,338台灣桃園市蘆竹區中圳街178號,25.1088584,121.2605583
104,H46B0495,世界先進積體電路股份有限公司晶圓三廠,84149358,"47,139","184,974","232,113",桃園市,半導體製造業,338台灣桃園市蘆竹區南崁路一段338號,25.0553661,121.2826331
104,H4700645,正隆股份有限公司大園廠,33085508,"268,424","131,318","399,742",桃園市,紙漿、紙及紙板製造業,337台灣桃園市大園區大工路116號,25.0700511,121.1789244
104,H4702336,大園汽電共生股份有限公司,84526079,"432,730","10,568","443,298",桃園市,電力供應業,337台灣桃園市大園區潮音北路276號,25.0793269,121.1759049
104,H4800239,俊行記實業股份有限公司,84994452,"42,777","4,241","47,018",桃園市,耐火、黏土建材及其他陶瓷製品製造業,116台灣臺北市文山區樟新街66號,24.9772077,121.5557222
104,H4801478,南亞塑膠工業股份有限公司工三廠,75370905,"167,055","290,638","457,693",桃園市,紡紗業,333台灣桃園市龜山區文明路6號,25.0620289,121.3734827
104,H4802662,新瑞倡企業股份有限公司桃園廠,7620770,"21,275","5,022","26,297",桃園市,染整業,333台灣桃園市龜山區東舊路街100號,25.0149178,121.3665302
104,H4803507,台灣中油股份有限公司煉製事業部桃園煉油廠,3707901,"1,409,032","218,221","1,627,253",桃園市,石油及煤製品製造業,333台灣桃園市龜山區民生北路一段50號,25.033276,121.3059734
104,H4806348,穩懋半導體股份有限公司華亞廠,70752257,"10,655","21,889","32,544",桃園市,半導體製造業,333台灣桃園市龜山區科技七路69號,25.0433928,121.3754587
104,H4810799,國光電力股份有限公司,70833553,"669,573","3,688","673,261",桃園市,電力供應業,333台灣桃園市龜山區南上里北油1區11號,25.0404917,121.3440136
104,H4810851,華亞汽電股份有限公司華亞汽電廠,70783006,"2,012,434","43,044","2,055,478",桃園市,電力供應業,333台灣桃園市龜山區華亞一路98號,25.0344928,121.373079
104,H4886999,穩懋半導體股份有限公司華亞二廠,70752257,"30,981","49,391","80,372",桃園市,半導體製造業,333台灣桃園市龜山區科技七路69號,25.0433928,121.3754587
104,H4888493,友達光電股份有限公司,84149738,"17,157","296,424","313,581",桃園市,光電材料及元件製造業,333台灣桃園市龜山區華亞二路189號,25.0469273,121.3731365
104,H4888582,華亞科技股份有限公司二廠,80353271,"32,513","425,284","457,797",桃園市,半導體製造業,333台灣桃園市龜山區文化二路176號,25.0504235,121.3727512
104,H4889454,台灣美光晶圓科技股份有限公司一廠,80353271,"63,029","511,824","574,853",桃園市,半導體製造業,333台灣桃園市龜山區復興三路667號,25.0384005,121.3738286
104,H4903093,中華凸版電子股份有限公司,16083358,120,"21,476","21,596",桃園市,半導體製造業,334台灣桃園市八德區和平路1127-3號,24.9643888,121.322514
104,H4903244,中華映管股份有限公司桃園廠,11085292,"102,771","73,555","176,326",桃園市,光電材料及元件製造業,334台灣桃園市八德區和平路1127號,24.9668906,121.3208406
104,H49A2429,凌巨科技有限公司八德廠                                                                              ,16432742,"37,038","29,134","66,172",桃園市,光電材料及元件製造業,334台灣桃園市八德區和平路1127號,24.9668906,121.3208406
104,H5002362,友達光電股份有限公司桃園分公司,84149738,"81,001","238,089","319,090",桃園市,光電材料及元件製造業,333台灣桃園市龜山區華亞二路189號,25.0469273,121.3731365
104,H5008211,友達光電股份有限公司龍科廠,84149738,"29,542","336,811","366,353",桃園市,光電材料及元件製造業,325台灣桃園市龍潭區龍科街228號,24.8775881,121.1859654
104,H5009450,中華映管股份有限公司龍潭廠,11085292,"470,138","329,050","799,188",桃園市,光電材料及元件製造業,325台灣桃園市龍潭區華映路1號,24.8567999,121.1898512
104,H50A1985,合晶科技股份有限公司園區分公司,16138282,"2,002","25,890","27,892",桃園市,半導體製造業,325台灣桃園市龍潭區龍園一路100號,24.8849954,121.1873237
104,H50A6430,台灣積體電路製造股份有限公司先進封測三廠,22099131,835,"21,495","22,330",桃園市,半導體製造業,325台灣桃園市龍潭區龍園六路101號,24.8836369,121.1855573
104,H50A6777,美商蘋果電子股份有限公司台灣分公司,54393468,886,"9,796","10,682",桃園市,光電材料及元件製造業,325台灣桃園市龍潭區龍園十路55號,24.8874319,121.1857539
104,H5100952,新光合成纖維股份有限公司中壢廠,7435515,"130,255","182,860","313,115",桃園市,紡紗業,324台灣桃園市平鎮區延平路三段223號,24.9378588,121.2023161
104,H5103604,全新光電科技股份有限公司平鎮廠,97170472,69,"9,237","9,306",桃園市,光電材料及元件製造業,324台灣桃園市平鎮區工業一路16號,24.9056519,121.203415
104,H51A4865,群創光電股份有限公司平鎮CF廠,12800225,8,"16,248","16,256",桃園市,光電材料及元件製造業,350台灣苗栗縣竹南鎮科中路12號,24.7095333,120.9162947
104,H5200215,永豐餘工業用紙股份有限公司新屋廠,27719048,"339,007","48,595","387,602",桃園市,其他紙製品製造業,327台灣桃園市新屋區永福路281號,24.9810267,121.0400091
104,H5200617,聯成鋼鐵股份有限公司桃園廠,22822748,"30,090","54,127","84,217",桃園市,鋼鐵製造業,327台灣桃園市新屋區中華路996號,24.9887508,121.1034125
104,H5300078,亞東石化股份有限公司,22318678,"149,159","73,148","222,307",桃園市,化學原材料製造業,328台灣桃園市觀音區工業七路2號,25.0477421,121.1107732
104,H5300210,遠東新世紀股份有限公司觀音化纖廠,3522600,"123,742","91,417","215,159",桃園市,人造纖維製造業,328台灣桃園市觀音區經建六路3號,25.062973,121.116956
104,H5300363,銓盟企業股份有限公司,23313356,"24,686","4,337","29,023",桃園市,染整業,328台灣桃園市觀音區新富路1560號,24.9850764,121.1349377
104,H5300425,錦美紙業股份有限公司觀音廠,34175598,"23,900","16,058","39,958",桃園市,紙漿、紙及紙板製造業,328台灣觀音區榮工北路10號,25.0588495,121.1289161
104,H5300916,台灣玻璃工業股份有限公司桃園廠,11914002,"59,993","55,960","115,953",桃園市,玻璃及其製品製造業,328台灣桃園市觀音區經建五路1號,25.0604724,121.1143722
104,H5301548,富順纖維工業股份有限公司觀音廠,7407200,"31,975","8,484","40,459",桃園市,染整業,337053台灣桃園市大園區大工路126號,25.0739522,121.1767528
104,H5302063,日皓造紙工業股份有限公司,24001900,"36,038","19,638","55,676",桃園市,紙漿、紙及紙板製造業,328台灣桃園市觀音區國建三路5號,25.0591006,121.1076492
104,H5307960,台灣電力股份有限公司大潭發電廠,3795904,"9,325,197","1,893","9,327,090",桃園市,電力供應業,328台灣桃園市觀音區電廠路1號,25.0309103,121.051866
104,H53A0675,東和鋼鐵企業股份有限公司桃園廠,75280209,"60,052","288,452","348,504",桃園市,鋼鐵製造業,328台灣桃園市觀音區保障里8鄰草漯116號,25.0694825,121.1394918
104,H53A2245,利芃國際股份有限公司觀音二廠,53121117,"19,800","22,574","42,374",桃園市,未分類其他化學製品製造業,328台灣桃園市觀音區桃科二路398號,25.0385352,121.0662397
104,H53A2255,利芃國際股份有限公司觀音,53121117,"51,539","19,787","71,326",桃園市,未分類其他化學製品製造業,找不到結果,,
104,H53A2562,華亞汽電股份有限公司觀音公用廠,70783006,"217,688","1,862","219,550",桃園市,電力供應業,328台灣桃園市觀音區工業七路3號,25.04899,121.108374
104,J5500366,正隆股份有限公司竹北廠,33085508,"55,314","49,490","104,804",新竹縣,其他紙製品製造業,302台灣新竹縣竹北市長青路二段300號,24.8599588,120.9632033
104,J5500526,東華合纖股份有限公司l新竹廠,11083148,"83,347","4,082","87,429",新竹縣,人造纖維製造業,302台灣新竹縣竹北市中華路1005號,24.8499562,121.0043688
104,J5601064,新桃電力股份有限公司,16596337,"919,844","6,302","926,146",新竹縣,電力供應業,306台灣新竹縣關西鎮台電新村66號,24.8153621,121.197594
104,J5700222,遠東新世紀股份有限公司化學纖維總廠,3522600,"218,735","209,836","428,571",新竹縣,人造纖維製造業,305台灣新竹縣新埔鎮文山路亞東段369號,24.8252143,121.0577843
104,J5700231,大享容器工業股份有限公司,46007218,"77,617","18,998","96,615",新竹縣,玻璃及其製品製造業,305台灣新竹縣新埔鎮文山路犂頭山段1118號,24.8344204,121.0271184
104,J5901658,長春人造樹脂廠股份有限公司新竹廠,11384708,"365,294","2,270","367,564",新竹縣,塑膠及合成橡膠原料製造業,303台灣新竹縣湖口鄉中華路8號,24.8672478,121.0068787
104,J59A5361,恆顥科技股份有限公司湖口廠,53116310,405,"16,066","16,471",新竹縣,光電材料及元件製造業,303台灣新竹縣湖口鄉文化路2-1號,24.8617576,121.0092623
104,J6000230,亞洲水泥股份有限公司新竹製造廠,3244509,"286,187","20,028","306,215",新竹縣,水泥及其製品製造業,312台灣新竹縣橫山鄉中豐路二段109號,24.722291,121.137123
104,J6300146,漢磊科技股份有限公司創新廠,47299902,"2,001","7,110","9,111",新竹縣,半導體製造業,30076台灣新竹市東區科學園區新竹縣寶山鄉創新一路18號1樓,24.777619,120.996058
104,J6300299,漢磊科技股份有限公司研發廠,47299902,"13,127","22,554","35,681",新竹縣,半導體製造業,30076台灣新竹市東區科學園區新竹縣寶山鄉創新一路18號1樓,24.777619,120.996058
104,J6300324,台灣積體電路製造股份有限公司三廠3E廠,22099131,"25,281","66,866","92,147",新竹縣,半導體製造業,308台灣新竹縣寶山鄉研新一路9號,24.7752198,120.9902335
104,J6300557,台灣積體電路製造股份有限公司二廠                                                                    ,22099131,"47,268","72,489","119,757",新竹縣,半導體製造業,308台灣新竹縣寶山鄉園區三路121號,24.7729556,120.9988381
104,J6300959,世界先進積體電路股份有限公司晶圓一廠,84149358,"96,701","118,853","215,554",新竹縣,半導體製造業,308台灣新竹縣寶山鄉園區三路123號,24.7755954,120.9962272
104,J6301107,台灣積體電路製造股份有限公司三廠,22099131,"146,258","177,664","323,922",新竹縣,半導體製造業,308台灣新竹縣寶山鄉研新一路9號,24.7752198,120.9902335
104,J6301447,台灣積體電路製造股份有限公司五廠,22099131,"87,540","98,455","185,995",新竹縣,半導體製造業,308台灣新竹縣寶山鄉園區三路121號,24.7742653,120.9981518
104,J63A0048,聯華電子股份有限公司Fab8S廠,47217677,"26,772","69,905","96,677",新竹縣,半導體製造業,300台灣新竹縣寶山鄉研新一路16號,24.7749701,120.9938198
104,J63A0107,台灣積體電路製造股份有限公司十二廠研新廠,22099131,"98,241","140,053","238,294",新竹縣,半導體製造業,308台灣新竹縣寶山鄉園區二路188號,24.7682233,121.0145867
104,J63A1056,台灣積體電路製造股份有限公司十二廠四期/五期,22099131,"41,002","355,909","396,911",新竹縣,半導體製造業,308台灣新竹縣寶山鄉園區二路168號,24.7702397,121.0123147
104,J63A1591,台灣積體電路製造股份有限公司十二廠六期,22099131,"28,910","305,223","334,133",新竹縣,半導體製造業,308台灣新竹縣寶山鄉園區二路166號,24.7713146,121.0111965
104,J63A1719,聯穎光電股份有限公司竹科廠,53170263,"16,638","38,709","55,347",新竹縣,半導體製造業,308台灣新竹縣寶山鄉創新一路10號,24.7764668,120.9976736
104,K6801089,長春石油化學股份有限公司苗栗廠,11384806,"1,186,237","31,229","1,217,466",苗栗縣,未分類其他化學製品製造業,360台灣苗栗縣苗栗市宜春路245號,24.5932743,120.8104072
104,K6801123,長春石油化學股份有限公司苗栗二廠,11384806,"90,374","834,514","924,888",苗栗縣,化學原材料製造業,360台灣苗栗縣苗栗市宜春路245號,24.5932743,120.8104072
104,K7000504,臺鹽實業股份有限公司通霄精鹽廠,89397503,"25,649","1,921","27,570",苗栗縣,其他食品製造業,357台灣苗栗縣通霄鎮122號,24.55595,120.7035792
104,K7000513,建順煉鋼股份有限公司,55695790,"47,479","137,967","185,446",苗栗縣,鋼鐵製造業,357台灣苗栗縣通霄鎮五北里68之4號,24.4722161,120.6696128
104,K7000764,台灣電力股份有限公司通霄發電廠,3795904,"4,259,953","4,918","4,264,871",苗栗縣,電力供應業,357台灣苗栗縣通霄鎮海濱路1-31號,24.489653,120.673746
104,K7104025,群創光電股份有限公司T1廠,12800225,"36,821","134,071","170,892",苗栗縣,光電材料及元件製造業,350台灣苗栗縣竹南鎮科中路12號,24.7095333,120.9162947
104,K71A1370,群創光電股份有限公司T2廠,12800225,"19,296","222,675","241,971",苗栗縣,光電材料及元件製造業,350台灣苗栗縣竹南鎮科學路160號,24.7144072,120.9146606
104,K71A2695,群創光電股份有限公司T3廠,12800225,"27,032","109,260","136,292",苗栗縣,光電材料及元件製造業,350台灣苗栗縣竹南鎮科中路12號,24.7095333,120.9162947
104,K7201001,中國石油化學工業開發股份有限公司頭份廠,3084741,"866,656","2,073","868,729",苗栗縣,化學原材料製造業,351台灣苗栗縣頭份市自強路二段217號,24.6822518,120.8923886
104,k8000366,立安東化工股份有限公司三義廠,20939460,"63,249","16,489","79,738",苗栗縣,化學原材料製造業,367台灣苗栗縣三義鄉99號,24.3507679,120.7410567
104,K8100129,東和鋼鐵企業股份有限公司苗栗廠,75280209,"113,258","219,797","333,055",苗栗縣,鋼鐵製造業,36842台灣苗栗縣西湖鄉22號,24.5692351,120.7394317
104,K8201149,冠軍建材股份有限公司第二廠,49701774,"66,462","31,283","97,745",苗栗縣,耐火、黏土建材及其他陶瓷製品製造業,361台灣苗栗縣造橋鄉乳姑山2號,24.6250076,120.8527989
104,L0000624,永豐餘工業用紙股份有限公司成功廠,27719048,"93,492","46,577","140,069",臺中市,紙漿、紙及紙板製造業,414台灣臺中市烏日區中山路三段546號,24.1142801,120.5924996
104,L0200473,台灣電力股份有限公司台中發電廠,3795904,"38,570,221","16,880","38,587,101",臺中市,電力供應業,434台灣臺中市龍井區龍昌路1號,24.2145358,120.4921722
104,L0200633,中龍鋼鐵股份有限公司,84613756,"9,577,771","147,235","9,725,006",臺中市,鋼鐵製造業,434台灣臺中市龍井區龍昌路100號,24.2293309,120.501457
104,L8801052,廣源造紙股份有限公司台中一廠,50301500,"109,727","46,181","155,908",臺中市,紙漿、紙及紙板製造業,437台灣臺中市大甲區工一路1號,24.4116758,120.6442857
104,L8900676,永豐餘消費品實業股份有限公司清水廠,22327037,"26,889","19,881","46,770",臺中市,其他紙製品製造業,436台灣臺中市清水區舊庄路258號,24.2974958,120.6327659
104,L9000666,味丹企業股份有限公司沙鹿第一工廠,56121907,"197,889","52,513","250,402",臺中市,其他食品製造業,433台灣臺中市沙鹿區興安路65號,24.228647,120.549604
104,L9100198,台灣玻璃工業股份有限公司台中廠,11914002,"95,895","21,168","117,063",臺中市,玻璃及其製品製造業,435台灣臺中市梧棲區自強路377號,24.2372238,120.5217875
104,L9101748,中美和石油化學股份有限公司台中廠,14040691,"176,757","35,015","211,772",臺中市,化學原材料製造業,435台灣臺中市梧棲區草湳里南堤路2段89號,24.2613362,120.4966377
104,L9200693,正隆股份有限公司后里分公司,33085508,"877,291","20,782","898,073",臺中市,紙漿、紙及紙板製造業,421台灣臺中市后里區三豐路三段2號,24.2845555,120.723059
104,L9200728,豐興鋼鐵股份有限公司                                                                                ,55389357,"294,480","483,934","778,414",臺中市,鋼鐵製造業,421台灣臺中市后里區甲后路一段998號,24.3108348,120.710959
104,L9202099,台灣美光記憶體股份有限公司,28518076,"71,427","280,606","352,033",臺中市,半導體製造業,421台灣臺中市后里區三豐路四段369號,24.3185835,120.7247905
104,L92A0931,友達光電股份有限公司后里廠,84149738,"20,922","176,020","196,942",臺中市,光電材料及元件製造業,421台灣臺中市后里區馬場路1號,24.2954401,120.7268487
104,L9506056,華邦中科廠,22099218,"47,576","200,861","248,437",臺中市,半導體製造業,428台灣臺中市大雅區科雅一路8號,24.211258,120.6187403
104,L95A2041,台灣積體電路製造股份有限公司15廠,22099131,"160,010","740,322","900,332",臺中市,半導體製造業,428台灣臺中市大雅區科雅六路1號,24.2117205,120.6166094
104,N0702450,台灣化學纖維股份有限公司彰化廠,58650902,"971,959",419,"972,378",彰化縣,人造纖維製造業,500台灣彰化縣彰化市中山路三段359號,24.0878215,120.5616994
104,N0803765,台灣玻璃工業股份有限公司鹿港廠,11914002,"45,730","72,910","118,640",彰化縣,玻璃及其製品製造業,505台灣彰化縣鹿港鎮鹿工路52號,24.0772777,120.388258
104,N08A1098,台灣玻璃工業股份有限公司鹿港平板廠,11914002,"138,717","18,527","157,244",彰化縣,玻璃及其製品製造業,505台灣彰化縣鹿港鎮鹿工路52號,24.0772777,120.388258
104,N1400562,榮成紙業股份有限公司,34202841,"332,229",411,"332,640",彰化縣,紙漿、紙及紙板製造業,526台灣彰化縣二林鎮廣興巷1-1號,23.8653186,120.3620492
104,N1504207,星能電力股份有限公司,70783765,"700,786","5,174","705,960",彰化縣,電力供應業,507台灣彰化縣線西鄉線工南二路2號,24.126898,120.4307108
104,N1505633,星元電力股份有限公司(星元天然氣發電廠),27945086,"822,933","4,934","827,867",彰化縣,電力供應業,507台灣彰化縣線西鄉慶安南二路2號,24.1281484,120.4209471
104,N1601229,慶欣欣鋼鐵股份有限公司,80354671,"116,649","178,455","295,104",彰化縣,鋼鐵製造業,509台灣彰化縣伸港鄉工西二路2號,24.1686451,120.5061652
104,N1602191,英全化學工業股份有限公司全興廠,57104700,"22,409","6,683","29,092",彰化縣,塑膠及合成橡膠原料製造業,509004台灣彰化縣伸港鄉興工路33號,24.1589613,120.5104797
104,N1607141,台灣鋼聯股份有限公司,89528054,"118,425","12,562","130,987",彰化縣,化學原材料製造業,50953台灣彰化縣伸港鄉線工北一路36號,24.1545395,120.4511077
104,N2100552,正新橡膠工業股份有限公司,59504506,"42,434","47,050","89,484",彰化縣,橡膠製品製造業,515台灣彰化縣大村鄉美港路215號,23.9828825,120.5749074
104,N2902234,力麗企業股份有限公司彰化化纖總廠,7663290,"163,510","61,203","224,713",彰化縣,人造纖維製造業,528台灣彰化縣芳苑鄉工業路38號,23.923622,120.3551431
104,N2904318,力鵬企業股份有限公司彰化尼龍總廠,33955322,"24,688","166,474","191,162",彰化縣,人造纖維製造業,528台灣彰化縣芳苑鄉工業路33號,23.9210974,120.3538421
104,O1700798,元隆電子股份有限公司,22099174,"26,893","14,958","41,851",新竹市,半導體製造業,300台灣新竹市東區研發二路14號,24.778291,121.0023453
104,O1701115,漢磊科技股份有限公司研新廠(元件二廠),47299902,"4,349","8,454","12,803",新竹市,半導體製造業,30076台灣新竹市東區科學園區新竹縣寶山鄉創新一路18號1樓,24.777619,120.996058
104,O1703315,華夏玻璃股份有限公司,47109348,"104,520","31,323","135,843",新竹市,玻璃及其製品製造業,300台灣新竹市香山區埔前路49號,24.7957197,120.9383569
104,O1703351,台灣玻璃工業股份有限公司新竹廠,11914002,"106,997","49,711","156,708",新竹市,玻璃及其製品製造業,300台灣新竹市香山區中華路四段470號,24.7911338,120.9373214
104,O1704787,旺宏電子股份有限公司晶圓一廠,22099548,"47,635","36,962","84,597",新竹市,半導體製造業,300台灣新竹市東區力行路19號,24.7654899,121.0240148
104,O1704812,台灣茂矽電子股份有限公司,22099110,"59,248","50,836","110,084",新竹市,半導體製造業,300台灣新竹市東區研新一路1號,24.7765338,120.9883338
104,O1706049,元太科技工業股份有限公司,22099890,"6,424","31,153","37,577",新竹市,光電材料及元件製造業,300台灣新竹市東區力行一路3號元太科技新竹廠A棟,24.770449,121.0186284
104,O1706209,聯華電子股份有限公司Fab8A廠,47217677,"102,611","123,230","225,841",新竹市,半導體製造業,300台灣新竹縣寶山鄉研新一路16號,24.7749701,120.9938198
104,O1706307,旺宏電子股份有限公司晶圓二廠,22099548,"43,406","93,130","136,536",新竹市,半導體製造業,300台灣新竹市東區力行路19號,24.7654899,121.0240148
104,O1706692,聯華電子股份有限公司Fab8E廠,47217677,"55,817","82,580","138,397",新竹市,半導體製造業,300台灣新竹縣寶山鄉研新一路16號,24.7749701,120.9938198
104,O1706941,聯華電子股份有限公司Fab8C廠,47217677,"66,318","84,350","150,668",新竹市,半導體製造業,300台灣新竹市東區力行二路3號,24.7708157,121.0192901
104,O1707395,友達光電股份有限公司L5廠,84149738,"19,981","43,829","63,810",新竹市,光電材料及元件製造業,300台灣新竹市東區力行路23號,24.7606283,121.0208895
104,O1708632,聯華電子股份有限公司Fab8F廠,47217677,"29,437","86,225","115,662",新竹市,半導體製造業,300台灣新竹市東區力行二路3號,24.7708157,121.0192901
104,O1708829,友達光電股份有限公司L3A廠,84149738,584,"18,853","19,437",新竹市,光電材料及元件製造業,300台灣新竹市東區力行路23號,24.7606283,121.0208895
104,O1709148,聯華電子股份有限公司Fab8D廠,47217677,"64,969","90,943","155,912",新竹市,半導體製造業,300台灣新竹市東區力行二路3號,24.7708157,121.0192901
104,O1709193,友達光電總部/友達光電股份有限公司L3B廠,84149738,"2,115","20,458","22,573",新竹市,光電材料及元件製造業,300台灣新竹市東區力行路23號,24.7606283,121.0208895
104,O1709308,台灣積體電路製造股份有限公司十二廠,22099131,"113,759","277,812","391,571",新竹市,半導體製造業,308台灣新竹縣寶山鄉園區二路168號,24.7702397,121.0123147
104,O1713311,台灣積體電路製造股份有限公司八廠,22099131,"145,847","181,877","327,724",新竹市,半導體製造業,300台灣新竹市東區力行路25號,24.7624399,121.01981
104,o1745831,敦南科技股份有限公司新竹分公司廠,12800750,"36,374","21,664","58,038",新竹市,半導體製造業,300台灣新竹市東區竹村三路24號,24.7778901,121.0089957
104,O1747764,力晶科技股份有限公司P3,84149385,"14,784","119,633","134,417",新竹市,半導體製造業,300台灣新竹市東區力行路16-1號,24.7669451,121.0243215
104,O1748707,力晶科技股份有限公司P1/2,84149385,"13,654","147,081","160,735",新竹市,半導體製造業,300台灣新竹市東區力行一路12號,24.7698161,121.01764
104,O1748716,力晶科技股份有限公司P1,84149385,"16,993","158,074","175,067",新竹市,半導體製造業,300台灣新竹市東區力行一路12號,24.7698161,121.01764
104,O1751197,世界先進積體電路股份有限公司晶圓二廠,84149358,"48,731","131,175","179,906",新竹市,半導體製造業,300台灣新竹市東區力行路9號,24.7714636,121.0281827
104,O1753306,鉅晶電子股份有限公司,28112667,"19,343","91,070","110,413",新竹市,半導體製造業,300台灣新竹市東區力行一路18號4樓,24.7681886,121.0170081
104,O17A0968,新唐科技股份有限公司,28112646,"27,890","41,034","68,924",新竹市,半導體製造業,300台灣新竹市東區研新三路4號三樓,24.7792616,120.9906641
104,O17A6887,旺宏電子股份有限公司晶圓五廠,22099548,"71,544","108,632","180,176",新竹市,半導體製造業,300台灣新竹市東區力行路19號,24.7654899,121.0240148
104,P4600987,福懋興業股份有限公司,14001199,"333,157","56,476","389,633",雲林縣,染整業,640台灣雲林縣斗六市石榴路317號,23.7272352,120.5880423
104,P4601984,福懋興業股份有限公司第二廠,14001199,"27,885","78,213","106,098",雲林縣,紡織品製造業,640台灣雲林縣斗六市石榴路317號,23.7272352,120.5880423
104,P4602758,富喬工業股份有限公司,16834268,"52,957","65,557","118,514",雲林縣,其他非金屬礦物製品製造業,640台灣雲林縣斗六市斗工十六路8號,23.7098924,120.5965904
104,P46A0693,旭硝子顯示玻璃股份有限公司斗六二廠,70584724,"83,025","126,407","209,432",雲林縣,玻璃及其製品製造業,640台灣雲林縣斗六市科工七路8號,23.7180315,120.5035408
104,P48A0851,富喬工業股份有限公司雲林分公司,16834268,"39,891","47,982","87,873",雲林縣,玻璃及其製品製造業,640台灣雲林縣斗六市斗工十六路8號,23.7098924,120.5965904
104,P5500191,合眾紙業股份有限公司林內廠,4380087,"35,535","29,903","65,438",雲林縣,紙漿、紙及紙板製造業,643台灣雲林縣林內鄉瑞農65號,23.7670948,120.6046704
104,P5801513,南亞塑膠工業股份有限公司麥寮廠,75370905,"532,566","956,244","1,488,810",雲林縣,化學原材料製造業,638台灣雲林縣麥寮鄉中山高速公路,23.79864,120.21748
104,P5801602,台灣塑膠工業股份有限公司麥寮廠,75708007,"603,674","3,978,496","4,582,170",雲林縣,未分類其他化學製品製造業,638台灣雲林縣麥寮鄉台塑工業園區1號,23.8002145,120.2157963
104,P5801719,麥寮汽電股份有限公司,96975970,"12,161,743",122,"12,161,865",雲林縣,電力供應業,638台灣雲林縣麥寮鄉7號,23.8041865,120.1914995
104,P5801728,台塑石化股份有限公司麥寮二廠,86522210,"4,961,117","234,537","5,195,654",雲林縣,未分類其他化學製品製造業,638台灣雲林縣麥寮鄉工業路17號,23.7771766,120.1874829
104,P5801773,台灣化學纖維股份有限公司麥寮廠,58650902,"532,600","1,281,195","1,813,795",雲林縣,化學原材料製造業,"638台灣雲林縣麥寮鄉5號, 台 塑 工業 園區",23.8136467,120.2098154
104,P5802092,台灣化學纖維股份有限公司海豐廠,58650902,"1,340,464","2,290,203","3,630,667",雲林縣,化學原材料製造業,638台灣雲林縣麥寮鄉638,23.761906,120.1759649
104,P5802387,大連化學工業股份有限公司麥寮廠,12233428,"93,802","718,532","812,334",雲林縣,化學原材料製造業,638台灣雲林縣麥寮鄉25號,23.759851,120.1726932
104,P5802421,台塑石化股份有限公司麥寮一廠,86522210,"16,296,095",,"16,296,095",雲林縣,化學原材料製造業,638台灣雲林縣麥寮鄉中山高速公路,23.79864,120.21748
104,P5802430,台塑石化股份有限公司麥寮三廠,86522210,"7,968,057","67,489","8,035,546",雲林縣,未分類其他化學製品製造業,638台灣雲林縣麥寮鄉麥寮鄉台塑工業園區39號,23.762269,120.187877
104,P5805244,南亞塑膠工業股份有限公司海豐總廠,75370905,"385,627","1,217,152","1,602,779",雲林縣,化學原材料製造業,"638台灣雲林縣麥寮鄉42號, 台塑工業園區",23.7737178,120.1913452
104,Q6901613,福隆玻璃纖維股份有限公司,22663571,"30,509","23,265","53,774",嘉義縣,其他非金屬礦物製品製造業,621台灣嘉義縣民雄鄉中華路89號,23.526617,120.456131
104,Q6907286,嘉惠電力(股)有限公司,96976990,"873,437","9,473","882,910",嘉義縣,電力供應業,62148台灣嘉義縣民雄鄉松山村松子腳688號,23.5317971,120.4726806
104,Q7100245,台灣必成股份有限公司新港廠,22662355,"83,942","186,476","270,418",嘉義縣,玻璃及其製品製造業,616台灣嘉義縣新港鄉2-1號,23.5111242,120.3695728
104,Q7100254,台灣化學纖維股份有限公司新港廠,58650902,"2,656,443","1,263","2,657,706",嘉義縣,人造纖維製造業,616002台灣嘉義縣新港鄉1號,23.5221981,120.3825302
104,Q7100272,南亞塑膠工業股份有限公司新港廠,75370905,"32,625","731,681","764,306",嘉義縣,塑膠製品製造業,616台灣嘉義縣新港鄉三間厝38號,23.5216367,120.3824802
104,Q7600375,南亞塑膠工業股份有限公司嘉義廠,75370905,"337,506",132,"337,638",嘉義縣,塑膠製品製造業,612台灣嘉義縣太保市北港路二段201號,23.4970118,120.3783989
104,R0300606,得力實業股份有限公司,73686632,"48,407","31,697","80,104",臺南市,染整業,744台灣臺南市新市區復興路820號,23.1047554,120.2949128
104,R0301603,宏捷科技股份有限公司南科大利廠,16130423,"8,080","10,259","18,339",臺南市,半導體製造業,744台灣臺南市新市區大利一路6號,23.1079748,120.2797648
104,R0304131,聯華電子股份有限公司Fab12A廠,47217677,"108,252","434,918","543,170",臺南市,半導體製造業,744台灣臺南市新市區南科二路18號,23.0956627,120.2790714
104,R0305156,瀚宇彩晶南科TFT-LCD三廠,16450500,"88,612","200,594","289,206",臺南市,光電材料及元件製造業,741台灣臺南市新市區南科二路35號,23.09469,120.2800349
104,R03A0450,群創光電股份有限公司樹谷分公司,12800225,"36,898","407,067","443,965",臺南市,光電材料及元件製造業,74148台灣臺南市新市區紫楝路21號,23.1007961,120.2624638
104,R03A1894,群創光電股份有限公司B廠,12800225,"204,102","485,405","689,507",臺南市,光電材料及元件製造業,741台灣臺南市善化區南科八路12號B棟,23.1154249,120.2762664
104,R03A1903,群創光電股份有限公司A廠,12800225,"28,932","72,336","101,268",臺南市,光電材料及元件製造業,744台灣臺南市新市區奇業路1號,23.0875622,120.2815577
104,R03A1913,群創光電股份有限公司D廠,12800225,"70,702","676,665","747,367",臺南市,光電材料及元件製造業,744台灣臺南市新市區環西路一段3號,23.090312,120.277275
104,R0500240,宏遠興業股份有限公司,22817999,"75,934","69,653","145,587",臺南市,染整業,743台灣臺南市山上區256號,23.1133126,120.3422775
104,R0500400,東展興業股份有限公司,22956176,"34,208","5,470","39,678",臺南市,化學原材料製造業,743台灣臺南市山上區,23.1096519,120.3412179
104,R0503072,森霸電力公司豐德電廠,70783499,"1,435,439","6,814","1,442,253",臺南市,電力供應業,743台灣臺南市山上區66號,23.0842713,120.3559143
104,R1001719,台南紡織股份有限公司仁德廠,68919301,"50,516","50,689","101,205",臺南市,紡紗業,717台灣臺南市仁德區中正路二段1034巷6號,22.9642474,120.2559933
104,R1002065,奇美實業股份有限公司(仁德廠),68387705,"162,570","298,440","461,010",臺南市,塑膠製品製造業,717台灣臺南市仁德區中正路一段398號,22.9272249,120.2431587
104,R1002547,豐年豐和企業股份有限公司上崙一廠,16635562,"41,862","9,961","51,823",臺南市,動植物油脂製造業,717台灣臺南市仁德區崑崙路201號,22.9328505,120.2508391
104,R10A3047,奇美實業股份有限公司旭美廠,68387705,"137,815","26,605","164,420",臺南市,塑膠及合成橡膠原料製造業,717台灣臺南市仁德區中正路一段398號,22.9272249,120.2431587
104,R1412418,統一實業股份有限公司二廠,73252657,"45,806","93,270","139,076",臺南市,金屬加工處理業,710台灣臺南市永康區中正北路837號,23.0505581,120.2667841
104,R14A1883,易昇鋼鐵股份有限公司,28098406,"48,811","79,618","128,429",臺南市,鋼鐵製造業,710台灣臺南市永康區正南一街200號,23.0281573,120.2250601
104,R8400416,台灣紙業股份有限公司新營紙廠,11912102,"62,098","63,052","125,150",臺南市,紙漿、紙及紙板製造業,730台灣臺南市新營區南紙街94號,23.2983704,120.2929109
104,R8400827,榮剛材料科技股份有限公司新營廠,84252697,"71,403","82,548","153,951",臺南市,鋼鐵製造業,730台灣臺南市新營區新中路35號,23.3016583,120.2809331
104,R8500582,華新麗華股份有限公司鹽水廠,35412204,"111,983","167,768","279,751",臺南市,鋼鐵製造業,737台灣臺南市鹽水區3之10號,23.3340512,120.2905244
104,R8700484,千興不銹鋼股份有限公司一貫作業廠,70005915,"8,636","13,009","21,645",臺南市,金屬加工處理業,72152台灣臺南市麻豆區工業路222號,23.1872558,120.2309253
104,R9001677,台灣積體電路製造股份有限公司十四廠,22099131,"254,551","791,209","1,045,760",臺南市,半導體製造業,741台灣臺南市善化區南科北路1號,23.1145277,120.2743889
104,R9004230,台灣積體電路製造股份有限公司六廠,22099131,"146,439","200,557","346,996",臺南市,半導體製造業,744台灣臺南市新市區南科北路1號,23.1100289,120.2735232
104,R90A1469,群創光電股份有限公司C廠,12800225,119,"26,880","26,999",臺南市,光電材料及元件製造業,741台灣臺南市善化區南科八路12號B棟,23.1154249,120.2762664
104,R90A1716,群創光電股份有限公司觸控南科廠,12800225,184,"26,467","26,651",臺南市,光電材料及元件製造業,741台灣臺南市善化區南科八路12號B棟,23.1154249,120.2762664
104,R9701341,威致鋼鐵工業股份有限公司官田廠,69771636,"64,502","143,731","208,233",臺南市,鋼鐵製造業,720台灣臺南市官田區南廍123號,23.2262982,120.3104239
104,R9701850,官田鋼鐵股份有限公司官田廠,72065240,"29,951","22,254","52,205",臺南市,鋼鐵製造業,72046台灣臺南市官田區119-5號,23.2183221,120.3061311
104,R9702160,台灣汽電共生股份有限公司官田廠,86685142,"366,865","4,301","371,166",臺南市,未分類其他製造業,720台灣臺南市官田區工業西路28號,23.2107951,120.3201115
104,S1601990,燁聯鋼鐵股份有限公司,23218395,"232,728","321,237","553,965",高雄市,鋼鐵製造業,820台灣高雄市岡山區興隆街600號,22.8309261,120.3005934
104,S1602102,中鴻鋼鐵股份有限公司熱軋廠,7838854,"141,512","125,250","266,762",高雄市,鋼鐵製造業,820台灣高雄市岡山區興隆街576號,22.82647,120.29961
104,S1900283,和益化學工業股份有限公司,4312878,"63,738","24,016","87,754",高雄市,化學原材料製造業,832台灣高雄市林園區石化三路9號,22.4876543,120.4058487
104,S1900372,台灣氯乙烯工業股份有限公司林園廠,19084015,"121,123","90,793","211,916",高雄市,化學原材料製造業,832台灣高雄市林園區工業一路1號,22.499011,120.4069092
104,S1900569,中國合成橡膠股份有限公司碳煙廠                                                                      ,4382114,"194,457","33,362","227,819",高雄市,石油及煤製品製造業,832台灣高雄市林園區石化四路1號,22.4863542,120.4087585
104,S1900578,東聯化學股份有限公司高雄林園廠,14057995,"66,732","254,214","320,946",高雄市,化學原材料製造業,832台灣高雄市林園區工業三路3號,22.493906,120.4147949
104,S1900612,聯成化學科技股份有限公司林園廠,4748660,"64,118","16,445","80,563",高雄市,化學原材料製造業,832台灣高雄市林園區工業二路3號,22.5030674,120.4136687
104,S1900658,台灣苯乙烯工業股份有限公司高雄廠,20844865,"215,804","61,437","277,241",高雄市,化學原材料製造業,832台灣高雄市林園區工業一路7號,22.5073491,120.405701
104,S1900685,台灣塑膠工業股份有限公司林園廠,75708007,"787,471","81,262","868,733",高雄市,化學原材料製造業,832台灣高雄市林園區石化一路1號,22.5075475,120.4118101
104,S1900694,台灣石化合成股份有限公司林園廠,30974253,"22,852","88,061","110,913",高雄市,未分類其他化學製品製造業,832台灣高雄市林園區工業二路1號,22.4988619,120.4144485
104,S1900710,台灣中油股份有限公司石化事業部林園石化廠,3707901,"2,321,259","98,772","2,420,031",高雄市,化學原材料製造業,832台灣高雄市林園區石化二路3號,22.4986779,120.406679
104,S1901066,信昌化學工業股份有限公司林園廠,86120031,"217,265","167,231","384,496",高雄市,化學原材料製造業,832台灣高雄市林園區工業三路9號,22.4970261,120.4150045
104,S2001314,長春石油化學股份有限公司大發廠,11384806,"625,088","57,099","682,187",高雄市,化學原材料製造業,831台灣高雄市大寮區建業路11號,22.5710517,120.4276788
104,S2005081,長春人造樹脂廠股份有限公司大發廠,11384708,"307,635","197,839","505,474",高雄市,化學原材料製造業,831台灣高雄市大寮區華西路8號,22.5751524,120.4229687
104,S2005652,大連化學工業股份有限公司大發廠,12233428,"71,147","574,601","645,748",高雄市,化學原材料製造業,831台灣高雄市大寮區華西路8之1號,22.5748121,120.4256747
104,S2015916,長春人造樹脂廠股份有限公司大發二廠,11384708,"70,940","334,041","404,981",高雄市,化學原材料製造業,831台灣高雄市大寮區華西路8號,22.5751524,120.4229687
104,S2100223,中華紙漿股份有限公司久堂廠,94025264,"437,135","13,838","450,973",高雄市,紙漿、紙及紙板製造業,840台灣高雄市大樹區久堂路112號,22.6597566,120.4204955
104,S2201092,長春人造樹脂廠股份有限公司高雄廠,11384708,"31,847","76,468","108,315",高雄市,塑膠及合成橡膠原料製造業,814台灣高雄市仁武區工業一路14號,22.7003373,120.34104
104,S2201109,台灣塑膠工業股份有限公司仁武廠,75708007,"2,692,815","22,289","2,715,104",高雄市,化學原材料製造業,814台灣高雄市仁武區水管路100號,22.7057305,120.334949
104,S2201154,三芳化學工業股份有限公司,83387850,"20,551","26,960","47,511",高雄市,塑膠及合成橡膠原料製造業,814台灣高雄市仁武區鳳仁路402號,22.721594,120.3352089
104,S2201707,和桐化學股份有限公司,12526607,"24,764","4,031","28,795",高雄市,石油及煤製品製造業,814台灣高雄市仁武區竹工二巷1號,22.7094881,120.3326935
104,S2300401,中國人造纖維股份有限公司高雄總廠,7066907,"433,326","25,978","459,304",高雄市,,815台灣高雄市大社區經建路8號,22.7247531,120.3360897
104,S2300410,中國石油化學工業開發股份有限公司大社廠,3084741,"166,451","29,655","196,106",高雄市,化學原材料製造業,815台灣高雄市大社區經建路1號,22.7258043,120.3403145
104,S2300429,國喬石油化學股份有限公司,4212250,"654,081",,"654,081",高雄市,石油及煤製品製造業,815台灣高雄市大社區興工路4號,22.7210212,120.341794
104,S2300438,台橡股份有限公司高雄廠,3553737,"76,548","69,226","145,774",高雄市,塑膠及合成橡膠原料製造業,815台灣高雄市大社區興工路2號,22.7241632,120.3403621
104,S2300447,高雄塑酯化學股份有限公司,85803825,"96,782","22,866","119,648",高雄市,化學原材料製造業,815台灣高雄市大社區興工路1號,22.7240417,120.3410755
104,S2300465,大連化學工業股份有限公司高雄廠,12233428,"29,337","62,896","92,233",高雄市,化學原材料製造業,815台灣高雄市大社區興工路1之3號,22.7202288,120.3424248
104,S23A0124,李長榮化學工業股份有限公司大社廠,39054405,"15,982","51,894","67,876",高雄市,塑膠及合成橡膠原料製造業,815台灣高雄市大社區經建路2號,22.7276962,120.3425868
104,S2500536,燁輝企業股份有限公司高雄一廠,75947936,"43,594","76,539","120,133",高雄市,金屬加工處理業,825台灣高雄市橋頭區里芋寮路369號,22.7654048,120.2770969
104,S25A0144,欣建工業股份有限公司                                                                                ,28042430,"20,614","19,015","39,629",高雄市,鋼鐵製造業,825台灣高雄市橋頭區芋林路301號,22.7648371,120.2834713
104,S2800200,環球水泥股份有限公司阿蓮廠,7568009,153,"9,092","9,245",高雄市,水泥及其製品製造業,822005台灣高雄市阿蓮區崗山一街368號,22.8655178,120.3309761
104,S29A1607,群創光電股份有限公司F廠,12800225,"20,478","211,507","231,985",高雄市,光電材料及元件製造業,821台灣高雄市路竹區路科十路11號,22.8392912,120.2518516
104,S3200688,台灣電力股份有限公司興達發電廠,3795904,"19,669,273","9,424","19,678,697",高雄市,電力供應業,828台灣高雄市永安區興達路6號,22.8564943,120.2004541
104,U0100187,台灣水泥股份有限公司和平分公司和平廠,11913502,"2,084,594","123,314","2,207,908",花蓮縣,水泥及其製品製造業,972台灣花蓮縣秀林鄉和平村263號,24.3031223,121.7514351
104,U0100258,和平電力股份有限公司,16096852,"7,748,638","1,970","7,750,608",花蓮縣,電力供應業,972台灣花蓮縣秀林鄉和平208之83號,24.305422,121.7482533
104,U9100978,台灣水泥股份有限公司花蓮廠                                                                          ,11913502,"1,163,018","65,225","1,228,243",花蓮縣,水泥及其製品製造業,970台灣花蓮縣花蓮市花蓮市華東103號,24.0091191,121.6366762
104,U9400115,亞洲水泥股份有限公司花蓮製造廠,3244509,"3,339,020","174,945","3,513,965",花蓮縣,水泥及其製品製造業,971台灣花蓮縣新城鄉新興路125號,24.1334551,121.6393111
104,U9500478,中華紙漿股份有限公司花蓮廠,94025264,"111,568","95,544","207,112",花蓮縣,紙漿、紙及紙板製造業,973台灣花蓮縣吉安鄉光華街100號,23.9312034,121.5839363
104,V7500777,中華紙漿股份有限公司台東廠,94025264,"116,868","49,364","166,232",臺東縣,紙漿、紙及紙板製造業,950台灣臺東縣臺東市中興路四段371號,22.7742055,121.0953973
104,W0404930,台灣電力股份有限公司塔山發電廠夏興分廠,3795904,"30,896",,"30,896",金門縣,電力供應業,891,24.440549,118.397934
104,W0504775,台灣電力股份有限公司塔山發電廠,3795904,"161,014",76,"161,090",金門縣,電力供應業,893西海路一段2號,24.4143164,118.2821738
104,X0501232,台灣電力股份有限公司尖山發電廠,3795904,"250,748",247,"250,995",澎湖縣,電力供應業,880台灣澎湖縣馬公市新生路333號,23.5670483,119.5805389
